date,turnover,vol_share,extension,momentum,rsi,volatility,basket_corr,score,close,dollar_vol,raw_turnover_ratio,raw_vol_share,raw_extension,raw_momentum_60d,raw_rsi14,raw_realized_vol20,raw_basket_corr
2022-01-03,,,,,,,,,95.75,1792410987.75,,,,,,,
2022-01-04,,,,,100.0,,,,96.34,1900308426.8,,,,,100.0,,
2022-01-05,,,,,79.8127,,,,94.4,2701079377.6,,,,,79.8127,,
2022-01-06,,,,,82.2931,,,,95.65,2134933251.6,,,,,82.2931,,
2022-01-07,,,,,73.0179,,,,94.45,1403324782.55,,,,,73.0179,,
2022-01-10,,,,,69.1036,,,,93.89,1905027818.33,,,,,69.1036,,
2022-01-11,,,,,70.0604,,,,94.2,1405924261.2,,,,,70.0604,,
2022-01-12,,,,,72.7301,,,,95.11,1268689790.24,,,,,72.7301,,
2022-01-13,,,,,74.1228,,,,95.62,2264265344.6,,,,,74.1228,,
2022-01-14,,,,,78.2113,,,,97.36,1789962918.48,,,,,78.2113,,
2022-01-18,,,,,54.3488,,,,92.87,1849985352.07,,,,,54.3488,,
2022-01-19,,,,,44.9155,,,,90.0,1713938940.0,,,,,44.9155,,
2022-01-20,,,,,33.9989,,,,85.07,2101343163.94,,,,,33.9989,,
2022-01-21,,,,,29.1408,,,,81.93,2434658015.67,,,,,29.1408,,
2022-01-24,,,,,32.5142,,,,82.95,2469390725.55,,,,,32.5142,,
2022-01-25,,,,,29.2371,,,,80.72,1786202833.6,,,,,29.2371,,
2022-01-26,,,,,33.2956,,,,81.97,1722899724.14,,,,,33.2956,,
2022-01-27,,,,,28.6885,,,,78.72,1786468924.8,,,,,28.6885,,
2022-01-28,,,,,30.4426,,,,79.27,1936934388.42,,,,,30.4426,,
2022-01-31,,,,,39.2239,,,,82.27,1801564502.65,,0.0341,,,39.2239,,
2022-02-01,,,,,37.8185,,28.2918,,81.45,1241086392.9,,0.0329,,,37.8185,40.008,0.2829
2022-02-02,,,,,45.6452,,30.0044,,84.51,1678607425.26,,0.0322,,,45.6452,42.8452,0.3
2022-02-03,,,,,41.0288,,42.5026,,81.97,1606461585.05,,0.0312,,,41.0288,43.4278,0.425
2022-02-04,,,,,39.668,,22.0334,,81.17,1270920005.53,,0.0301,,,39.668,42.7702,0.2203
2022-02-07,,,,,39.1437,,20.692,,80.87,954248532.08,,0.0298,,,39.1437,42.7652,0.2069
2022-02-08,,,,,47.2741,,23.3026,,84.12,1540720217.04,,0.0299,,,47.2741,45.9326,0.233
2022-02-09,,,,,55.2061,,28.0101,,88.12,1972734861.68,,0.0302,,,55.2061,49.4483,0.2801
2022-02-10,,,,,59.9145,,27.3649,,91.02,3078359749.92,,0.031,,,59.9145,50.8787,0.2736
2022-02-11,,,,,57.1059,,27.9895,,89.76,2782558204.8,,0.0307,,,57.1059,50.9599,0.2799
2022-02-14,,,,,57.277,,27.9034,,89.86,2111628766.56,,0.0308,,,57.277,50.3771,0.279
2022-02-15,,,,,66.1967,,22.7304,,96.0,2600018784.0,,0.0317,,,66.1967,53.4502,0.2273
2022-02-16,,,,,66.2708,,23.7121,,96.06,1495999631.76,,0.0318,,,66.2708,52.0136,0.2371
2022-02-17,,,,,60.7051,,22.7449,,93.73,1681824103.05,,0.0317,,,60.7051,48.2731,0.2274
2022-02-18,,,,,54.506,,21.1569,,90.8,1773370580.4,,0.032,,,54.506,47.631,0.2116
2022-02-22,,,,,54.0395,,22.2872,,90.57,2248465188.69,,0.0334,,,54.0395,47.6247,0.2229
2022-02-23,,,,,47.7952,,22.4437,,87.31,1670712385.17,,0.0338,,,47.7952,48.5616,0.2244
2022-02-24,,,,,50.6581,,16.5633,,88.83,2173875741.45,,0.0339,,,50.6581,48.6253,0.1656
2022-02-25,,,,,52.9783,,23.3996,,90.1,1352280085.8,,0.0339,,,52.9783,45.7822,0.234
2022-02-28,,,,,50.4822,,27.3253,,88.86,1534593361.68,,0.0338,,,50.4822,46.3623,0.2733
2022-03-01,,,,,45.628,,28.1165,,86.26,1793762553.36,,0.0341,,,45.628,46.4222,0.2812
2022-03-02,,,,,57.5349,,29.9415,,93.3,2649598710.0,,0.0355,,,57.5349,53.3909,0.2994
2022-03-03,,,,,50.5571,,29.2746,,89.18,1970855883.36,,0.036,,,50.5571,55.1714,0.2927
2022-03-04,,,,,41.0878,,38.7829,,81.91,2311641740.48,,0.0368,,,41.0878,62.439,0.3878
2022-03-07,,,,,35.0489,,49.2017,,75.7,2022364182.7,,0.0374,,,35.0489,68.3963,0.492
2022-03-08,,,,,37.3792,,44.744,,77.16,2186960000.28,,0.0375,,,37.3792,68.8643,0.4474
2022-03-09,,,,,40.9426,,44.3182,,79.44,1560825283.44,,0.037,,,40.9426,68.1304,0.4432
2022-03-10,,,,,37.221,,39.8464,,75.72,1642514832.6,,0.0368,,,37.221,67.3038,0.3985
2022-03-11,,,,,34.582,,40.5746,,72.82,1659313585.38,,0.0363,,,34.582,66.4492,0.4057
2022-03-14,,,,,31.7253,,37.3343,,69.4,1727605013.6,,0.0362,,,31.7253,67.7333,0.3733
2022-03-15,,,,,37.7343,,34.2079,,73.11,1670633978.04,,0.0361,-0.1573,,37.7343,71.4424,0.3421
2022-03-16,,,,,46.6717,,40.8821,,79.67,2847626087.55,,0.0355,-0.0782,,46.6717,74.5356,0.4088
2022-03-17,,,,,47.7189,,42.9372,,80.52,1740217886.88,,0.0355,-0.065,,47.7189,74.7963,0.4294
2022-03-18,,,,,46.4365,,47.0772,,79.41,2271217956.78,,0.036,-0.0746,,46.4365,74.5942,0.4708
2022-03-21,,,,,45.1877,,46.046,,78.35,2419304071.05,,0.0372,-0.0833,,45.1877,74.1116,0.4605
2022-03-22,,,,,46.3171,,47.6862,,79.12,1326687483.04,,0.037,-0.071,,46.3171,74.3468,0.4769
2022-03-23,,,,,42.1066,,46.5798,,75.65,2122724096.95,,0.0382,-0.1079,,42.1066,74.8389,0.4658
2022-03-24,,,,,46.0063,,43.8396,,78.21,1826050912.29,,0.0403,-0.0742,,46.0063,75.743,0.4384
2022-03-25,,,,,45.8633,,43.1712,,78.1,1756550458.3,,0.0416,-0.0718,,45.8633,75.3829,0.4317
2022-03-28,,,,,48.6146,,44.2086,,79.86,2124697421.22,,0.0437,-0.0473,,48.6146,76.0449,0.4421
2022-03-29,,,,,51.8909,,44.8339,,82.05,3387905217.0,1.0666,0.0464,-0.0176,,51.8909,76.3017,0.4483
2022-03-30,,,,,47.5797,,43.8009,,79.16,5548089057.32,1.1076,0.0506,-0.049,-0.1733,47.5797,70.8069,0.438
2022-03-31,,,,,45.7796,,45.6456,,77.89,2694108702.26,1.1194,0.0509,-0.0616,-0.1915,45.7796,69.537,0.4565
2022-04-01,,,,,43.3989,,47.9653,,76.18,2554776669.9,1.1206,0.0517,-0.0802,-0.193,43.3989,63.469,0.4797
2022-04-04,,,,,46.0325,,45.438,,77.67,1888958167.02,1.1183,0.0534,-0.0612,-0.188,46.0325,57.3072,0.4544
2022-04-05,,,,,41.7374,,43.0598,,74.61,1579599720.81,1.1068,0.055,-0.0964,-0.2101,41.7374,58.7101,0.4306
2022-04-06,,,,,40.6301,,43.9624,,73.78,2071750958.48,1.119,0.0558,-0.105,-0.2142,40.6301,57.6391,0.4396
2022-04-07,,,,,39.9425,,52.1388,,73.28,1660424846.08,1.1223,0.0561,-0.1091,-0.2221,39.9425,55.2489,0.5214
2022-04-08,,,,,38.3492,,49.3214,,72.14,1483383439.1,1.1222,0.0562,-0.1216,-0.2415,38.3492,53.7523,0.4932
2022-04-11,,,,,38.1909,,50.4446,,72.03,1521844149.63,1.1209,0.056,-0.1214,-0.2467,38.1909,50.7358,0.5044
2022-04-12,,,,,38.0832,,56.1658,,71.96,1342666091.76,1.1178,0.0562,-0.12,-0.2609,38.0832,47.1385,0.5617
2022-04-13,,,,,39.1916,,47.1488,,72.38,1367402308.58,1.085,0.0565,-0.1129,-0.2206,39.1916,34.4649,0.4715
2022-04-14,,,,,35.5228,,49.7167,,70.13,1300458319.94,1.0789,0.0561,-0.1375,-0.2208,35.5228,35.2087,0.4972
2022-04-18,,,,,38.3407,,53.4424,,71.15,1243470051.0,1.058,0.0561,-0.1226,-0.1636,38.3407,35.8932,0.5344
2022-04-19,,,,,42.5307,,57.6116,,72.73,1101057288.1,1.0302,0.0546,-0.1012,-0.1123,42.5307,37.0353,0.5761
2022-04-20,,,,,43.755,,56.3584,,73.2,1393916343.6,1.0358,0.0551,-0.0937,-0.1175,43.755,36.8926,0.5636
2022-04-21,,,,,39.3728,,55.8933,,70.92,1251408009.24,1.0179,0.0537,-0.119,-0.1214,39.3728,35.2073,0.5589
2022-04-22,,,,,36.7478,,66.4089,,69.41,1296747605.12,1.0084,0.0511,-0.1338,-0.1532,36.7478,32.9734,0.6641
2022-04-25,,,,,38.8134,,63.3769,,70.12,1407456773.92,1.0027,0.0495,-0.1203,-0.1092,38.8134,33.4391,0.6338
2022-04-26,,,,,33.7337,,57.2083,,67.08,1249612793.52,0.984,0.0476,-0.1536,-0.1538,33.7337,34.4705,0.5721
2022-04-27,,,,,32.8059,,48.343,,66.47,1138208417.27,0.9294,0.0442,-0.1564,-0.1921,32.8059,31.7777,0.4834
2022-04-28,,,,,43.0627,,48.7563,,70.18,1477879564.7,0.8238,0.0386,-0.1034,-0.1384,43.0627,37.7949,0.4876
2022-04-29,,,,,39.5733,,42.8359,,68.19,1148557037.58,0.7865,0.0365,-0.1226,-0.1931,39.5733,38.5012,0.4284
2022-05-02,,,,,45.3489,,40.2299,,70.6,1083201962.4,0.751,0.0336,-0.0861,-0.1387,45.3489,40.6929,0.4023
2022-05-03,,,,,46.8472,,33.3592,,71.26,964794698.28,0.7305,0.0319,-0.0729,-0.1221,46.8472,40.085,0.3336
2022-05-04,,,,,51.9229,,32.3201,,73.62,1266406896.42,0.7247,0.0305,-0.0379,-0.0897,51.9229,39.7661,0.3232
2022-05-05,,,,,47.1371,,33.1728,,71.29,1183668291.43,0.7036,0.0287,-0.0645,-0.1525,47.1371,41.1739,0.3317
2022-05-06,,,,,45.3221,,33.0002,,70.35,1066489749.15,0.6908,0.0273,-0.0723,-0.2017,45.3221,41.3437,0.33
2022-05-09,,,,,40.9505,,33.9989,,67.93,1478895606.68,0.6922,0.0265,-0.099,-0.2537,40.9505,42.735,0.34
2022-05-10,,,,,43.3342,,33.1022,,68.91,1217134176.24,0.6864,0.0258,-0.0811,-0.2323,43.3342,43.1759,0.331
2022-05-11,,,,,39.8842,,32.7481,,66.96,1154206393.92,0.684,0.0251,-0.1025,-0.2548,39.8842,44.1807,0.3275
2022-05-12,,,,,41.8033,,31.4826,,67.71,1829721710.07,0.6967,0.0252,-0.0862,-0.2947,41.8033,44.371,0.3148
2022-05-13,,,,,51.2175,,38.7734,,71.92,1644952226.24,0.7069,0.0256,-0.0248,-0.2513,51.2175,48.419,0.3877
2022-05-16,,,,,48.3183,,33.0944,,70.47,943927891.56,0.7023,0.0252,-0.0415,-0.2482,48.3183,48.7377,0.3309
2022-05-17,,,,,55.774,,38.5254,,74.48,1316172277.28,0.7103,0.0254,0.0134,-0.1797,55.774,52.1007,0.3853
2022-05-18,,,,,49.2317,,35.3223,,71.05,1466120728.8,0.7137,0.0251,-0.0317,-0.2155,49.2317,54.7873,0.3532
2022-05-19,,,,,46.4114,,37.6207,,69.4,1218521799.4,0.7151,0.025,-0.0515,-0.2051,46.4114,54.2665,0.3762
2022-05-20,,,,,45.5597,,36.5501,,68.9,1399586576.7,0.7196,0.0252,-0.0566,-0.2244,45.5597,53.7877,0.3655
2022-05-23,,,,,47.005,,34.431,,69.59,859870672.01,0.708,0.0252,-0.0463,-0.2276,47.005,53.7822,0.3443
2022-05-24,,,,,41.8541,,39.8587,,66.62,1250093055.22,0.7101,0.0254,-0.0863,-0.2503,41.8541,53.7062,0.3986
2022-05-25,,,,,44.6055,,43.7355,,67.87,1102286850.5,0.7118,0.0258,-0.0679,-0.2132,44.6055,54.0051,0.4374
2022-05-26,,,,,50.153,,39.8282,,70.6,1052117135.4,0.7025,0.0256,-0.0279,-0.2433,50.153,52.2898,0.3983
2022-05-27,,,,,54.9896,,42.1922,,73.32,958931530.44,0.7002,0.0261,0.0115,-0.1778,54.9896,52.7197,0.4219
2022-05-31,,,,,55.8712,,47.2915,,73.84,1141048781.6,0.7042,0.0269,0.0203,-0.0985,55.8712,51.4541,0.4729
2022-06-01,,,,,55.2216,,51.7381,,73.55,999941890.65,0.7081,0.0271,0.0176,-0.0284,55.2216,51.4278,0.5174
2022-06-02,,,,,58.4838,,51.2779,,75.37,857194390.87,0.6997,0.0276,0.0439,-0.0232,58.4838,50.8551,0.5128
2022-06-03,,,,,47.3909,,50.6055,,69.94,2119640246.88,0.7253,0.0301,-0.0298,-0.1196,47.3909,56.4961,0.5061
2022-06-06,,,,,48.3812,,50.7863,,70.45,929848415.0,0.7244,0.0314,-0.0206,-0.0696,48.3812,56.3725,0.5079
2022-06-07,,,,,49.0095,,48.0084,,70.76,1013848996.96,0.7136,0.0323,-0.0143,-0.0283,49.0095,54.8348,0.4801
2022-06-08,,,,,44.9078,,45.0627,,68.6,1122500428.0,0.7131,0.0333,-0.0414,-0.0115,44.9078,55.8393,0.4506
2022-06-09,,,,,40.543,,45.4245,,66.02,995168380.82,0.7112,0.0341,-0.0733,-0.097,40.543,56.5903,0.4542
2022-06-10,,,,,35.6286,,48.974,,62.62,1668669267.9,0.7066,0.0337,-0.1169,-0.214,35.6286,59.3094,0.4897
2022-06-13,,,,,31.1131,,57.0494,,58.84,1428552529.8,0.7013,0.0324,-0.1657,-0.2692,31.1131,57.6409,0.5705
2022-06-14,,,,,30.9566,,57.6452,,58.7,1000013845.7,0.7055,0.0322,-0.1636,-0.2608,30.9566,57.5669,0.5765
2022-06-15,,,,,32.0606,,48.7471,,59.12,1166214244.64,0.703,0.0314,-0.1531,-0.2454,32.0606,52.7463,0.4875
2022-06-16,,,,,27.4373,,45.7492,,55.01,1249066741.76,0.6981,0.031,-0.2075,-0.3047,27.4373,55.6376,0.4575
2022-06-17,,,,,29.411,,34.7498,,55.75,1345795411.0,0.7031,0.0311,-0.1927,-0.2631,29.411,56.2323,0.3475
2022-06-21,,,,,32.228,,38.8179,,56.8,880560744.0,0.6905,0.0313,-0.1735,-0.2738,32.228,57.2021,0.3882
2022-06-22,,,,,31.6324,,38.7562,,56.34,761981541.66,0.6908,0.031,-0.1764,-0.2786,31.6324,56.7376,0.3876
2022-06-23,,,,,31.469,,39.9667,,56.22,751471713.72,0.679,0.0306,-0.1744,-0.296,31.469,55.4278,0.3997
2022-06-24,,,,,37.8628,,45.69,,58.44,914443172.64,0.6758,0.0303,-0.1384,-0.2878,37.8628,57.1663,0.4569
2022-06-27,,,,,38.8045,,44.7792,,58.78,949877099.82,0.6751,0.0304,-0.1299,-0.2575,38.8045,54.6987,0.4478
2022-06-28,,,,,37.1633,,42.4335,,57.86,1122742402.76,0.6819,0.0308,-0.1403,-0.2572,37.1633,51.8282,0.4243
2022-06-29,,,,,34.0606,,50.8143,,56.02,972023579.34,0.679,0.0312,-0.1639,-0.2646,34.0606,51.8081,0.5081
2022-06-30,,,,,32.8719,,44.9281,,55.28,1634763377.6,0.6984,0.0317,-0.1706,-0.2883,32.8719,51.6778,0.4493
2022-07-01,,,,,30.3588,,47.0272,,53.65,2343525458.3,0.7412,0.034,-0.1904,-0.2809,30.3588,49.846,0.4703
2022-07-05,,,,,39.7347,,53.1987,,56.73,1915551477.03,0.734,0.0337,-0.1402,-0.2311,39.7347,51.3038,0.532
2022-07-06,,,,,41.4972,,55.2116,,57.37,1351925426.88,0.7479,0.0341,-0.1273,-0.2171,41.4972,51.5038,0.5521
2022-07-07,,,,,45.469,,63.527,,58.85,1350345146.7,0.7592,0.0345,-0.1017,-0.1842,45.469,52.8262,0.6353
2022-07-08,,,,,46.2392,,66.3751,,59.14,1140399281.3,0.7615,0.0345,-0.0951,-0.179,46.2392,52.3983,0.6638
2022-07-11,,,,,43.224,,66.2786,,57.81,807214730.97,0.7588,0.0348,-0.1131,-0.1966,43.224,51.4622,0.6628
2022-07-12,,,,,47.0539,,63.1888,,59.18,1273736170.3,0.7479,0.0357,-0.089,-0.1824,47.0539,49.4582,0.6319
2022-07-13,,,,,46.2688,,56.7162,,58.86,823310077.14,0.7321,0.0365,-0.0913,-0.1607,46.2688,44.2382,0.5672
2022-07-14,,,,,47.7076,,56.8709,,59.35,878607785.3,0.7308,0.0366,-0.0806,-0.1658,47.7076,44.3235,0.5687
2022-07-15,,,,,53.6537,,63.8005,,61.53,1250153372.58,0.7347,0.0377,-0.0439,-0.154,53.6537,46.0504,0.638
2022-07-18,,,,,50.5849,,65.1052,,60.45,799937328.45,0.7235,0.0385,-0.0568,-0.1742,50.5849,37.7524,0.6511
2022-07-19,,,,,55.5306,,61.8684,,62.4,1192071816.0,0.7201,0.0389,-0.0237,-0.1201,55.5306,38.8589,0.6187
2022-07-20,,,,,57.6379,,61.4252,,63.3,960652700.4,0.7247,0.0391,-0.0074,-0.088,57.6379,38.6962,0.6143
2022-07-21,,,,,58.4392,,59.5759,,63.64,822526762.48,0.7291,0.0397,-0.0007,-0.0924,58.4392,38.3646,0.5958
2022-07-22,,,,,51.2269,,61.7974,,61.29,1360743112.35,0.749,0.0408,-0.0353,-0.0863,51.2269,41.328,0.618
2022-07-25,,,,,48.1241,,60.6791,,60.15,870937233.3,0.7501,0.042,-0.0512,-0.0951,48.1241,39.9969,0.6068
2022-07-26,,,,,46.8117,,61.0407,,59.66,658934199.84,0.744,0.0418,-0.0566,-0.1499,46.8117,40.1025,0.6104
2022-07-27,,,,,53.0828,,60.4167,,61.89,902963774.13,0.7393,0.0415,-0.0182,-0.0924,53.0828,41.5357,0.6042
2022-07-28,,,,,53.5588,,57.349,,62.07,628165779.6,0.7315,0.0405,-0.0127,-0.1208,53.5588,39.3463,0.5735
2022-07-29,,,,,52.8847,,56.27,,61.86,878392575.96,0.7096,0.0396,-0.0121,-0.1319,52.8847,38.8853,0.5627
2022-08-01,,,,,54.8656,,51.087,,62.54,834731824.18,0.6635,0.0369,0.0015,-0.1505,54.8656,36.5662,0.5109
2022-08-02,,,,,54.6111,,52.3062,,62.47,720643674.92,0.6275,0.0351,0.0026,-0.1237,54.6111,31.9102,0.5231
2022-08-03,,,,,59.7276,,51.65,,64.25,789640531.25,0.6115,0.034,0.0327,-0.0867,59.7276,32.9059,0.5165
2022-08-04,,,,,61.3108,,47.5673,,64.85,735297769.15,0.5937,0.0333,0.0439,-0.0453,61.3108,32.1057,0.4757
2022-08-05,,,,,52.4635,,43.2992,,62.46,939840991.56,0.5888,0.0332,0.0068,-0.0936,52.4635,35.4586,0.433
2022-08-08,,,,,49.2304,,42.7375,,61.45,704509932.15,0.5876,0.033,-0.0074,-0.0823,49.2304,34.9142,0.4274
2022-08-09,,,,,42.767,,48.5137,,59.15,1958292536.2,0.6088,0.0346,-0.041,-0.1264,42.767,36.932,0.4851
2022-08-10,,,,,49.7213,,41.551,,61.4,1069489453.0,0.618,0.0353,-0.0007,-0.1463,49.7213,39.1547,0.4155
2022-08-11,,,,,52.2748,,43.7415,,62.32,1140365075.12,0.6276,0.0363,0.0181,-0.1157,52.2748,39.3617,0.4374
2022-08-12,,,,,58.918,,34.2337,,65.04,1053256329.12,0.6224,0.0363,0.0655,-0.1267,58.918,40.1772,0.3423
2022-08-15,,,,,57.8343,,34.3309,,64.7,626883476.0,0.6191,0.036,0.0637,-0.0894,57.8343,39.5734,0.3433
2022-08-16,,,,,55.136,,34.4064,,63.86,592326149.96,0.6018,0.0352,0.052,-0.0798,55.136,38.4979,0.3441
2022-08-17,,,,,48.6216,,39.7429,,61.62,907561419.96,0.6016,0.0352,0.018,-0.1057,48.6216,40.2832,0.3974
2022-08-18,,,,,52.3061,,39.2946,,62.98,711921574.38,0.5999,0.0353,0.0432,-0.095,52.3061,41.0636,0.3929
2022-08-19,,,,,45.872,,37.318,,60.51,850185770.85,0.5846,0.0343,0.005,-0.0917,45.872,41.3568,0.3732
2022-08-22,,,,,41.0307,,35.1843,,58.31,763671725.74,0.5828,0.0334,-0.0291,-0.1409,41.0307,42.898,0.3518
2022-08-23,,,,,40.0985,,36.3127,,57.86,738820820.32,0.5873,0.0336,-0.0351,-0.1805,40.0985,42.8894,0.3631
2022-08-24,,,,,41.5292,,36.3297,,58.31,580843228.07,0.5787,0.0338,-0.0274,-0.2047,41.5292,40.6391,0.3633
2022-08-25,,,,,49.8182,,42.0103,,61.2,744903511.2,0.5844,0.0346,0.02,-0.1712,49.8182,44.5308,0.4201
2022-08-26,,,,,41.9137,,37.4758,,57.63,907903653.93,0.5868,0.0342,-0.039,-0.2165,41.9137,49.2814,0.3748
2022-08-29,,,,,40.7057,,40.5115,,57.01,661746482.51,0.5829,0.0341,-0.05,-0.2436,40.7057,49.0382,0.4051
2022-08-30,,,,,39.3086,,38.7853,,56.3,717471098.2,0.5846,0.0335,-0.062,-0.195,39.3086,49.0972,0.3879
2022-08-31,,,,,40.0267,,36.2508,,56.53,801154183.35,0.5866,0.0334,-0.0581,-0.1976,40.0267,47.656,0.3625
2022-09-01,,,,,42.511,,35.3233,,57.31,1008340221.9,0.597,0.0331,-0.0454,-0.1901,42.511,47.8738,0.3532
2022-09-02,,,,,40.2548,,36.9118,,56.33,721568711.1,0.5913,0.0318,-0.0618,-0.1789,40.2548,46.6357,0.3691
2022-09-06,,,,,37.828,,38.0882,,55.23,670121938.08,0.5921,0.0313,-0.0791,-0.1634,37.828,46.7596,0.3809
2022-09-07,,,,,37.3213,,36.8819,,55.0,936681515.0,0.5581,0.0289,-0.0818,-0.1217,37.3213,45.1242,0.3688
2022-09-08,,,,,38.8177,,33.8802,,55.39,1020020919.06,0.5574,0.0286,-0.0745,-0.0586,38.8177,42.6929,0.3388
2022-09-09,,,,,46.1016,,34.3741,,57.44,800128114.08,0.547,0.0277,-0.0407,-0.0215,46.1016,44.6631,0.3437
2022-09-12,,,,,47.7359,,34.2221,,57.94,620625179.1,0.5338,0.0269,-0.0332,-0.02,47.7359,41.451,0.3422
2022-09-13,,,,,37.2314,,22.1652,,53.62,1199038697.22,0.5542,0.0267,-0.1053,-0.0253,37.2314,48.6363,0.2217
2022-09-14,,,,,36.2182,,20.4036,,53.11,1061396658.14,0.5714,0.0271,-0.1127,-0.0474,36.2182,48.6171,0.204
2022-09-15,,,,,35.3646,,18.4011,,52.69,823059425.1,0.5698,0.0267,-0.1184,-0.0724,35.3646,47.5989,0.184
2022-09-16,,,,,35.9835,,16.026,,52.85,1316054369.35,0.5911,0.0268,-0.1139,-0.0619,35.9835,46.5004,0.1603
2022-09-19,,,,,34.3242,,16.8209,,52.1,1002999398.8,0.5975,0.0271,-0.1244,-0.0733,34.3242,45.0833,0.1682
2022-09-20,,,,,31.6039,,16.0185,,50.8,984189497.2,0.6062,0.0275,-0.1443,-0.1307,31.6039,44.246,0.1602
2022-09-21,,,,,30.2152,,15.829,,50.1,1558976028.6,0.6346,0.028,-0.1535,-0.1477,30.2152,44.3151,0.1583
2022-09-22,,,,,29.3425,,14.1146,,49.66,1058601177.14,0.6523,0.0281,-0.1583,-0.1417,29.3425,43.9627,0.1411
2022-09-23,,,,,31.4741,,12.2468,,50.1,1232044721.1,0.6698,0.0279,-0.1482,-0.1057,31.4741,39.2183,0.1225
2022-09-26,,,,,28.8731,,12.4877,,48.88,941759277.68,0.6723,0.0282,-0.1653,-0.1158,28.8731,35.0045,0.1249
2022-09-27,,,,,36.7203,,5.042,,50.58,874909269.72,0.6812,0.028,-0.1334,-0.0572,36.7203,38.0747,0.0504
2022-09-28,,,,,38.5249,,5.819,,51.0,906999504.0,0.6892,0.028,-0.1227,-0.101,38.5249,38.3154,0.0582
2022-09-29,,,,,35.9243,,5.0011,,50.01,1279361171.07,0.7064,0.0283,-0.1358,-0.1283,35.9243,38.4975,0.05
2022-09-30,,,,,36.345,,8.8314,,50.1,1949775517.5,0.7382,0.0286,-0.1302,-0.1487,36.345,37.9116,0.0883
2022-10-03,,,,,43.5315,,9.6199,,51.72,1273985452.32,0.758,0.0296,-0.0991,-0.1255,43.5315,40.0461,0.0962
2022-10-04,,,,,51.6583,,34.0006,,53.96,1309904523.08,0.7809,0.0301,-0.058,-0.0666,51.6583,42.8403,0.34
2022-10-05,,,,,54.1036,,38.8008,,54.73,1117491807.64,0.7881,0.0302,-0.0429,-0.0752,54.1036,43.1629,0.388
2022-10-06,,,,,53.6858,,38.19,,54.62,936699135.6,0.7866,0.0301,-0.0424,-0.072,53.6858,43.0791,0.3819
2022-10-07,,,,,47.5401,,37.1244,,52.91,1162840794.83,0.8002,0.0303,-0.0694,-0.1085,47.5401,42.0877,0.3712
2022-10-10,,,,,42.8172,,37.2932,,51.38,885141705.42,0.8111,0.0307,-0.093,-0.165,42.8172,42.7156,0.3729
2022-10-11,,,,,50.8286,,35.4563,,53.71,1762422161.99,0.83,0.0321,-0.0489,-0.1115,50.8286,37.2142,0.3546
2022-10-12,,,,,47.8538,,35.0931,,52.75,956458780.0,0.8276,0.0322,-0.0626,-0.1546,47.8538,37.625,0.3509
2022-10-13,,,,,54.1987,,56.5228,,54.86,1514410574.3,0.8518,0.0323,-0.0219,-0.1333,54.1987,40.0101,0.5652
2022-10-14,,,,,47.8408,,50.4562,,52.72,1075973234.88,0.8443,0.0318,-0.056,-0.1716,47.8408,42.6653,0.5046
2022-10-17,,,,,50.1368,,49.3894,,53.5,977002287.5,0.8447,0.0315,-0.0389,-0.1271,50.1368,42.6289,0.4939
2022-10-18,,,,,47.4,,49.0225,,52.55,1039164636.45,0.8478,0.0313,-0.0529,-0.1264,47.4,42.0971,0.4902
2022-10-19,,,,,48.9173,,48.0462,,53.03,784106989.06,0.822,0.0307,-0.0422,-0.1111,48.9173,41.7586,0.4805
2022-10-20,,,,,51.0402,,44.2741,,53.7,843725915.4,0.8159,0.0305,-0.0274,-0.1323,51.0402,41.656,0.4427
2022-10-21,,,,,57.6829,,45.0016,,56.05,1132165272.1,0.8131,0.0302,0.0175,-0.097,57.6829,43.8779,0.45
2022-10-24,,,,,58.177,,42.1873,,56.24,860112626.4,0.8117,0.0302,0.0242,-0.0909,58.177,42.4174,0.4219
2022-10-25,,,,,56.7865,,41.7632,,55.87,967277365.87,0.8163,0.0307,0.0208,-0.1067,56.7865,41.4106,0.4176
2022-10-26,,,,,55.1745,,32.1287,,55.45,1304601649.4,0.8308,0.0312,0.0162,-0.1124,55.1745,41.6236,0.3213
2022-10-27,,,,,44.6455,,36.4185,,52.21,1427203736.51,0.836,0.0319,-0.0398,-0.1874,44.6455,46.8665,0.3642
2022-10-28,,,,,50.4025,,31.2359,,54.04,1036005325.32,0.8042,0.0313,-0.0029,-0.1667,50.4025,48.2466,0.3124
2022-10-31,,,,,50.584,,26.5875,,54.1,861947276.2,0.7908,0.0305,0.0006,-0.1338,50.584,47.0973,0.2659
2022-11-01,,,,,52.9331,,26.9401,,54.86,643491726.02,0.7688,0.0299,0.0159,-0.1072,52.9331,44.9128,0.2694
2022-11-02,,,,,48.3417,,17.1556,,53.45,924996987.65,0.763,0.029,-0.0086,-0.0964,48.3417,45.5911,0.1716
2022-11-03,,,,,48.4442,,15.8804,,53.48,682899436.52,0.7556,0.0286,-0.0062,-0.129,48.4442,45.5941,0.1588
2022-11-04,,,,,56.7059,,20.5954,,56.16,1060450354.08,0.7527,0.0285,0.0455,-0.0988,56.7059,47.3405,0.206
2022-11-07,,,,,57.793,,22.6069,,56.56,645421261.52,0.7459,0.0282,0.0534,-0.1304,57.793,45.782,0.2261
2022-11-08,,,,,60.2897,,24.8081,,57.49,815787009.32,0.7128,0.0269,0.0705,-0.1114,60.2897,43.5993,0.2481
2022-11-09,,,,,54.6044,,25.978,,55.97,1116738682.47,0.7193,0.0271,0.0423,-0.1236,54.6044,44.2761,0.2598
2022-11-10,,,,,64.7356,,22.8026,,60.27,1505693286.09,0.7186,0.027,0.1209,-0.0219,64.7356,49.4735,0.228
2022-11-11,,,,,68.675,,33.3065,,62.52,1099066463.76,0.7201,0.0273,0.1604,-0.0073,68.675,47.7673,0.3331
2022-11-14,,,,,66.0612,,35.1833,,61.78,864190439.98,0.7172,0.0273,0.1444,0.021,66.0612,48.2427,0.3518
2022-11-15,,,,,68.3735,,34.9801,,63.1,1030104660.5,0.7177,0.0273,0.1654,0.0821,68.3735,47.5332,0.3498
2022-11-16,,,,,55.3573,,34.6633,,58.87,1524845971.53,0.7444,0.0284,0.0858,0.0175,55.3573,55.1056,0.3466
2022-11-17,,,,,55.0107,,35.0762,,58.74,834996090.06,0.7454,0.0285,0.082,0.0074,55.0107,55.0944,0.3508
2022-11-18,,,,,54.5579,,34.3656,,58.58,568444561.98,0.7266,0.0282,0.0786,-0.0428,54.5579,53.2307,0.3437
2022-11-21,,,,,50.5791,,35.0747,,57.16,569796030.4,0.7178,0.0283,0.0528,-0.0082,50.5791,54.065,0.3507
2022-11-22,,,,,54.2717,,34.7672,,58.62,524985771.9,0.7034,0.0279,0.0777,0.0282,54.2717,54.6631,0.3477
2022-11-23,,,,,55.0398,,39.6277,,58.93,530183899.06,0.6767,0.0272,0.0811,0.0467,55.0398,54.543,0.3963
2022-11-25,,,,,53.4188,,37.4031,,58.41,254694118.14,0.6355,0.0262,0.0693,0.0333,53.4188,49.4534,0.374
2022-11-28,,,,,45.9619,,48.377,,55.75,865180068.75,0.6301,0.0265,0.0195,-0.0272,45.9619,51.5114,0.4838
2022-11-29,,,,,44.3817,,50.6389,,55.12,709627833.2,0.6257,0.0269,0.0069,-0.0215,44.3817,51.7157,0.5064
2022-11-30,,,,,51.5811,,51.9495,,57.65,1813747346.35,0.6684,0.0276,0.0505,0.0438,51.5811,53.8686,0.5195
2022-12-01,,,,,46.0951,,51.0915,,55.49,1207695236.04,0.6792,0.0288,0.0091,0.0089,46.0951,54.8847,0.5109
2022-12-02,,,,,44.1968,,51.9025,,54.68,871953745.12,0.6873,0.029,-0.0074,-0.0128,44.1968,55.1997,0.519
2022-12-05,,,,,42.7005,,50.2671,,54.04,746122498.24,0.6768,0.0289,-0.0204,-0.0592,42.7005,52.3615,0.5027
2022-12-06,,,,,41.8424,,48.6335,,53.68,965594229.6,0.6896,0.0292,-0.0286,-0.0735,41.8424,52.275,0.4863
2022-12-07,,,,,42.3278,,47.4284,,53.82,611789431.5,0.6836,0.0291,-0.0273,0.0037,42.3278,51.8416,0.4743
2022-12-08,,,,,47.0216,,53.1361,,55.2,751224252.0,0.6711,0.0288,-0.0038,0.0394,47.0216,52.0089,0.5314
2022-12-09,,,,,46.0563,,59.1008,,54.87,544978003.29,0.6366,0.0283,-0.0115,0.0414,46.0563,43.8849,0.591
2022-12-12,,,,,47.737,,43.7726,,55.35,733418606.7,0.624,0.0281,-0.0047,0.0473,47.737,41.4464,0.4377
2022-12-13,,,,,47.3727,,43.7025,,55.24,784986362.8,0.622,0.0269,-0.008,0.0603,47.3727,41.4113,0.437
2022-12-14,,,,,45.1789,,42.7088,,54.59,613334535.69,0.6076,0.026,-0.0199,0.0746,45.1789,40.225,0.4271
2022-12-15,,,,,37.7862,,51.1663,,52.04,925730505.04,0.5856,0.0243,-0.0648,0.0387,37.7862,36.3497,0.5117
2022-12-16,,,,,37.9149,,53.5876,,52.07,1195079085.58,0.5995,0.0242,-0.0634,0.0485,37.9149,36.4033,0.5359
2022-12-19,,,,,36.9543,,52.1003,,51.72,851829486.12,0.6112,0.0249,-0.0693,0.0323,36.9543,36.383,0.521
2022-12-20,,,,,34.183,,50.0414,,50.68,858622384.48,0.623,0.025,-0.0877,0.0368,34.183,36.1309,0.5004
2022-12-21,,,,,36.6903,,51.3396,,51.19,1044315825.82,0.6434,0.0256,-0.0777,0.0121,36.6903,34.7644,0.5134
2022-12-22,,,,,32.14,,46.8208,,49.43,2024634066.03,0.6988,0.0274,-0.1084,-0.0308,32.14,35.8344,0.4682
2022-12-23,,,,,35.8863,,45.6859,,50.2,874770842.8,0.7233,0.0279,-0.093,0.0038,35.8863,36.8532,0.4569
2022-12-27,,,,,35.3944,,41.2003,,50.02,758259732.62,0.7205,0.028,-0.0953,-0.0016,35.3944,33.8509,0.412
2022-12-28,,,,,32.9615,,44.0052,,49.12,614920656.16,0.7184,0.0277,-0.1102,-0.0503,32.9615,34.094,0.4401
2022-12-29,,,,,40.4548,,32.0749,,50.65,668795819.65,0.676,0.0273,-0.0818,-0.0613,40.4548,31.5755,0.3207
2022-12-30,,,,,38.4291,,33.0077,,49.98,599251903.32,0.6551,0.0263,-0.093,-0.0868,38.4291,29.4231,0.3301
2023-01-03,,,,,40.3029,,32.9342,,50.37,625734572.31,0.6481,0.0262,-0.0848,-0.0778,40.3029,29.5445,0.3293
2023-01-04,,,,,54.8388,,48.1162,,54.2,1359189605.8,0.6746,0.0271,-0.0145,0.0244,54.8388,40.143,0.4812
2023-01-05,,,,,56.3625,,47.9539,,54.71,986469937.19,0.6778,0.0272,-0.0047,0.0648,56.3625,40.185,0.4795
2023-01-06,,,,,61.9473,,51.4523,,56.77,1196130502.28,0.701,0.0275,0.0324,0.057,61.9473,42.1739,0.5145
2023-01-09,,,,,60.2934,,49.1745,,56.36,885748067.64,0.7085,0.0275,0.0246,0.0684,60.2934,41.432,0.4917
2023-01-10,,,,,62.5271,,49.5249,,57.21,604786590.24,0.7126,0.0278,0.0382,0.0428,62.5271,41.6277,0.4952
2023-01-11,,,,,64.6677,,51.2506,,58.06,705022231.64,0.7127,0.0279,0.0521,0.1013,64.6677,41.8098,0.5125
2023-01-12,,,,,61.1703,,52.7405,,57.27,852640398.87,0.7186,0.0286,0.0366,0.0705,61.1703,42.1776,0.5274
2023-01-13,,,,,59.6745,,52.5853,,56.93,712799636.69,0.7249,0.0296,0.0296,0.0833,59.6745,41.9764,0.5259
2023-01-17,,,,,59.307,,51.5621,,56.85,623229949.8,0.7158,0.0301,0.0269,0.072,59.307,37.6645,0.5156
2023-01-18,,,,,57.6812,,45.1041,,56.51,567092938.17,0.6934,0.0294,0.0197,0.0523,57.6812,37.8255,0.451
2023-01-19,,,,,56.9396,,43.5199,,56.36,678249822.76,0.6896,0.029,0.0169,0.0055,56.9396,37.6978,0.4352
2023-01-20,,,,,63.9312,,45.1254,,58.46,808289414.82,0.6912,0.0285,0.0541,0.0395,63.9312,38.1785,0.4513
2023-01-23,,,,,71.8162,,48.079,,61.82,1247241806.14,0.7021,0.0287,0.1129,0.1065,71.8162,41.9246,0.4808
2023-01-24,,,,,69.1047,,48.3086,,61.26,623823628.38,0.648,0.027,0.1007,0.1048,69.1047,39.2056,0.4831
2023-01-25,,,,,69.7203,,45.6953,,61.54,663844164.92,0.6416,0.0261,0.1053,0.1787,69.7203,39.2221,0.457
2023-01-26,,,,,72.3867,,43.5725,,62.8,767382402.0,0.6441,0.0258,0.1278,0.1621,72.3867,39.0246,0.4357
2023-01-27,,10.0402,,,74.4447,,45.7714,43.7548,63.87,1015266087.27,0.6625,0.0264,0.1461,0.1806,74.4447,37.4583,0.4577
2023-01-30,,12.0,,,64.0646,27.7108,49.8255,38.4738,61.71,997787632.38,0.6777,0.0267,0.1079,0.1249,64.0646,40.4213,0.4983
2023-01-31,,25.498,,,58.3455,29.6,50.6676,40.849,60.3,1438534407.6,0.7117,0.0279,0.082,0.1282,58.3455,41.3068,0.5067
2023-02-01,,30.9524,,,63.9923,38.247,45.8004,44.2031,62.6,1308477532.2,0.7406,0.0284,0.1218,0.1705,63.9923,42.4784,0.458
2023-02-02,,21.3439,,,65.2495,7.5397,52.7504,35.4057,63.17,1002989444.91,0.7274,0.0275,0.1301,0.1248,65.2495,35.5075,0.5275
2023-02-03,,11.4173,,,62.1343,9.0909,53.7502,33.5627,62.41,760593915.32,0.7193,0.0267,0.1144,0.1034,62.1343,36.1819,0.5375
2023-02-06,,10.9804,,,53.3619,15.748,54.7308,34.0121,59.98,688826214.7,0.699,0.0266,0.0705,0.0433,53.3619,37.8425,0.5473
2023-02-07,,7.8125,,,58.892,22.3529,55.522,36.7034,62.13,789865710.69,0.6968,0.026,0.1076,0.1101,58.892,39.3274,0.5552
2023-02-08,,7.0039,,,52.9767,30.0781,48.482,35.5641,60.25,573005877.75,0.6987,0.0258,0.0734,-0.0003,52.9767,41.0776,0.4848
2023-02-09,,5.0388,,,52.7642,29.572,51.1265,35.7701,60.18,607498384.02,0.7004,0.0254,0.0705,-0.0374,52.7642,40.8405,0.5113
2023-02-10,,5.4054,,,51.6174,28.6822,50.5271,35.1673,59.82,683725072.74,0.6982,0.0254,0.0623,-0.0317,51.6174,40.5435,0.5053
2023-02-13,,4.2308,,,52.543,28.5714,49.435,34.7567,60.12,689350529.16,0.7006,0.0254,0.0667,-0.0472,52.543,40.4384,0.4943
2023-02-14,,2.682,,,58.148,36.5385,49.6216,38.014,62.07,775641740.94,0.7115,0.0251,0.0987,0.0544,58.148,41.6974,0.4962
2023-02-15,,8.7786,,,57.2886,36.0153,50.4115,39.1415,61.84,646967977.44,0.717,0.0258,0.0919,0.0528,57.2886,41.6297,0.5041
2023-02-16,,9.8859,,,50.974,46.1832,46.5121,39.9806,60.05,761638710.45,0.7228,0.026,0.058,0.0251,50.974,43.2866,0.4651
2023-02-17,,8.3333,,,47.6853,38.403,48.5634,37.2937,59.01,641725370.58,0.7184,0.0258,0.0378,0.0324,47.6853,41.9857,0.4856
2023-02-21,,1.1321,,,43.5801,12.5,49.4744,27.5347,57.6,729647942.4,0.6998,0.025,0.0116,-0.0174,43.5801,37.3308,0.4947
2023-02-22,,0.7519,,,41.873,12.8302,49.0775,27.0973,56.98,698594002.26,0.7054,0.0247,0.0001,-0.0331,41.873,37.3698,0.4908
2023-02-23,,1.8727,,,48.1207,21.8045,50.6376,31.7313,58.75,945554812.5,0.7207,0.025,0.0298,0.0058,48.1207,39.2221,0.5064
2023-02-24,,0.0,,,46.3914,17.9775,52.3787,30.3852,58.18,574083644.78,0.7143,0.0242,0.0188,0.0436,46.3914,38.3673,0.5238
2023-02-27,,0.0,,,45.5259,13.4328,53.3156,29.1297,57.9,492960252.6,0.6939,0.0233,0.0129,0.0504,45.5259,37.5785,0.5332
2023-02-28,,0.0,,,45.2661,8.1784,51.9176,27.082,57.82,606720582.3,0.6796,0.0224,0.0104,0.0029,45.2661,35.9327,0.5192
2023-03-01,,0.0,,,43.6561,6.6667,52.8583,26.5887,57.34,524167531.96,0.6441,0.021,0.0001,0.0333,43.6561,35.2254,0.5286
2023-03-02,,0.0,,,40.7005,2.214,55.2401,25.3763,56.43,938371874.22,0.63,0.0207,-0.0172,0.032,40.7005,32.1609,0.5524
2023-03-03,,0.0,,,42.318,1.8382,52.8514,24.8705,56.78,781816765.84,0.6235,0.0205,-0.0129,0.0507,42.318,32.0074,0.5285
2023-03-06,,0.7299,,,42.5591,1.8315,45.5597,22.8751,56.83,822456489.92,0.629,0.0209,-0.0141,0.0587,42.5591,31.9749,0.4556
2023-03-07,,0.0,,,38.1932,0.7299,46.3097,21.7505,55.56,737744292.6,0.6345,0.0204,-0.0376,0.0323,38.1932,30.0045,0.4631
2023-03-08,,0.3623,,,44.6024,0.0,36.8745,20.0553,56.89,655126352.52,0.6305,0.0205,-0.0171,0.0306,44.6024,28.2376,0.3687
2023-03-09,,0.0,,,40.2434,0.0,34.2995,18.3385,55.6,567117720.4,0.6327,0.0201,-0.0412,0.0133,40.2434,27.3974,0.343
2023-03-10,,0.0,,,38.1576,0.361,41.0172,20.045,54.93,778945796.07,0.6426,0.0192,-0.0543,-0.0076,38.1576,27.522,0.4102
2023-03-13,,0.0,32.9317,,35.1421,0.7194,39.925,23.1389,53.9,935986274.3,0.656,0.0187,-0.0736,-0.0243,35.1421,27.9901,0.3992
2023-03-14,,0.0,36.0,,37.0661,1.0753,37.7218,23.8945,54.27,795437560.8,0.663,0.0181,-0.0684,-0.0059,37.0661,28.0866,0.3772
2023-03-15,,0.0,34.2629,,36.6234,0.0,35.5035,22.6292,54.13,792660070.81,0.6689,0.0174,-0.0721,0.0402,36.6234,24.492,0.355
2023-03-16,,0.0,53.5714,,48.2291,3.2028,33.3914,30.0376,56.57,836909760.81,0.6799,0.017,-0.0324,0.0864,48.2291,30.4547,0.3339
2023-03-17,,0.3534,54.1502,,48.603,2.1277,35.8909,30.6121,56.66,1510286408.34,0.7168,0.0174,-0.0316,0.0955,48.603,29.045,0.3589
2023-03-20,,0.3521,61.0236,,52.6157,2.4735,39.0309,33.8959,57.64,611572273.84,0.7202,0.0174,-0.0159,0.1373,52.6157,29.3405,0.3903
2023-03-21,,1.4035,69.4118,,56.3252,2.1127,37.7644,36.624,58.63,856801582.78,0.7275,0.0175,0.0004,0.1453,56.3252,28.6938,0.3776
2023-03-22,,1.7483,64.0625,,54.2019,2.1053,30.8362,33.3553,58.17,985941769.89,0.7442,0.0176,-0.0081,0.1768,54.2019,28.5531,0.3084
2023-03-23,,2.0906,84.8249,,64.2137,7.3427,35.2524,42.8352,61.34,1466216215.34,0.7698,0.018,0.0445,0.2219,64.2137,32.4822,0.3525
2023-03-24,,2.7778,82.9457,,63.3666,7.3171,30.5914,41.2712,61.16,1146172894.24,0.7988,0.0186,0.0404,0.2227,63.3666,32.2401,0.3059
2023-03-27,88.3534,3.4602,74.1313,,57.1836,8.6806,28.4477,46.721,59.79,950720790.0,0.8241,0.0192,0.0162,0.2172,57.1836,33.3784,0.2845
2023-03-28,91.6,4.4828,70.3846,97.1888,55.0309,9.3426,23.5917,53.2868,59.28,1215018352.08,0.8602,0.0202,0.0067,0.1704,55.0309,33.5606,0.2359
2023-03-29,92.4303,7.5601,91.5709,100.0,66.4068,36.8966,23.4708,63.6305,63.54,3300257370.06,1.0022,0.0235,0.0766,0.2713,66.4068,41.1105,0.2347
2023-03-30,94.0476,8.5616,88.9313,99.6016,64.5492,35.0515,24.6508,63.1001,63.09,1453489249.14,1.0322,0.0242,0.0666,0.2525,64.5492,40.6227,0.2465
2023-03-31,96.0474,15.3584,76.0456,93.6508,54.5136,55.4795,21.9543,62.2661,60.34,2137031368.64,1.0999,0.0255,0.0187,0.1133,54.5136,44.3461,0.2195
2023-04-03,100.0,21.0884,69.3182,90.9091,52.1938,56.6553,25.6236,62.1701,59.61,1407441159.03,1.1306,0.0262,0.006,0.0896,52.1938,44.6713,0.2562
2023-04-04,100.0,30.1695,51.3208,73.2283,45.5086,60.2041,24.2678,56.487,57.27,1220035409.4,1.1558,0.0273,-0.032,0.0088,45.5086,46.3628,0.2427
2023-04-05,100.0,36.1486,50.3759,73.7255,44.8477,58.3051,25.6037,56.82,57.02,1109393436.32,1.1824,0.0279,-0.0348,0.0117,44.8477,45.6496,0.256
2023-04-06,100.0,47.4747,62.9213,75.3906,49.6942,58.4459,23.0743,60.8378,58.56,1258835391.36,1.2183,0.0293,-0.0078,0.0236,49.6942,45.722,0.2307
2023-04-10,100.0,70.1342,91.0448,91.0506,60.9863,79.1246,26.5182,75.825,63.27,2738334141.45,1.3083,0.0335,0.0719,0.0897,60.9863,52.4412,0.2652
2023-04-11,100.0,81.2709,91.8216,93.0233,61.5779,74.8322,27.0355,76.8828,63.57,1467843378.3,1.3346,0.0358,0.0771,0.11,61.5779,51.5505,0.2704
2023-04-12,100.0,87.0,84.4444,89.9614,56.6161,80.2676,28.8994,76.1198,61.96,1034367055.6,1.3479,0.0372,0.0497,0.0884,56.6161,52.94,0.289
2023-04-13,100.0,90.3654,88.1919,92.6923,58.9189,80.0,28.6837,77.7732,63.0,1467052398.0,1.3804,0.0399,0.0664,0.1082,58.9189,52.9363,0.2868
2023-04-14,100.0,91.7219,86.7647,92.7203,57.7446,72.4252,29.9887,76.5697,62.63,936507329.45,1.3873,0.0415,0.0601,0.1083,57.7446,51.3133,0.2999
2023-04-17,99.2395,92.7393,86.4469,92.7481,57.4446,72.5166,31.8221,76.7567,62.54,722133932.62,1.3514,0.042,0.0588,0.1097,57.4446,51.3519,0.3182
2023-04-18,99.2424,92.7632,83.2117,85.1711,55.3464,72.6073,33.2226,74.9898,61.93,754008154.24,1.3602,0.0429,0.0486,0.0594,55.3464,51.393,0.3322
2023-04-19,98.8679,92.7869,77.4545,64.7727,51.1264,75.9868,33.3362,70.8268,60.65,706732312.75,1.3565,0.0436,0.0267,-0.0189,51.1264,51.8381,0.3334
2023-04-20,98.4962,93.4641,80.7971,68.6792,53.5405,76.3934,34.4407,72.5613,61.46,883930319.3,1.3534,0.0443,0.0407,0.0033,53.5405,51.8637,0.3444
2023-04-21,97.0037,92.8339,79.0614,66.9173,52.4048,64.7059,29.9081,69.1164,61.13,587225477.75,1.3137,0.0441,0.0348,-0.0067,52.4048,48.376,0.2991
2023-04-24,96.2687,93.5065,68.3453,56.9288,47.1206,67.7524,30.0207,65.3774,59.51,797591403.95,1.2995,0.0447,0.0076,-0.0524,47.1206,49.2939,0.3002
2023-04-25,96.2825,92.233,56.6308,48.8806,43.1574,67.8571,32.8924,61.7521,58.14,929502377.82,1.3001,0.0439,-0.0151,-0.0897,43.1574,49.3308,0.3289
2023-04-26,97.037,91.9355,78.9286,65.7993,52.2497,77.9935,39.1375,72.1993,61.02,1548993615.3,1.3146,0.0439,0.0334,-0.0112,52.2497,52.2826,0.3914
2023-04-27,94.8339,86.8167,83.274,74.8148,54.6374,57.4194,42.5211,71.2386,61.9,837171935.3,1.1953,0.0393,0.0484,0.0265,54.6374,46.0751,0.4252
2023-04-28,94.1176,85.2564,94.3262,74.9077,60.5725,63.0225,46.874,75.2864,64.36,1164575986.12,1.1808,0.0383,0.0891,0.0281,60.5725,48.1618,0.4687
2023-05-01,90.1099,83.7061,85.8657,64.3382,54.3189,58.9744,48.3502,70.2416,62.35,799537306.55,1.1154,0.0373,0.0543,-0.013,54.3189,46.7457,0.4835
2023-05-02,88.3212,76.1146,82.3944,65.5678,52.9996,58.4665,48.3217,68.4919,61.9,757509297.0,1.0839,0.0354,0.0457,-0.0082,52.9996,46.5851,0.4832
2023-05-03,87.2727,69.5238,76.1404,72.6277,50.1159,52.2293,49.8003,66.4816,60.91,658929252.8,1.0585,0.0339,0.0278,0.0155,50.1159,44.4543,0.498
2023-05-04,86.5942,63.2911,73.4266,60.3636,48.9568,52.381,50.7564,63.4244,60.51,808288102.26,1.045,0.0328,0.0198,-0.0261,48.9568,44.5105,0.5076
2023-05-05,85.1986,57.7287,77.0035,72.8261,51.147,48.4177,51.0136,64.9067,61.23,753904233.03,1.021,0.0315,0.0311,0.0163,51.147,43.7694,0.5101
2023-05-08,82.7338,39.6226,74.3056,71.1191,49.9919,8.8328,47.5126,55.3523,60.87,700640604.54,0.9217,0.0286,0.0241,0.0115,49.9919,33.6141,0.4751
2023-05-09,82.4373,31.0345,74.0484,73.3813,50.1938,8.4906,47.5927,54.7178,60.93,724775693.67,0.886,0.0276,0.0241,0.0186,50.1938,33.5419,0.4759
2023-05-10,82.1429,26.5625,65.8621,66.6667,46.9931,7.21,44.0023,50.5312,59.99,872776213.05,0.8789,0.0271,0.0075,-0.0022,46.9931,32.7848,0.44
2023-05-11,81.4947,21.1838,78.0069,65.3571,52.6026,9.6875,42.4721,52.8317,61.61,957208570.58,0.8562,0.0266,0.0333,-0.0074,52.6026,33.703,0.4247
2023-05-12,80.8511,20.1863,72.9452,62.6335,50.1674,10.2804,42.4673,51.0592,60.92,739042816.72,0.8493,0.0264,0.0201,-0.0149,50.1674,33.8575,0.4247
2023-05-15,82.3322,32.8173,92.8328,88.2979,60.7242,30.7453,42.3147,64.4742,64.64,1436766143.36,0.8838,0.0278,0.0796,0.0764,60.7242,40.1231,0.4231
2023-05-16,82.7465,38.5802,87.0748,88.3392,57.5144,32.5077,39.7432,63.5249,63.73,972927480.81,0.8962,0.0283,0.062,0.08,57.5144,40.3184,0.3974
2023-05-17,82.807,37.2308,92.2034,95.0704,60.4579,28.7037,39.1032,65.0622,64.92,1035324294.48,0.9145,0.0282,0.0784,0.1271,60.4579,39.848,0.391
2023-05-18,83.5664,46.6258,97.2973,98.2456,66.0919,41.2308,47.7774,71.3543,67.57,2073589443.83,0.9717,0.0296,0.1185,0.1859,66.0919,41.8084,0.4778
2023-05-19,83.9721,47.7064,97.9798,95.8042,67.2303,40.4908,44.2901,70.7732,68.17,1146080652.49,1.001,0.0299,0.1237,0.1603,67.2303,41.6562,0.4429
2023-05-22,88.5417,64.3293,93.6242,95.122,60.1932,41.896,42.2025,71.3414,66.23,2483031976.58,1.0795,0.0325,0.0877,0.1384,60.1932,41.8688,0.422
2023-05-23,89.2734,64.7416,91.9732,95.1389,59.4335,34.1463,43.0508,70.0536,66.01,1049310208.31,1.0864,0.0329,0.0798,0.1401,59.4335,40.6393,0.4305
2023-05-24,87.2414,61.2121,93.0,95.5017,60.6962,18.845,42.4233,67.3925,66.53,1051616091.85,1.0615,0.0319,0.0839,0.1506,60.6962,37.5101,0.4242
2023-05-25,90.7216,69.1843,98.3389,98.2759,67.2074,30.6061,34.2757,71.3888,69.61,2020187728.76,1.1169,0.0337,0.1284,0.214,67.2074,40.1202,0.3428
2023-05-26,94.1781,78.3133,100.0,100.0,73.7708,48.6405,42.1343,77.9513,73.93,2470000117.12,1.1754,0.0356,0.1918,0.3101,73.7708,43.046,0.4213
2023-05-30,95.5631,82.2823,99.0099,99.3151,66.3547,48.494,37.4626,76.7909,71.69,1753156224.27,1.2201,0.0368,0.1501,0.2626,66.3547,42.9327,0.3746
2023-05-31,95.5782,86.5269,93.0921,97.2696,56.7778,62.7628,41.4865,77.5135,68.2,2073526133.8,1.2802,0.0386,0.0904,0.2001,56.7778,47.2601,0.4149
2023-06-01,96.2712,87.7612,94.0984,98.6395,58.4257,61.0778,40.2253,77.8704,69.09,1254192566.34,1.3077,0.0394,0.1009,0.2435,58.4257,46.6726,0.4023
2023-06-02,97.2973,87.7976,93.1373,97.2881,58.5785,60.0,38.1367,77.1734,69.17,931598091.63,1.3201,0.0396,0.0984,0.2159,58.5785,46.4694,0.3814
2023-06-05,97.3064,88.724,87.6221,97.6351,54.7821,63.3929,40.38,76.6822,67.77,843132737.07,1.325,0.0402,0.0739,0.2189,54.7821,47.3989,0.4038
2023-06-06,97.3154,88.4615,85.3896,98.3165,54.1611,62.908,39.5167,76.0487,67.54,842666862.4,1.333,0.04,0.0681,0.2296,54.1611,47.3305,0.3952
2023-06-07,97.6589,87.0206,82.2006,98.6577,52.8155,63.6095,40.0461,75.4196,67.06,979800717.42,1.3464,0.0394,0.0581,0.2442,52.8155,47.5137,0.4005
2023-06-08,99.6667,89.7059,71.9355,95.6522,48.1458,66.6667,39.4065,73.3811,65.32,1688963040.64,1.3833,0.0414,0.0287,0.2036,48.1458,48.2705,0.3941
2023-06-09,100.0,89.4428,72.6688,95.6667,48.4561,63.8235,37.6962,72.9016,65.43,958713729.3,1.3873,0.0409,0.0298,0.2088,48.4561,47.5426,0.377
2023-06-12,100.0,89.4737,83.0128,94.6844,53.9099,65.9824,34.0081,75.1422,67.45,994380006.2,1.4025,0.0411,0.0602,0.1923,53.9099,48.1802,0.3401
2023-06-13,98.3498,85.1312,84.0256,94.702,54.9766,49.4152,31.1647,71.8606,67.87,808459227.73,1.3722,0.039,0.0642,0.1978,54.9766,43.7433,0.3116
2023-06-14,98.0263,82.8488,90.1274,94.7195,58.0857,49.2711,38.1076,74.1376,69.12,766251740.16,1.364,0.0377,0.0806,0.1992,58.0857,43.6239,0.3811
2023-06-15,97.0492,79.4203,86.9841,92.4342,57.0672,48.5465,39.5797,72.687,68.82,815010691.26,1.3553,0.0367,0.072,0.1738,57.0672,43.374,0.3958
2023-06-16,97.0588,78.3237,78.7975,91.4754,53.1837,37.971,39.9986,68.8858,67.66,2182690828.38,1.3562,0.0364,0.0505,0.1631,53.1837,41.592,0.4
2023-06-20,95.114,78.9625,73.5016,83.9869,50.7471,39.0173,38.7357,66.1994,66.9,887474259.6,1.3433,0.0366,0.036,0.0906,50.7471,41.6427,0.3874
2023-06-21,91.2338,66.092,65.0943,81.1075,47.3648,33.4294,44.2306,61.8647,65.8,686107983.4,1.2538,0.0337,0.0182,0.0759,47.3648,40.7687,0.4423
2023-06-22,90.9385,63.0372,68.9655,85.7143,48.8663,33.6207,43.5538,63.0575,66.25,572854077.5,1.2308,0.0333,0.0243,0.108,48.8663,40.8286,0.4355
2023-06-23,90.3226,61.4286,60.3125,84.1424,45.8313,34.0974,43.8355,60.6482,65.28,826679351.04,1.22,0.0329,0.0083,0.1012,45.8313,41.0531,0.4384
2023-06-26,88.4244,55.5556,60.7477,69.3548,46.4589,16.8571,45.9524,55.4393,65.45,904249280.55,1.1643,0.0316,0.0101,0.0301,46.4589,37.3072,0.4595
2023-06-27,83.6538,47.4432,70.8075,77.8135,51.2533,3.7037,42.2922,55.1506,66.79,1222602771.83,1.1013,0.0302,0.0295,0.0586,51.2533,30.3686,0.4229
2023-06-28,83.3866,47.0255,72.1362,87.5,52.2161,2.2727,31.1235,54.9938,67.07,1817603103.37,1.1008,0.0302,0.0324,0.1115,52.2161,28.9482,0.3112
2023-06-29,87.8981,61.0169,51.2346,80.8307,43.2196,0.2833,31.4675,50.7425,64.33,3289958298.34,1.1539,0.0326,-0.0105,0.0792,43.2196,27.2984,0.3147
2023-06-30,89.5238,63.0986,43.0769,84.3949,39.9214,0.2825,25.3004,48.8426,63.11,1991096202.65,1.1921,0.0332,-0.03,0.102,39.9214,27.1994,0.253
2023-07-03,89.2405,71.0674,47.2393,87.9365,42.957,1.4085,29.03,51.9926,63.9,825668386.2,1.192,0.0343,-0.0186,0.1207,42.957,27.8004,0.2903
2023-07-05,89.9054,72.549,35.474,77.5316,38.1252,2.809,31.524,48.4277,62.06,1027278497.34,1.2028,0.0346,-0.0472,0.0598,38.1252,28.6514,0.3152
2023-07-06,89.9371,71.2291,31.0976,50.7886,36.1499,3.3613,31.9055,43.3563,61.23,956578594.53,1.2104,0.0344,-0.0604,-0.0322,36.1499,28.827,0.3191
2023-07-07,89.6552,70.4735,27.0517,49.3711,34.7933,3.6313,31.8862,42.1186,60.65,911453355.25,1.2081,0.0342,-0.07,-0.0459,34.7933,28.8638,0.3189
2023-07-10,87.1875,62.7778,37.5758,62.6959,42.1676,5.571,30.8269,45.9519,62.48,1059232249.68,1.1753,0.0333,-0.0424,0.0084,42.1676,30.2075,0.3083
2023-07-11,86.9159,64.8199,45.9215,63.4375,46.1793,6.3889,36.4579,49.2642,63.6,856339783.2,1.1722,0.0335,-0.0257,0.0095,46.1793,31.0121,0.3646
2023-07-12,86.646,61.326,46.6867,65.7321,46.8529,3.3241,42.4751,49.8818,63.79,890099378.52,1.1666,0.033,-0.0227,0.0185,46.8529,28.723,0.4248
2023-07-13,86.0681,63.3609,51.952,68.9441,49.5034,4.4199,37.1123,51.1585,64.53,734652238.86,1.1636,0.0334,-0.012,0.0318,49.5034,29.0051,0.3711
2023-07-14,86.7284,70.3297,47.9042,70.8978,47.9377,1.6529,37.4969,50.924,64.08,888164691.84,1.1714,0.0342,-0.0195,0.0347,47.9377,27.973,0.375
2023-07-17,86.4615,74.7945,55.8209,79.6296,51.8719,4.3956,37.5072,55.0299,65.16,738499917.24,1.1679,0.0353,-0.0043,0.0744,51.8719,28.9005,0.3751
2023-07-18,79.7546,66.3934,52.6786,76.3077,51.026,2.7397,35.7021,51.4533,64.94,675525881.52,1.0945,0.0337,-0.009,0.0566,51.026,28.4089,0.357
2023-07-19,78.5933,64.0327,52.5223,78.2209,51.1041,2.459,35.4832,51.2316,64.96,614777607.36,1.0823,0.0335,-0.0098,0.0627,51.1041,28.206,0.3548
2023-07-20,79.5732,67.1196,49.4083,82.263,49.9467,1.3624,33.858,51.1468,64.69,824478578.3,1.0893,0.0338,-0.0151,0.087,49.9467,27.6631,0.3386
2023-07-21,84.8024,74.7967,56.9322,89.6341,53.9411,2.7174,32.7935,55.7523,65.65,1611061307.05,1.1404,0.0353,-0.0019,0.1292,53.9411,28.0934,0.3279
2023-07-24,84.5455,77.027,55.2941,79.0274,53.1324,1.355,31.6097,53.5554,65.48,672811518.12,1.1336,0.036,-0.0061,0.0731,53.1324,27.6,0.3161
2023-07-25,81.571,76.5499,56.0117,77.2727,54.006,1.6216,32.6664,53.2277,65.68,565564306.08,1.1169,0.0358,-0.0043,0.0611,54.006,27.6058,0.3267
2023-07-26,80.1205,75.0,67.2515,72.8097,60.7096,3.504,30.6479,55.0836,67.38,1005348006.6,1.1055,0.0354,0.0194,0.0469,60.7096,28.174,0.3065
2023-07-27,78.979,72.6542,88.0466,90.3614,70.694,14.7849,63.4631,69.0824,71.07,1781607350.22,1.0986,0.0348,0.0732,0.1399,70.694,33.8637,0.6346
2023-07-28,71.8563,47.0588,87.7907,90.991,70.9738,7.7748,64.0364,64.5602,71.2,849830384.0,0.9764,0.0306,0.0727,0.1502,70.9738,29.5028,0.6404
2023-07-31,70.7463,40.2667,88.4058,92.8144,71.4036,3.4759,63.4102,63.4152,71.39,799124596.71,0.9168,0.0296,0.0735,0.1721,71.4036,28.111,0.6341
2023-08-01,70.8333,39.6277,83.526,91.9403,67.8177,4.8,60.7038,61.6914,70.76,930737697.44,0.9213,0.0293,0.063,0.1694,67.8177,28.4947,0.607
2023-08-02,70.6231,34.2175,68.8761,86.9048,55.4817,8.7766,60.3538,56.7439,68.17,955198721.7,0.9171,0.0284,0.0241,0.1133,55.4817,29.8937,0.6035
2023-08-03,69.8225,33.8624,75.5747,88.724,58.6411,7.6923,56.2519,57.7389,69.18,766596862.56,0.9075,0.0284,0.0383,0.1365,58.6411,29.2904,0.5625
2023-08-04,69.6165,29.0237,78.2235,90.2367,60.8062,6.0847,55.1819,57.7957,69.91,786875290.77,0.9018,0.0279,0.0481,0.1474,60.8062,28.7309,0.5518
2023-08-07,68.8235,25.5263,75.4286,90.8555,58.4153,2.3747,55.786,56.1558,69.38,731094317.06,0.8852,0.0274,0.0392,0.1565,58.4153,27.8757,0.5579
2023-08-08,69.2082,26.5092,62.3932,81.7647,51.3215,8.9474,58.268,52.9899,67.65,999041196.45,0.8958,0.0275,0.0139,0.098,51.3215,29.4492,0.5827
2023-08-09,69.0058,25.1309,57.6705,81.2317,47.8829,10.2362,55.0022,51.1569,66.7,669879705.8,0.8862,0.0274,0.0019,0.0949,47.8829,30.0779,0.55
2023-08-10,69.0962,23.2376,47.3088,60.5263,43.7006,11.2565,55.8881,45.6706,65.44,836017464.32,0.8924,0.0272,-0.0152,0.0124,43.7006,30.7761,0.5589
2023-08-11,68.8953,21.3542,40.678,59.4752,40.4681,11.7493,58.9631,44.1803,64.37,761051852.71,0.887,0.027,-0.0302,0.01,40.4681,31.2712,0.5896
2023-08-14,71.8841,34.5455,70.9859,72.093,53.8903,23.9583,57.3294,56.8305,68.28,1499016252.24,0.9222,0.0283,0.0289,0.0518,53.8903,37.2515,0.5733
2023-08-15,72.2543,38.8601,48.3146,46.6667,45.5466,39.2208,59.3022,50.7202,65.33,902111199.57,0.9324,0.0288,-0.0144,-0.0332,45.5466,40.7325,0.593
2023-08-16,72.3343,36.9509,40.6162,43.9306,42.8578,41.4508,59.7052,48.7173,64.22,635480019.2,0.9345,0.0286,-0.0301,-0.0579,42.8578,41.2,0.5971
2023-08-17,71.5517,29.3814,37.4302,46.3977,41.2967,42.1189,60.0406,47.5702,63.56,631360611.56,0.925,0.0279,-0.0389,-0.0403,41.2967,41.3293,0.6004
2023-08-18,66.4756,14.1388,38.1616,46.8391,41.4011,39.9485,58.6889,44.9791,63.59,608971860.65,0.8755,0.0259,-0.0374,-0.0367,41.4011,40.9228,0.5869
2023-08-21,66.5714,13.8462,40.5556,46.4183,42.7544,40.1028,59.3045,45.6307,63.96,723508228.56,0.8782,0.0258,-0.0314,-0.0386,42.7544,41.004,0.593
2023-08-22,66.6667,12.532,36.5651,38.2857,41.2302,40.5128,59.8506,43.4866,63.41,562938634.78,0.8787,0.0257,-0.0392,-0.0891,41.2302,41.0541,0.5985
2023-08-23,65.9091,10.2041,50.8287,29.6296,47.7257,41.9437,59.892,45.5649,65.19,700624179.42,0.8629,0.0253,-0.0115,-0.1182,47.7257,41.2487,0.5989
2023-08-24,61.1898,5.8524,39.3939,31.25,43.375,21.6837,49.9306,37.4096,63.69,806418832.56,0.8136,0.024,-0.033,-0.1116,43.375,36.3843,0.4993
2023-08-25,59.887,5.5838,40.9341,42.7762,43.486,21.374,25.5667,35.5344,63.72,599543710.2,0.802,0.0233,-0.031,-0.0657,43.486,36.3513,0.2557
2023-08-28,59.1549,5.3165,54.7945,44.6328,49.1711,26.9036,26.9488,40.0537,65.31,646886145.36,0.7943,0.0231,-0.0057,-0.0547,49.1711,37.818,0.2695
2023-08-29,57.8652,5.0505,63.6612,47.8873,53.5106,30.1266,28.8554,43.2985,66.68,663796732.8,0.7811,0.0223,0.0154,-0.036,53.5106,38.8084,0.2886
2023-08-30,58.8235,5.5416,75.2044,58.427,57.5295,25.0,29.711,47.1422,68.09,1150187991.48,0.7898,0.023,0.0365,0.0047,57.5295,37.4583,0.2971
2023-08-31,61.7318,6.7839,84.5109,68.3473,62.1525,28.7154,27.4757,51.7364,69.94,1288355577.86,0.8151,0.0237,0.0633,0.0355,62.1525,38.3271,0.2748
2023-09-01,61.2813,8.2707,86.4499,72.3464,63.2018,28.392,30.4835,53.3127,70.39,758242769.36,0.8136,0.0243,0.0688,0.0497,63.2018,38.2138,0.3048
2023-09-05,61.9444,8.5,85.1351,78.8301,62.7852,28.0702,30.0451,53.989,70.29,783333128.16,0.8158,0.0244,0.0657,0.0761,62.7852,38.1059,0.3005
2023-09-06,59.2798,6.9825,85.1752,78.8889,63.0995,22.5,29.5422,52.5749,70.41,647262794.88,0.7991,0.0239,0.0659,0.0761,63.0995,36.8565,0.2954
2023-09-07,60.221,8.7065,81.4516,67.867,60.6184,21.9451,21.768,48.993,69.87,841460060.88,0.8083,0.0243,0.0567,0.0359,60.6184,36.5519,0.2177
2023-09-08,59.5041,9.1811,82.8418,67.1271,61.553,19.403,22.1572,48.8705,70.18,688248382.36,0.8012,0.0246,0.0604,0.034,61.553,35.6689,0.2216
2023-09-11,58.5165,9.1584,81.016,60.8815,60.8012,17.866,20.3409,46.8399,70.03,652005001.01,0.7956,0.0246,0.0563,0.0132,60.8012,34.9594,0.2034
2023-09-12,55.0685,5.9259,81.8667,62.9121,61.7407,4.4554,19.3577,44.409,70.31,777776954.1,0.7606,0.0232,0.0583,0.0217,61.7407,28.3632,0.1936
2023-09-13,55.7377,6.8966,84.3085,71.5068,63.5549,0.0,20.766,46.1084,70.85,1029129620.35,0.7671,0.0236,0.0642,0.0471,63.5549,22.7064,0.2077
2023-09-14,56.4033,7.371,89.6552,77.8689,66.5301,0.0,22.0027,48.7624,71.79,801915119.1,0.7755,0.0238,0.0751,0.0731,66.5301,21.4701,0.22
2023-09-15,60.3261,8.8235,75.6614,76.0218,56.4466,0.4914,21.3637,45.3897,69.88,1147158954.76,0.8021,0.0243,0.0438,0.062,56.4466,23.7908,0.2136
2023-09-18,63.4146,14.4254,78.1003,76.3587,58.6381,0.4902,22.0056,47.2668,70.5,897865228.5,0.8171,0.0254,0.05,0.0642,58.6381,23.777,0.2201
2023-09-19,63.5135,15.3659,78.6842,80.4878,59.3836,0.7335,22.055,48.2303,70.71,735398354.13,0.8185,0.0255,0.0506,0.0832,59.3836,23.788,0.2206
2023-09-20,66.0377,18.7348,71.6535,76.2162,54.2217,1.2195,19.9671,46.1424,69.68,1082106778.48,0.8464,0.026,0.0334,0.0646,54.2217,24.3378,0.1997
2023-09-21,67.4731,18.4466,57.0681,60.6469,46.6716,1.7032,21.7356,40.6592,67.9,1017044767.2,0.8626,0.0259,0.0058,0.0166,46.6716,25.0489,0.2174
2023-09-22,68.0965,19.8547,64.2298,63.172,50.7386,0.4854,26.6449,43.6651,68.88,1066935219.84,0.8764,0.0261,0.019,0.027,50.7386,23.5184,0.2664
2023-09-25,71.123,29.4686,60.4167,76.6756,49.4942,0.7264,25.0325,46.0132,68.58,1021839462.54,0.8975,0.0273,0.0132,0.0661,49.4942,23.6745,0.2503
2023-09-26,71.7333,26.506,56.3636,79.6791,46.8542,0.4831,28.3804,45.6501,67.94,866405053.82,0.9087,0.0271,0.0029,0.0765,46.8542,22.7391,0.2838
2023-09-27,74.4681,35.3365,56.9948,76.5333,48.1117,0.241,27.9439,46.6217,68.21,1422335383.0,0.9452,0.0279,0.0059,0.0674,48.1117,21.6544,0.2794
2023-09-28,77.4536,51.0791,35.1421,71.2766,37.4684,2.8846,22.6609,42.0245,65.2,3048085199.6,1.0338,0.0304,-0.0385,0.0506,37.4684,25.9217,0.2266
2023-09-29,78.0423,47.8469,55.9278,86.7374,48.9117,8.6331,18.9262,49.7123,68.03,1654183465.0,1.0534,0.0301,0.0022,0.1111,48.9117,28.6959,0.1893
2023-10-02,79.1557,47.7327,55.0129,87.5661,48.6744,7.8947,18.1386,49.5566,67.96,1011278100.4,1.0673,0.03,0.0005,0.1205,48.6744,28.5489,0.1814
2023-10-03,79.2105,45.4762,53.3333,80.7388,48.2067,7.8759,18.3338,47.9588,67.83,846620212.83,1.0725,0.0293,-0.0021,0.0856,48.2067,28.5486,0.1833
2023-10-04,80.5774,45.6057,55.4987,76.5789,49.3359,8.5714,17.4725,48.074,68.11,879494009.17,1.0853,0.0294,0.0013,0.0709,49.3359,28.6006,0.1747
2023-10-05,81.1518,46.9194,61.7347,80.0525,53.0376,11.1639,17.6763,50.8493,69.05,969808769.1,1.0916,0.0297,0.0146,0.0825,53.0376,29.0076,0.1768
2023-10-06,83.2898,45.1537,69.4656,80.6283,56.3617,12.0853,10.8126,52.0671,69.96,1057330665.6,1.1107,0.0293,0.0283,0.0841,56.3617,29.3672,0.1081
2023-10-09,83.0729,43.3962,67.0051,80.6789,54.1831,12.766,10.2512,51.1743,69.48,596740583.16,1.1092,0.0289,0.0218,0.0843,54.1831,29.4579,0.1025
2023-10-10,82.3377,40.4706,62.5316,72.9167,52.3228,12.9717,9.8203,48.4926,69.07,622154379.44,1.1064,0.0286,0.0164,0.06,52.3228,29.4722,0.0982
2023-10-11,80.829,37.3239,72.4747,79.2208,56.7676,13.8824,16.2714,52.4346,70.21,783919012.87,1.0947,0.0282,0.0334,0.0812,56.7676,29.9658,0.1627
2023-10-12,80.8786,38.6417,68.5139,76.6839,54.5574,13.615,16.673,51.2002,69.75,795758638.5,1.0976,0.0283,0.0261,0.0737,54.5574,29.5917,0.1667
2023-10-13,77.8351,35.9813,63.8191,75.1938,51.998,6.3232,19.7471,48.4266,69.21,712071652.86,1.0771,0.0281,0.0182,0.0699,51.998,28.1449,0.1975
2023-10-16,77.3779,31.4685,62.1554,69.8454,51.3731,5.1402,21.8658,46.8496,69.08,780196911.56,1.0719,0.0276,0.0165,0.0522,51.3731,27.9307,0.2187
2023-10-17,77.9487,31.3953,61.0,70.437,50.9673,5.1282,15.5222,45.7917,69.0,817167966.0,1.0771,0.0276,0.0155,0.0538,50.9673,27.8909,0.1552
2023-10-18,76.2148,25.058,62.5935,70.0,51.6866,3.7209,14.942,44.9248,69.14,774435895.48,1.0614,0.0271,0.0171,0.0527,51.6866,27.4493,0.1494
2023-10-19,77.0408,25.6944,49.5025,52.1739,43.7394,3.0162,21.1085,39.8448,67.53,1222973702.4,1.0702,0.0271,-0.0069,0.0022,43.7394,27.175,0.2111
2023-10-20,75.3181,20.7852,46.402,40.5612,42.3879,3.0093,21.803,36.7014,67.22,773438025.4,1.0568,0.0264,-0.0119,-0.0542,42.3879,26.6515,0.218
2023-10-23,74.6193,15.6682,42.5743,39.1858,40.8955,3.2333,26.284,35.6696,66.88,634633750.08,1.0379,0.0256,-0.0176,-0.0607,40.8955,26.6638,0.2628
2023-10-24,73.4177,14.7126,53.0864,41.8782,47.8204,3.9171,30.3254,39.3013,68.07,575058287.01,1.0247,0.0255,-0.0001,-0.0465,47.8204,27.2893,0.3033
2023-10-25,71.7172,10.0917,40.3941,39.2405,40.9959,9.1954,32.3486,36.0628,66.5,792920530.5,0.9945,0.0249,-0.0235,-0.0602,40.9959,28.4708,0.3235
2023-10-26,66.4987,4.5767,27.5184,40.9091,34.3681,2.7523,47.6448,33.0689,64.53,1077513099.39,0.8945,0.0221,-0.0525,-0.0534,34.3681,25.7671,0.4764
2023-10-27,61.3065,4.5662,34.5588,41.3098,40.2795,0.0,50.5913,34.3775,65.65,655203412.5,0.8444,0.021,-0.0367,-0.051,40.2795,21.3557,0.5059
2023-10-30,60.1504,3.8724,37.1638,40.201,42.3755,0.4566,48.6671,34.4788,66.07,704801394.65,0.8291,0.0206,-0.0312,-0.0549,42.3755,21.5512,0.4867
2023-10-31,57.5,3.6364,41.9512,44.3609,46.2455,0.9112,46.1684,35.7195,66.87,552904631.37,0.8143,0.0205,-0.0203,-0.0362,46.2455,22.0705,0.4617
2023-11-01,60.0998,4.5351,61.3139,60.75,56.2519,3.6364,53.2893,45.0078,69.4,1164334348.8,0.8281,0.0207,0.015,0.0259,56.2519,25.8221,0.5329
2023-11-02,58.9552,3.1674,70.6311,71.5711,59.5826,3.8549,54.7249,48.7671,70.44,840049196.04,0.8209,0.0203,0.0286,0.0561,59.5826,25.9019,0.5472
2023-11-03,58.8089,3.386,82.3245,86.3184,65.417,6.3348,55.627,54.4086,72.58,1049346615.94,0.8206,0.0204,0.0571,0.1091,65.417,27.5797,0.5563
2023-11-06,59.901,4.955,83.3333,89.8263,66.2506,5.8691,53.2598,55.1157,72.92,734266700.36,0.8273,0.0207,0.0592,0.1328,66.2506,27.3994,0.5326
2023-11-07,59.7531,5.3933,81.4458,75.0,65.6491,5.1802,53.5421,52.4147,72.8,600457967.2,0.827,0.0209,0.0552,0.0662,65.6491,27.2687,0.5354
2023-11-08,59.6059,5.3812,77.8846,84.9383,62.9809,4.7191,52.2404,52.6387,72.28,716812397.08,0.8249,0.0208,0.0459,0.1064,62.9809,26.9741,0.5224
2023-11-09,64.3735,6.4877,84.6523,91.3793,66.6069,6.0538,54.0382,56.6166,73.57,1650513889.85,0.8685,0.0219,0.0629,0.1456,66.6069,27.3883,0.5404
2023-11-10,65.6863,6.9196,93.7799,95.086,70.8705,9.8434,54.2753,60.2686,75.36,927635479.68,0.8802,0.0222,0.0871,0.1857,70.8705,28.0989,0.5428
2023-11-13,64.5477,7.3497,90.9308,94.1176,67.8476,11.1607,54.3431,59.3313,74.78,681684982.94,0.8758,0.0223,0.0774,0.176,67.8476,28.3438,0.5434
2023-11-14,66.3415,7.1111,96.4286,96.577,72.9649,18.0401,59.3452,63.3389,77.17,1001091606.33,0.8854,0.0223,0.1096,0.2065,72.9649,29.8849,0.5935
2023-11-15,67.1533,7.9823,95.7245,97.3171,72.8082,18.4444,58.7055,63.467,77.14,767851174.3,0.8878,0.0224,0.107,0.2165,72.8082,29.9354,0.5871
2023-11-16,63.835,8.1858,94.3128,93.674,70.2632,11.0865,53.5965,60.0363,76.67,995863946.55,0.8755,0.0228,0.0981,0.1761,70.2632,28.2859,0.536
2023-11-17,63.6804,9.0508,96.2175,97.5728,72.2419,9.292,53.0324,60.9094,77.56,727352716.16,0.8725,0.0232,0.1085,0.2178,72.2419,28.0365,0.5303
2023-11-20,65.942,10.5727,97.4057,98.5472,74.4246,7.947,51.1529,61.5192,78.62,898356776.16,0.885,0.0238,0.1209,0.2338,74.4246,27.7378,0.5115
2023-11-21,68.6747,13.1868,93.4118,92.7536,64.5717,18.5022,51.0849,61.1105,76.71,921800826.87,0.9014,0.0246,0.0917,0.1746,64.5717,29.7845,0.5108
2023-11-22,67.5481,13.8158,93.662,90.3614,65.5739,7.9121,50.3223,59.0929,77.1,661521777.9,0.8942,0.0249,0.0953,0.1563,65.5739,27.7117,0.5032
2023-11-24,61.8705,15.5361,92.9742,87.2596,64.4166,2.6316,36.0172,54.757,76.87,334146587.35,0.8555,0.0251,0.0905,0.1289,64.4166,24.3143,0.3602
2023-11-27,62.9187,24.0175,93.6916,83.4532,66.204,2.6258,35.4079,55.4213,77.51,853033127.09,0.8658,0.0262,0.0972,0.1082,66.204,24.1081,0.3541
2023-11-28,69.2124,36.6013,88.345,77.2727,59.2436,4.1485,38.1785,55.5753,76.12,1463451225.72,0.9021,0.0277,0.0758,0.0814,59.2436,25.8683,0.3818
2023-11-29,71.6667,46.5217,90.6977,80.4296,61.0519,3.9216,38.051,58.0072,76.69,1078447910.08,0.9319,0.0288,0.082,0.0911,61.0519,25.803,0.3805
2023-11-30,72.4466,51.6269,86.3109,76.6667,58.2678,1.7391,19.738,53.8402,76.12,1651900520.16,0.9553,0.0298,0.072,0.0811,58.2678,23.6245,0.1974
2023-12-01,72.5118,54.329,84.4907,79.0974,57.3293,1.5184,19.3302,53.9327,75.93,1089897625.47,0.9673,0.0302,0.0669,0.0867,57.3293,23.4285,0.1933
2023-12-04,72.3404,55.9395,72.9792,68.7204,49.8636,1.5152,19.794,49.5317,74.29,866101347.36,0.9574,0.0304,0.0423,0.0586,49.8636,22.9585,0.1979
2023-12-05,71.934,53.8793,69.1244,66.6667,47.4301,1.7279,35.9191,50.393,73.69,648491085.71,0.9543,0.0302,0.0324,0.0523,47.4301,23.147,0.3592
2023-12-06,72.2353,52.6882,64.3678,62.5,45.2123,1.9397,34.4353,48.3301,73.13,649671050.79,0.9566,0.0301,0.0231,0.0401,45.2123,23.3182,0.3444
2023-12-07,72.5352,51.9313,67.4312,62.3529,47.6597,1.9355,35.3926,49.2778,73.65,783704052.6,0.96,0.03,0.0288,0.0395,47.6597,23.2675,0.3539
2023-12-08,69.3208,45.6103,74.3707,64.0845,53.3174,1.9313,39.5469,50.9994,74.96,900026504.72,0.92,0.0287,0.0442,0.0442,53.3174,23.2619,0.3955
2023-12-11,71.2617,51.9231,90.411,85.4801,62.698,5.1392,41.2595,60.0154,77.79,1442801779.26,0.9437,0.03,0.0807,0.1132,62.698,25.3428,0.4126
2023-12-12,71.5618,50.7463,91.344,83.8785,63.7244,5.1282,42.0498,60.1086,78.16,802085110.72,0.9498,0.0297,0.0828,0.1087,63.7244,25.1206,0.4205
2023-12-13,71.1628,50.0,95.0,87.4126,67.9129,3.4115,39.5609,61.0235,79.79,927942859.06,0.9449,0.0296,0.1017,0.1284,67.9129,23.7033,0.3956
2023-12-14,73.5499,50.7431,98.6395,93.9535,72.8785,5.7447,41.3795,64.2842,82.19,1425399389.65,0.9765,0.0297,0.1305,0.1795,72.8785,25.6717,0.4138
2023-12-15,74.7685,47.0339,96.6063,95.1276,69.1339,6.5817,39.2833,63.3022,81.41,1591375000.6,1.0053,0.0289,0.1159,0.199,69.1339,25.864,0.3928
2023-12-18,75.2887,49.4715,96.3883,93.9815,69.4589,5.7203,41.305,63.615,81.56,1012701892.44,1.0192,0.0295,0.1144,0.1841,69.4589,25.6675,0.413
2023-12-19,76.0369,55.0633,96.8468,94.9192,70.8051,5.7082,39.5197,64.3838,82.17,1176377026.77,1.032,0.0302,0.1189,0.1982,70.8051,25.4083,0.3952
2023-12-20,82.7586,60.2105,83.5955,90.0922,55.7166,17.2996,31.2422,61.5207,78.69,2288695817.16,1.096,0.031,0.0687,0.1582,55.7166,28.6768,0.3124
2023-12-21,94.0367,82.3529,99.3274,99.3103,69.4127,49.4737,32.3261,76.3141,85.48,4613326109.4,1.2826,0.036,0.1561,0.2532,69.4127,40.758,0.3233
2023-12-22,98.1693,86.5828,99.5526,100.0,70.8566,49.1597,29.4918,77.1776,86.49,1948760073.27,1.3577,0.0372,0.1645,0.3265,70.8566,40.7029,0.2949
2023-12-26,98.4018,86.4017,99.7768,99.5423,71.6694,49.0566,30.1386,77.3334,87.06,975410053.98,1.3626,0.0372,0.1666,0.2797,71.6694,40.6941,0.3014
2023-12-27,95.4442,82.4635,98.6637,99.3151,70.19,44.5607,30.9236,75.5346,86.66,796074705.44,1.3284,0.0361,0.1558,0.2752,70.19,39.9173,0.3092
2023-12-28,94.7727,79.375,97.7778,98.861,67.7065,47.1816,31.4182,75.0988,86.0,826111270.0,1.315,0.0354,0.1418,0.2679,67.7065,40.2272,0.3142
2023-12-29,92.7438,67.7755,96.8958,98.1818,65.2214,47.2917,32.0933,73.2254,85.34,729590093.44,1.2684,0.0332,0.1282,0.253,65.2214,40.2379,0.3209
2024-01-02,92.5339,65.7676,89.3805,93.1973,55.2876,60.9148,29.7633,71.443,82.34,1119584225.92,1.2674,0.0325,0.0843,0.1925,55.2876,42.7931,0.2976
2024-01-03,92.7765,64.1822,86.9757,90.724,55.0468,56.639,37.5655,70.9738,82.26,1062388146.78,1.2786,0.0321,0.079,0.1758,55.0468,41.7471,0.3757
2024-01-04,95.045,66.9421,87.4449,92.7765,56.2022,54.6584,37.5665,71.8104,82.71,1582586125.47,1.322,0.0329,0.0804,0.1904,56.2022,41.4547,0.3757
2024-01-05,96.8539,69.4845,89.4505,94.8198,58.109,51.8595,31.1757,71.8558,83.45,1292111510.45,1.3533,0.0334,0.0857,0.2082,58.109,41.1602,0.3118
2024-01-08,98.8789,73.6626,92.3246,95.0562,61.7447,53.4021,30.8537,73.7343,84.95,1377872264.85,1.3801,0.0339,0.0999,0.2099,61.7447,41.3527,0.3085
2024-01-09,99.3289,76.386,84.2451,92.8251,56.0835,59.0535,32.9403,72.7181,83.33,1011509288.01,1.3834,0.0343,0.0737,0.1947,56.0835,42.1758,0.3294
2024-01-10,96.6518,70.9016,75.7642,91.9463,53.0138,49.692,26.5214,67.2661,82.38,885468432.3,1.3549,0.0336,0.0569,0.1903,53.0138,40.824,0.2652
2024-01-11,97.5501,69.7342,79.5207,94.4196,55.7847,50.4098,24.1816,68.4402,83.39,882185478.48,1.3586,0.0334,0.0651,0.2072,55.7847,40.9546,0.2418
2024-01-12,96.2222,73.8776,71.9565,92.4276,52.4845,49.0798,23.2168,66.1695,82.39,839350926.26,1.3536,0.034,0.0482,0.1941,52.4845,40.7564,0.2322
2024-01-16,94.6785,76.5784,83.2972,96.8889,58.3722,47.3469,20.9026,69.127,84.61,1160301604.08,1.3377,0.0343,0.0723,0.2237,58.3722,40.4919,0.209
2024-01-17,91.8142,78.252,73.5931,97.1175,54.051,49.6945,19.4581,66.6616,83.28,853207014.48,1.2999,0.0349,0.052,0.2332,54.051,40.7799,0.1946
2024-01-18,92.4945,77.6876,81.2095,98.4513,57.9341,52.6423,25.1722,70.1181,84.82,1278889241.7,1.3099,0.0348,0.0682,0.2618,57.9341,41.2348,0.2517
2024-01-19,93.8326,74.8988,91.5948,99.5585,63.7041,60.2434,33.5489,75.2568,87.51,1588866038.94,1.326,0.0341,0.098,0.3085,63.7041,42.4986,0.3355
2024-01-22,90.3297,67.8788,95.0538,99.7797,66.853,40.8907,33.5906,72.1725,89.24,1282481604.48,1.2767,0.0333,0.1151,0.311,66.853,39.114,0.3359
2024-01-23,83.114,50.0,89.9142,99.7802,61.201,11.3131,34.0827,63.3464,87.53,1474958139.11,1.1195,0.03,0.0896,0.3162,61.201,27.7892,0.3408
2024-01-24,80.0875,46.6801,90.7923,100.0,62.3049,10.2823,36.0592,63.0213,88.08,1739806101.36,1.1046,0.0294,0.0925,0.3649,62.3049,27.5802,0.3606
2024-01-25,84.0611,47.7912,92.9487,99.7812,64.5187,11.8712,33.2674,64.1679,89.2,1417599493.2,1.1233,0.0296,0.1026,0.3587,64.5187,27.8282,0.3327
2024-01-26,84.7495,51.503,88.2729,99.5633,60.5843,14.6586,34.5882,63.8973,88.05,1314980523.75,1.1471,0.0301,0.0848,0.3327,60.5843,28.2163,0.3459
2024-01-29,85.2174,56.513,90.6383,99.3464,62.7538,15.0301,33.8792,65.0753,89.07,1078438094.13,1.1589,0.0307,0.0942,0.332,62.7538,28.2759,0.3388
2024-01-30,86.9848,64.5291,73.673,95.6522,53.6766,23.8477,31.678,62.2796,86.16,1118338534.08,1.1791,0.0324,0.0561,0.2415,53.6766,30.7497,0.3168
2024-01-31,86.3636,63.1263,70.7627,93.7093,52.5238,11.2224,36.5116,59.8886,85.75,977088407.75,1.1738,0.0321,0.0487,0.2173,52.5238,27.7199,0.3651
2024-02-01,85.3132,62.9259,69.1332,87.8788,52.1123,11.4228,31.5809,57.7598,85.61,895362629.42,1.1662,0.032,0.045,0.1795,52.1123,27.7304,0.3158
2024-02-02,83.4052,56.7134,72.9958,88.9849,54.4983,12.4248,32.7133,58.3496,86.48,903719632.16,1.1326,0.0307,0.0536,0.186,54.4983,27.8563,0.3271
2024-02-05,78.9247,51.503,74.5263,90.3017,55.8595,11.8236,33.6531,57.847,86.98,731431520.16,1.1053,0.0301,0.057,0.1948,55.8595,27.7787,0.3365
2024-02-06,76.6094,50.501,60.5042,85.3763,48.4323,20.4409,31.2761,54.0496,84.6,1098962883.0,1.0904,0.03,0.0262,0.1704,48.4323,29.0331,0.3128
2024-02-07,79.015,54.509,63.1027,83.9056,50.1421,15.6313,28.822,54.1917,85.17,1394629877.37,1.1055,0.0304,0.0311,0.1577,50.1421,28.2255,0.2882
2024-02-08,80.3419,57.7154,60.0418,79.8715,49.2475,13.2265,30.763,53.3351,84.88,1063076758.96,1.1121,0.0309,0.0257,0.1263,49.2475,27.893,0.3076
2024-02-09,81.2367,59.1182,63.4656,82.265,51.4356,11.2224,30.8213,54.5803,85.56,1040530068.48,1.1182,0.0313,0.0316,0.1442,51.4356,27.7186,0.3082
2024-02-12,82.1277,59.7194,62.9167,77.6119,51.8954,8.4168,31.3009,53.6634,85.7,888365857.2,1.1197,0.0313,0.031,0.1105,51.8954,27.2665,0.313
2024-02-13,84.0764,60.3206,35.7588,62.3404,39.8056,26.4529,23.0883,46.5581,81.53,1729076744.27,1.1428,0.0314,-0.0204,0.0569,39.8056,31.319,0.2309
2024-02-14,84.322,61.1222,36.722,65.8174,40.8728,26.0521,22.4609,47.3418,81.83,1053227219.94,1.1506,0.0316,-0.0182,0.0673,40.8728,30.9265,0.2246
2024-02-15,83.5095,61.3226,34.9896,60.8051,40.3591,25.0501,26.3088,46.5171,81.63,940954071.06,1.1337,0.0317,-0.0223,0.0525,40.3591,30.0834,0.2631
2024-02-16,79.5359,62.5251,23.9669,47.7801,35.2742,18.6373,26.0725,40.3772,79.5,1236464931.0,1.1143,0.0319,-0.0492,0.0112,35.2742,28.5846,0.2607
2024-02-20,76.8421,60.9218,29.4845,60.1266,39.9061,15.4309,19.6803,41.7917,80.71,1019140666.32,1.1005,0.0316,-0.0364,0.0521,39.9061,28.1191,0.1968
2024-02-21,72.2689,55.1102,33.1276,62.5263,42.7503,14.6293,11.1959,40.5046,81.49,810306164.23,1.0684,0.0305,-0.0289,0.0569,42.7503,28.0417,0.112
2024-02-22,70.6499,52.9058,58.5216,78.9916,55.5799,32.0641,23.623,53.3522,85.91,1504347587.49,1.055,0.0302,0.0211,0.1176,55.5799,34.3649,0.2362
2024-02-23,68.8285,48.497,57.9918,76.9392,55.7971,31.8637,23.6573,52.2211,86.0,880018048.0,1.0283,0.0296,0.0201,0.1095,55.7971,33.9881,0.2366
2024-02-26,73.904,63.1263,76.0736,86.6109,63.2395,37.2745,24.9092,61.2561,89.46,2587182931.62,1.08,0.0319,0.0584,0.1752,63.2395,36.6932,0.2491
2024-02-27,80.0,69.9399,87.9592,90.6054,67.3312,40.481,25.8094,66.8533,91.85,1967654879.85,1.1161,0.0334,0.0835,0.1977,67.3312,37.6351,0.2581
2024-02-28,81.9127,72.1443,74.3381,87.2917,60.805,37.2745,23.135,62.6046,89.71,1273040609.91,1.1202,0.0336,0.0564,0.1785,60.805,36.5955,0.2313
2024-02-29,84.2324,79.7595,78.6585,89.8129,62.4533,37.4749,22.0345,64.9862,90.61,1542800975.69,1.1441,0.0353,0.0647,0.1933,62.4533,36.6072,0.2203
2024-03-01,88.6128,87.976,95.1318,98.1328,69.4358,48.8978,24.9267,73.8531,95.15,2230889944.8,1.1998,0.0375,0.1145,0.2808,69.4358,40.036,0.2493
2024-03-04,90.0826,92.1844,95.5466,98.1366,70.2623,48.6974,27.3617,74.9957,95.78,2003006050.38,1.2453,0.0405,0.1183,0.2998,70.2623,39.9992,0.2736
2024-03-05,90.3093,92.7856,91.9192,97.9339,66.2507,52.7054,27.2066,74.5107,94.47,1217455201.05,1.2655,0.0412,0.099,0.2918,66.2507,40.5539,0.2721
2024-03-06,90.7407,92.5852,93.9516,97.9381,67.8933,45.2906,25.3254,73.7324,95.56,1360035338.96,1.2742,0.0412,0.109,0.2975,67.8933,38.8178,0.2533
2024-03-07,93.0185,94.3888,98.1891,98.9712,72.4277,50.7014,22.4824,76.0955,98.98,2458984291.12,1.3139,0.0431,0.1454,0.3204,72.4277,40.1684,0.2248
2024-03-08,97.541,94.3888,96.5863,95.8932,68.297,54.509,19.3567,75.6808,97.62,2184628022.76,1.3581,0.0436,0.1269,0.2549,68.297,40.7112,0.1936
2024-03-11,98.5685,95.5912,88.3768,91.5984,59.886,68.3367,24.7275,75.7077,94.51,1481265059.04,1.3754,0.0442,0.089,0.2092,59.886,43.0354,0.2473
2024-03-12,99.7959,95.7916,95.5912,93.2515,64.3145,70.9419,25.1465,78.4992,97.42,1460674076.5,1.3979,0.0444,0.1196,0.221,64.3145,43.9357,0.2515
2024-03-13,99.1853,95.992,84.7695,81.0204,56.7553,61.523,22.6057,71.8788,94.16,1575522407.36,1.3871,0.046,0.08,0.1456,56.7553,41.5377,0.2261
2024-03-14,100.0,95.7916,68.3367,77.3931,51.3159,69.9399,31.7277,70.2372,91.43,1528609301.29,1.405,0.0452,0.0465,0.1231,51.3159,43.5242,0.3173
2024-03-15,100.0,95.992,76.9539,80.2846,54.4501,70.5411,31.6463,72.8058,93.25,2758284551.75,1.48,0.0462,0.0646,0.1433,54.4501,43.6948,0.3165
2024-03-18,100.0,96.1924,78.7575,80.1217,55.3515,64.3287,31.7469,72.3355,93.78,2170088893.8,1.5134,0.047,0.068,0.1413,55.3515,41.9197,0.3175
2024-03-19,100.0,96.3928,78.5571,88.664,55.7431,64.3287,29.3803,73.2809,94.0,1979134374.0,1.5499,0.0486,0.0679,0.1946,55.7431,41.8881,0.2938
2024-03-20,100.0,97.3948,88.978,77.3737,59.641,66.3327,28.5821,74.3425,96.25,3831457533.75,1.6669,0.0524,0.0907,0.126,59.641,42.2714,0.2858
2024-03-21,100.0,100.0,100.0,96.5726,74.3478,98.5972,38.3143,87.4574,109.85,9837520301.7,1.9745,0.0645,0.2374,0.2701,74.3478,59.3018,0.3831
2024-03-22,100.0,100.0,99.7996,96.1771,74.6116,98.5972,36.9788,87.184,110.21,4108775048.67,2.091,0.068,0.2337,0.2659,74.6116,59.2511,0.3698
2024-03-25,100.0,100.0,100.0,99.5984,79.0667,99.1984,35.3524,88.0291,117.13,6531886104.12,2.2157,0.0735,0.3013,0.3516,79.0667,61.0129,0.3535
2024-03-26,100.0,100.0,100.0,100.0,79.9798,99.1984,39.2371,88.7633,118.8,5262262988.4,2.321,0.077,0.3093,0.3814,79.9798,60.8244,0.3924
2024-03-27,100.0,100.0,99.7996,100.0,80.23,99.1984,41.6715,89.1134,119.25,3496473321.75,2.4104,0.0785,0.3043,0.3974,80.23,59.4094,0.4167
2024-03-28,100.0,100.0,99.3988,100.0,77.0938,99.3988,42.0459,88.8059,117.89,2481322548.42,2.4405,0.0789,0.2797,0.4317,77.0938,60.097,0.4205
2024-04-01,100.0,100.0,100.0,100.0,80.8862,99.5992,39.7493,88.9909,124.3,5507645617.1,2.5459,0.084,0.3378,0.5111,80.8862,60.4331,0.3975
2024-04-02,100.0,99.7996,99.7996,99.7996,77.543,100.0,37.8292,88.3385,122.75,3071973783.25,2.5752,0.0839,0.3112,0.4841,77.543,61.0959,0.3783
2024-04-03,100.0,100.0,100.0,100.0,80.49,100.0,33.4236,88.0625,128.01,5137058837.37,2.6983,0.0898,0.3562,0.534,80.49,61.1316,0.3342
2024-04-04,100.0,100.0,99.1984,99.3988,72.8205,100.0,31.7309,86.7912,124.09,4468463527.4,2.7915,0.0921,0.3045,0.4607,72.8205,63.3044,0.3173
2024-04-05,100.0,99.7996,98.5972,99.3988,71.8611,99.7996,30.4446,86.3319,123.58,2882691465.18,2.7939,0.0916,0.2895,0.483,71.8611,63.0205,0.3044
2024-04-08,100.0,100.0,98.1964,99.5992,70.6233,99.5992,32.8046,86.5021,122.95,3437161675.6,2.8365,0.0956,0.274,0.4925,70.6233,62.6376,0.328
2024-04-09,100.0,100.0,97.996,98.998,69.9641,98.5972,30.2791,85.7768,122.63,2359865599.81,2.8627,0.0963,0.2616,0.4706,69.9641,60.732,0.3028
2024-04-10,100.0,100.0,97.7956,99.1984,69.0316,98.3968,30.6222,85.6949,122.2,2718006860.4,2.8963,0.0973,0.2487,0.4832,69.0316,60.6411,0.3062
2024-04-11,100.0,100.0,98.5972,99.5992,73.6941,96.994,30.7415,86.189,127.51,2772743203.0,2.9306,0.0979,0.292,0.507,73.6941,59.1153,0.3074
2024-04-12,100.0,100.0,96.994,98.5972,63.9503,97.996,32.4934,85.1568,122.52,3039502134.24,2.9695,0.101,0.2323,0.4712,63.9503,60.2716,0.3249
2024-04-15,99.7996,100.0,96.7936,97.7956,61.9184,98.7976,33.6416,85.0557,121.37,2152206875.7,2.9336,0.1014,0.212,0.4309,61.9184,60.8311,0.3364
2024-04-16,99.3988,100.0,96.5932,97.3948,62.3663,98.7976,33.9813,84.9911,121.77,2125184714.73,2.9197,0.1025,0.2075,0.3915,62.3663,60.8759,0.3398
2024-04-17,99.7996,100.0,94.7896,94.7896,53.2018,100.0,34.7507,83.6791,116.33,2971822832.71,2.9371,0.1029,0.1469,0.3036,53.2018,64.2909,0.3475
2024-04-18,98.998,99.5992,86.3727,93.5872,47.1648,100.0,36.5362,81.3192,111.93,3598202964.72,2.9046,0.1024,0.0976,0.2788,47.1648,66.3813,0.3654
2024-04-19,97.5952,97.996,61.3226,87.7756,41.2529,83.7675,40.2948,72.6044,106.77,3607493190.09,2.6487,0.0919,0.0426,0.2122,41.2529,50.307,0.4029
2024-04-22,97.1944,97.5952,70.5411,89.7796,44.6553,83.9679,26.9058,73.0104,109.12,2162828891.52,2.5665,0.0903,0.0605,0.2233,44.6553,50.9603,0.2691
2024-04-23,96.3928,96.7936,83.5671,93.3868,49.162,77.1543,28.0354,75.5544,112.46,2011623189.3,2.3926,0.0836,0.0873,0.2772,49.162,47.0673,0.2804
2024-04-24,95.992,96.5932,78.1563,91.7836,48.2997,76.3527,27.9005,73.9249,111.78,2292152296.5,2.2788,0.0804,0.0753,0.255,48.2997,46.6905,0.279
2024-04-25,95.7916,96.3928,73.7475,94.1884,48.0328,75.7515,19.8318,72.0266,111.58,2046690070.32,2.2179,0.0794,0.0672,0.295,48.0328,46.6243,0.1983
2024-04-26,95.3908,96.5932,84.9699,96.3928,52.6273,79.3587,20.884,75.72,114.84,2369226257.64,2.206,0.0811,0.0915,0.3392,52.6273,47.8657,0.2088
2024-04-29,94.99,95.3908,80.1603,96.1924,51.8997,67.7355,22.3771,72.9554,114.36,1648968504.72,2.0608,0.0769,0.0802,0.3358,51.8997,43.3606,0.2238
2024-04-30,94.7896,95.1904,69.1383,94.3888,49.7398,67.5351,21.2505,70.0153,112.96,1676956377.92,2.0049,0.075,0.0603,0.3062,49.7398,43.3547,0.2125
2024-05-01,94.3888,94.7896,50.9018,90.982,45.0392,50.501,19.5973,62.4836,109.7,1830470655.0,1.879,0.0696,0.0241,0.2612,45.0392,40.5916,0.196
2024-05-02,94.1884,94.3888,59.9198,95.5912,49.2094,54.509,22.5737,66.3731,112.33,1734285672.99,1.7758,0.0676,0.0426,0.3278,49.2094,41.0621,0.2257
2024-05-03,93.988,94.1884,68.3367,96.3928,52.6928,62.3246,28.5363,70.5417,114.7,1785207087.4,1.7313,0.0662,0.059,0.3467,52.6928,42.0777,0.2854
2024-05-06,93.7876,93.988,88.1764,97.5952,59.5395,73.7475,29.8812,77.2397,120.13,2707575832.95,1.6954,0.0653,0.1022,0.4153,59.5395,45.6523,0.2988
2024-05-07,93.3868,93.7876,83.3667,97.1944,58.0077,73.7475,30.9377,76.1428,119.21,1491112535.64,1.6608,0.0648,0.0878,0.3933,58.0077,45.7093,0.3094
2024-05-08,93.1864,93.5872,81.3627,96.994,58.1463,73.7475,31.9419,75.8264,119.32,1296686116.68,1.6084,0.0647,0.0833,0.3923,58.1463,45.7094,0.3194
2024-05-09,92.986,93.1864,70.3407,97.996,55.4402,65.3307,30.586,71.9656,117.81,1357731033.12,1.5564,0.064,0.0642,0.445,55.4402,42.8153,0.3059
2024-05-10,92.3848,92.986,83.7675,98.5972,59.9948,62.7255,29.2721,74.4985,121.24,1687919647.4,1.5045,0.0639,0.0892,0.4816,59.9948,42.0928,0.2927
2024-05-13,92.1844,94.1884,87.1743,99.3988,62.1336,63.9279,25.454,75.2118,123.0,2047119258.0,1.4982,0.0664,0.0995,0.5068,62.1336,42.2742,0.2545
2024-05-14,91.984,94.1884,89.7796,100.0,64.2503,64.7295,26.76,76.3208,124.81,1733329703.07,1.4811,0.0665,0.1099,0.5699,64.2503,42.5573,0.2676
2024-05-15,91.5832,93.5872,93.3868,100.0,67.4938,45.491,27.9196,74.5345,127.81,1823213612.11,1.4375,0.0654,0.1299,0.5836,67.4938,39.4234,0.2792
2024-05-16,89.7796,92.5852,92.3848,99.5992,67.5783,33.8677,24.057,71.5888,127.89,2030213976.21,1.3826,0.064,0.1242,0.5694,67.5783,36.0276,0.2406
2024-05-17,83.3667,91.984,84.9699,96.994,61.9441,27.8557,26.6327,67.6142,125.29,1725836798.73,1.3143,0.0629,0.0962,0.4584,61.9441,31.7279,0.2663
2024-05-20,84.3687,93.1864,91.984,98.5972,66.266,29.2585,26.8351,70.201,129.0,2466865710.0,1.325,0.0649,0.1225,0.5,66.266,32.2591,0.2684
2024-05-21,83.7675,94.1884,87.5752,95.992,63.1436,28.2565,27.4158,68.563,127.5,2003979847.5,1.3212,0.0666,0.1031,0.4252,63.1436,31.9298,0.2742
2024-05-22,81.1623,93.1864,81.1623,94.5892,60.6409,29.0581,17.1831,64.9141,126.28,1413076230.72,1.2892,0.0653,0.0872,0.3749,60.6409,32.1359,0.1718
2024-05-23,81.7635,94.1884,78.5571,95.5912,60.6197,28.8577,19.4012,65.0343,126.27,2619771798.87,1.307,0.0669,0.0811,0.4075,60.6197,32.0859,0.194
2024-05-24,80.9619,94.1884,86.7735,95.992,64.8792,28.0561,20.8846,67.1457,129.49,1819191284.06,1.2901,0.0672,0.1015,0.4291,64.8792,31.772,0.2088
2024-05-28,80.9619,94.5892,91.5832,94.99,68.5026,29.8597,21.4535,68.7156,132.67,1876336154.94,1.2976,0.0682,0.121,0.3943,68.5026,32.1641,0.2145
2024-05-29,80.7615,94.7896,87.3747,93.7876,65.9895,28.2565,20.9719,67.1195,131.58,1479242754.9,1.2929,0.0698,0.1047,0.3738,65.9895,31.8639,0.2097
2024-05-30,80.1603,94.7896,62.1242,92.5852,55.3724,32.8657,27.4023,62.3931,126.29,1599599874.65,1.2836,0.0715,0.0546,0.3368,55.3724,33.8785,0.274
2024-05-31,83.5671,94.7896,54.9098,90.3808,53.1276,32.2645,28.4151,60.9678,125.0,3019222125.0,1.3208,0.0717,0.0389,0.3081,53.1276,33.8094,0.2842
2024-06-03,84.5691,94.99,66.3327,89.1784,57.669,33.6673,26.5926,63.6335,128.17,2067937716.95,1.3261,0.074,0.062,0.2949,57.669,34.0943,0.2659
2024-06-04,79.7595,94.5892,57.9158,89.3788,54.904,27.0541,25.4576,59.78,126.64,1645752019.6,1.2864,0.0728,0.0464,0.2973,54.904,31.0013,0.2546
2024-06-05,84.7695,95.1904,86.5731,95.3908,63.5911,35.8717,31.7551,70.3609,133.71,2981974079.13,1.3306,0.076,0.1018,0.4148,63.5911,35.7177,0.3176
2024-06-06,86.7735,95.5912,71.3427,91.984,57.4545,41.483,32.1389,67.43,130.07,2016735480.07,1.3542,0.0782,0.0699,0.3351,57.4545,37.6126,0.3214
2024-06-07,88.1764,95.7916,73.9479,93.988,58.4857,39.6794,37.0414,69.0501,130.94,1589530940.96,1.3598,0.0786,0.0749,0.3906,58.4857,37.0728,0.3704
2024-06-10,88.7776,96.3928,87.1743,97.3948,62.8143,39.8798,35.1331,72.5334,134.82,1977560117.82,1.366,0.0805,0.1037,0.4746,62.8143,37.1153,0.3513
2024-06-11,87.1743,95.992,87.1743,96.3928,63.0814,39.6794,34.9426,72.0706,135.07,1907856456.22,1.3572,0.0801,0.1038,0.4485,63.0814,36.9742,0.3494
2024-06-12,88.978,96.3928,94.7896,98.5972,68.6001,47.2946,36.3384,76.1384,140.75,2389003375.75,1.3734,0.0808,0.1469,0.5009,68.6001,39.0659,0.3634
2024-06-13,90.1804,96.5932,95.5912,99.1984,70.5921,46.2926,37.0536,76.7455,143.14,2335010327.22,1.3851,0.083,0.1635,0.5228,70.5921,38.725,0.3705
2024-06-14,89.98,96.7936,93.988,96.3928,67.1741,48.8978,37.2965,76.0794,141.36,1983035823.12,1.3843,0.0837,0.1458,0.4687,67.1741,39.2293,0.373
2024-06-17,91.3828,97.1944,96.3928,91.3828,72.4044,53.9078,35.7211,77.0976,147.83,3534441304.09,1.4352,0.0875,0.1935,0.3457,72.4044,40.4183,0.3572
2024-06-18,92.5852,98.1964,96.994,93.3868,75.9839,59.519,33.2374,78.6261,153.45,6474392476.2,1.5457,0.0952,0.2328,0.3923,75.9839,41.0739,0.3324
2024-06-20,93.1864,98.998,94.3888,82.1643,61.7671,84.7695,33.1313,78.942,144.19,5952881122.01,1.6528,0.0991,0.1545,0.231,61.7671,47.7721,0.3313
2024-06-21,94.1884,100.0,87.976,71.9439,56.0916,88.3768,34.4937,76.5548,139.54,7143006551.8,1.8099,0.1083,0.1141,0.1746,56.0916,49.4638,0.3449
2024-06-24,94.1884,100.0,86.5731,70.3407,55.466,88.7776,34.5333,76.0372,139.01,4505252796.59,1.8532,0.1131,0.1079,0.1657,55.466,49.5321,0.3453
2024-06-25,94.3888,100.0,90.3808,76.5531,57.4983,87.3747,34.6996,77.7784,141.12,4568059621.44,1.9242,0.1186,0.1214,0.197,57.4983,49.1086,0.347
2024-06-26,94.99,100.0,91.3828,67.3347,58.6913,86.5731,33.9086,76.5666,142.36,7899598111.48,2.0821,0.1299,0.1274,0.1453,58.6913,48.5781,0.3391
2024-06-27,95.992,100.0,54.1082,53.507,47.0676,95.992,31.4871,67.0751,132.23,9014470038.42,2.2836,0.1458,0.0455,0.0772,47.0676,55.7341,0.3149
2024-06-28,96.1924,100.0,50.501,36.4729,46.384,94.1884,29.7246,63.2253,131.53,5016606285.88,2.3706,0.1475,0.0375,0.0275,46.384,53.6274,0.2972
2024-07-01,95.992,100.0,49.499,47.8958,46.3737,93.988,24.9169,63.9561,131.52,3254983745.28,2.3638,0.1556,0.0342,0.0599,46.3737,53.4391,0.2492
2024-07-02,96.1924,100.0,51.1022,51.3026,47.7195,93.1864,23.7888,64.6629,132.59,2754689972.59,2.3747,0.1577,0.0384,0.0729,47.7195,52.8278,0.2379
2024-07-03,96.1924,100.0,66.7335,62.1242,52.7661,93.988,23.9567,70.0625,136.82,1972151938.56,2.3787,0.1594,0.0669,0.1128,52.7661,53.5765,0.2396
2024-07-05,96.1924,100.0,42.0842,51.503,46.7666,91.984,17.992,61.7442,131.6,3961744567.2,2.3906,0.1622,0.0231,0.0731,46.7666,52.1313,0.1799
2024-07-08,96.3928,100.0,35.4709,49.8998,45.7892,89.7796,12.1127,58.9008,130.69,2679242364.05,2.401,0.1623,0.0131,0.0695,45.7892,51.2304,0.1211
2024-07-09,96.5932,100.0,35.6713,35.8717,46.386,89.5792,12.7441,56.9911,131.14,2872398630.86,2.4275,0.1676,0.0135,0.0285,46.386,51.1894,0.1274
2024-07-10,96.7936,100.0,56.7134,62.3246,52.8999,91.7836,15.9387,66.6588,136.39,3063343813.81,2.447,0.1689,0.0506,0.1132,52.8999,52.0648,0.1594
2024-07-11,96.7936,99.7996,30.6613,50.7014,45.8595,94.7896,17.8679,59.721,130.23,3308042554.2,2.4732,0.1683,0.0007,0.073,45.8595,54.641,0.1787
2024-07-12,96.7936,100.0,41.483,57.515,49.7418,93.3868,12.668,62.3253,133.55,2768073221.4,2.4734,0.1706,0.0229,0.0967,49.7418,53.2465,0.1267
2024-07-15,96.3928,100.0,28.6573,63.9279,46.8229,92.986,8.7123,59.7166,130.87,2671842836.09,2.4721,0.1718,-0.0008,0.125,46.8229,53.0765,0.0871
2024-07-16,96.7936,100.0,17.2345,66.1323,43.3666,93.5872,7.2058,57.3414,127.49,2717107549.31,2.4816,0.1737,-0.0289,0.139,43.3666,53.5695,0.0721
2024-07-17,95.992,100.0,4.2084,62.5251,36.5064,94.3888,24.8732,56.1592,119.5,3753975509.5,2.47,0.1737,-0.0904,0.1192,36.5064,54.1314,0.2487
2024-07-18,93.988,98.5972,3.006,51.7034,34.9776,88.1764,22.9601,52.4829,117.45,3571056562.05,2.3721,0.165,-0.1057,0.0763,34.9776,51.1017,0.2296
2024-07-19,92.7856,97.7956,1.6032,31.0621,32.6838,83.7675,25.7032,48.3663,114.26,2061117744.14,2.2591,0.1581,-0.1293,0.016,32.6838,48.0957,0.257
2024-07-22,91.984,97.1944,2.2044,34.8697,34.1703,83.5671,21.7416,48.4017,115.28,2748012938.0,2.1243,0.1528,-0.121,0.0313,34.1703,47.9397,0.2174
2024-07-23,91.1824,96.994,1.8036,32.4649,33.369,83.3667,21.774,47.7152,114.25,1680355867.5,2.0393,0.1487,-0.1284,0.0239,33.369,47.8926,0.2177
2024-07-24,90.7816,96.3928,0.4008,19.2385,30.4089,82.3647,17.0663,44.178,110.28,2785781536.08,1.9811,0.1395,-0.1572,-0.0397,30.4089,47.7643,0.1707
2024-07-25,89.7796,95.992,0.0,15.2305,28.4701,80.5611,30.787,44.8999,107.45,3123370461.05,1.8415,0.127,-0.1769,-0.0604,28.4701,47.3209,0.3079
2024-07-26,88.1764,95.3908,0.4008,21.0421,31.7172,69.7395,34.5517,44.8174,109.41,2029299590.01,1.6416,0.1114,-0.1599,-0.0314,31.7172,42.9745,0.3455
2024-07-29,87.1743,95.1904,0.2004,23.2465,30.5293,69.7395,33.5579,44.6698,107.85,1457877366.15,1.54,0.1087,-0.1693,-0.0169,30.5293,42.9783,0.3356
2024-07-30,86.7735,94.7896,0.0,11.6232,26.8561,75.5511,36.2062,43.6877,102.56,2452726604.96,1.5124,0.1064,-0.207,-0.087,26.8561,45.0964,0.3621
2024-07-31,86.5731,94.5892,1.6032,18.4369,37.8992,92.5852,46.9514,50.2515,109.82,2910620300.28,1.5102,0.1039,-0.1488,-0.0425,37.8992,53.1054,0.4695
2024-08-01,86.9739,93.5872,0.0,2.8056,31.9526,95.992,49.3382,47.8204,101.51,3212141836.0,1.5362,0.1012,-0.2099,-0.155,31.9526,56.1699,0.4934
2024-08-02,86.3727,92.5852,0.0,0.2004,27.0982,98.998,58.5986,48.5938,92.7,3340856088.0,1.5106,0.0964,-0.2745,-0.2224,27.0982,61.841,0.586
2024-08-05,86.7735,90.7816,0.0,0.2004,25.9974,98.7976,54.7548,47.7568,90.42,3343474264.68,1.5201,0.0889,-0.2884,-0.2422,25.9974,61.762,0.5475
2024-08-06,85.5711,90.3808,0.0,0.0,25.3078,98.5972,54.4065,47.3551,89.0,2354932346.0,1.5016,0.0842,-0.2954,-0.2445,25.3078,61.2341,0.5441
2024-08-07,85.1703,89.1784,0.0,0.0,24.2353,95.3908,52.072,46.2363,86.8,2559163980.8,1.4818,0.0816,-0.3081,-0.2841,24.2353,57.1879,0.5207
2024-08-08,84.5691,87.976,0.8016,0.2004,31.7019,99.3988,50.1284,47.2726,92.07,2279721239.73,1.4495,0.0796,-0.2613,-0.2515,31.7019,63.2845,0.5013
2024-08-09,83.9679,87.5752,1.002,0.2004,33.0634,98.7976,53.4119,47.7209,93.08,2013060241.4,1.4254,0.0791,-0.2486,-0.2542,33.0634,62.207,0.5341
2024-08-12,83.3667,86.5731,1.2024,0.2004,35.2117,99.5992,54.1331,48.0139,94.64,1787418454.64,1.4007,0.0778,-0.2321,-0.2595,35.2117,63.3993,0.5413
2024-08-13,82.3647,85.9719,1.8036,1.4028,38.9962,99.7996,55.9955,48.7919,97.44,2296215012.0,1.3853,0.0763,-0.2058,-0.2381,38.9962,65.2606,0.56
2024-08-14,75.9519,85.5711,2.004,2.2044,42.812,99.3988,54.3405,48.0235,100.41,2255074853.88,1.3405,0.075,-0.1779,-0.1986,42.812,64.0405,0.5434
2024-08-15,73.7475,85.1703,5.6112,4.008,50.1992,100.0,54.5971,49.5121,106.95,3115225375.65,1.3214,0.074,-0.1215,-0.1709,50.1992,68.7917,0.546
2024-08-16,72.9459,85.5711,6.8136,5.2104,51.2771,99.7996,55.9894,50.1393,107.99,1985201444.03,1.3155,0.0752,-0.1092,-0.153,51.2771,68.4192,0.5599
2024-08-19,69.3387,84.5691,7.6152,6.012,51.9872,99.5992,54.5844,49.6088,108.65,1710649486.2,1.2854,0.0739,-0.1006,-0.1396,51.9872,68.363,0.5458
2024-08-20,69.1383,84.5691,7.6152,5.6112,51.1838,99.3988,56.4351,49.6858,107.99,1735994108.92,1.2837,0.074,-0.1026,-0.1448,51.1838,68.337,0.5644
2024-08-21,66.9339,84.3687,8.2164,4.4088,51.5988,99.1984,57.8279,49.4954,108.33,1479651195.87,1.2472,0.0739,-0.0958,-0.1634,51.5988,67.263,0.5783
2024-08-22,65.7315,83.5671,5.2104,2.004,46.5026,99.1984,59.2899,47.9826,104.26,1873238481.66,1.2117,0.0722,-0.1253,-0.2141,46.5026,68.0092,0.5929
2024-08-23,66.3327,83.7675,4.6092,1.8036,44.85,98.998,56.3275,47.3029,102.85,2619079981.1,1.2219,0.0732,-0.1316,-0.2183,44.85,67.7287,0.5633
2024-08-26,66.9339,85.5711,3.006,1.8036,40.517,100.0,56.3778,46.9773,98.91,2646057530.34,1.2478,0.0752,-0.1586,-0.2168,40.517,68.8323,0.5638
2024-08-27,66.1323,84.7695,2.8056,1.8036,39.4238,98.3968,55.1194,46.1983,97.86,1686579130.32,1.2252,0.0748,-0.1613,-0.2171,39.4238,66.7276,0.5512
2024-08-28,64.7295,85.5711,2.004,0.2004,36.402,96.1924,53.3718,44.7722,94.86,2425004834.4,1.2094,0.0756,-0.1796,-0.2599,36.402,61.9121,0.5337
2024-08-29,61.9238,85.5711,3.006,1.002,37.6206,91.984,48.8693,43.4872,95.57,1814328404.16,1.172,0.0758,-0.1651,-0.2453,37.6206,56.0126,0.4887
2024-08-30,58.1162,84.1683,4.4088,0.2004,38.8121,72.5451,48.5993,40.099,96.24,1811175880.08,1.1299,0.0744,-0.1521,-0.2802,38.8121,45.4472,0.486
2024-09-03,55.1102,87.1743,1.4028,0.0,31.4223,89.7796,42.8281,40.2979,88.58,2559716721.98,1.1057,0.0787,-0.2125,-0.319,31.4223,53.8708,0.4283
2024-09-04,50.9018,87.976,2.2044,0.2004,32.7013,89.3788,32.4392,38.4466,89.29,1460465366.83,1.0809,0.0797,-0.1991,-0.3181,32.7013,53.6658,0.3244
2024-09-05,47.6954,87.1743,2.4048,0.0,32.8912,87.1743,31.3366,37.4185,89.39,1241685203.5,1.0462,0.079,-0.1907,-0.337,32.8912,52.834,0.3134
2024-09-06,47.0942,85.9719,1.6032,0.0,30.1355,82.5651,35.0499,36.6378,86.38,2037449119.86,1.0371,0.0781,-0.21,-0.3605,30.1355,49.6487,0.3505
2024-09-09,46.2926,85.7715,2.4048,0.0,30.0364,81.5631,39.3946,37.1493,86.27,1770811924.11,1.0286,0.0779,-0.2043,-0.3871,30.0364,49.3774,0.3939
2024-09-10,45.491,85.3707,2.8056,0.0,31.3182,80.7615,37.5022,36.7932,86.85,1478101105.35,1.0192,0.0777,-0.1923,-0.3933,31.3182,48.957,0.375
2024-09-11,45.0902,83.3667,5.8116,0.6012,39.1798,82.7655,34.3738,37.8416,90.65,1892733745.7,1.0072,0.075,-0.1505,-0.3587,39.1798,50.4143,0.3437
2024-09-12,45.0902,83.3667,3.8076,0.0,35.2466,82.3647,28.2432,35.9776,87.21,2701985133.15,1.0146,0.075,-0.1757,-0.4101,35.2466,50.2335,0.2824
2024-09-13,43.8878,82.5651,7.4148,0.2004,42.4938,75.7515,22.4259,35.3287,91.22,1939988328.36,0.9832,0.0744,-0.1303,-0.4055,42.4938,47.1939,0.2243
2024-09-16,43.8878,83.9679,4.6092,0.4008,37.8925,79.9599,22.3584,35.0989,87.18,2309774730.42,0.9886,0.0756,-0.1617,-0.3954,37.8925,48.4867,0.2236
2024-09-17,43.6874,82.3647,6.8136,1.002,40.5522,80.5611,22.1151,35.7593,88.73,1574491490.04,0.9835,0.0745,-0.1399,-0.3641,40.5522,49.1842,0.2212
2024-09-18,43.2866,80.1603,6.6132,1.002,38.9528,80.5611,22.1653,35.2862,87.35,1758407298.55,0.9828,0.0726,-0.146,-0.3716,38.9528,49.1975,0.2217
2024-09-19,44.0882,79.3587,9.018,1.2024,42.3255,82.3647,13.1225,35.0887,89.25,2249891736.75,0.9996,0.0714,-0.1193,-0.3676,42.3255,50.2987,0.1312
2024-09-20,45.0902,79.1583,10.4208,1.6032,45.1591,81.9639,15.4844,36.1372,90.9,2609814628.8,1.015,0.0711,-0.096,-0.3615,45.1591,50.0418,0.1548
2024-09-23,44.0882,78.9579,14.2285,2.8056,49.4842,84.3687,16.9278,37.9185,93.57,2188986030.57,1.0019,0.0707,-0.062,-0.2924,49.4842,51.5379,0.1693
2024-09-24,43.0862,78.3567,15.4309,3.006,50.1658,81.5631,18.4515,37.8545,94.0,2166064278.0,0.9873,0.0691,-0.0507,-0.2853,50.1658,49.9868,0.1845
2024-09-25,49.0982,82.3647,22.0441,3.6072,52.9785,82.5651,19.968,41.2289,95.77,5244634122.16,1.0678,0.0748,-0.0266,-0.2718,52.9785,50.4364,0.1997
2024-09-26,68.1363,91.1824,89.1784,7.014,68.3258,100.0,41.5953,66.2983,109.88,11863290345.0,1.2786,0.0904,0.119,-0.1713,68.3258,69.1406,0.416
2024-09-27,75.7515,91.7836,81.1623,6.2124,64.5016,100.0,40.8428,65.282,107.5,4618219242.5,1.3389,0.0948,0.097,-0.2143,64.5016,69.9154,0.4084
2024-09-30,82.3647,92.986,62.7255,6.6132,58.8526,100.0,42.1843,62.4033,103.71,4109790115.23,1.3861,0.0985,0.0606,-0.2119,58.8526,71.4651,0.4218
2024-10-01,83.1663,92.986,46.0922,5.4108,54.2616,97.3948,41.1698,58.0145,100.31,3441612627.46,1.4003,0.0987,0.029,-0.2325,54.2616,65.397,0.4117
2024-10-02,83.7675,93.7876,44.6894,5.2104,53.6517,97.3948,44.4954,58.312,99.85,2629514802.5,1.4235,0.1014,0.0273,-0.2386,53.6517,65.5043,0.445
2024-10-03,84.3687,94.3888,55.7114,4.4088,55.9357,97.3948,44.4281,60.7648,101.82,2258026604.82,1.4441,0.1034,0.0494,-0.2535,55.9357,65.6637,0.4443
2024-10-04,84.3687,94.5892,58.517,6.8136,56.4403,96.1924,42.0621,61.2219,102.25,2243958561.25,1.4457,0.1059,0.055,-0.2149,56.4403,63.8923,0.4206
2024-10-07,84.5691,94.3888,63.7275,6.012,57.2494,95.992,41.0051,62.046,102.91,2238213568.03,1.4523,0.1056,0.0632,-0.2294,57.2494,63.7955,0.4101
2024-10-08,84.5691,94.5892,62.3246,7.014,56.6145,96.1924,35.6978,61.1063,102.54,1933726698.18,1.4594,0.1061,0.0606,-0.2165,56.6145,63.9455,0.357
2024-10-09,84.3687,95.1904,56.513,8.016,55.1199,94.7896,35.3248,59.7085,101.7,1875612623.4,1.456,0.1098,0.0521,-0.2023,55.1199,62.8485,0.3532
2024-10-10,84.1683,95.1904,80.5611,12.024,60.4596,93.5872,36.1858,65.572,105.69,2917631319.33,1.4553,0.1109,0.0943,-0.1156,60.4596,61.5681,0.3619
2024-10-11,83.9679,94.99,85.3707,14.2285,61.962,91.1824,35.946,66.5681,106.92,2045799581.76,1.4541,0.1106,0.1058,-0.0897,61.962,60.1502,0.3595
2024-10-14,82.7655,94.5892,88.3768,17.6353,63.6779,89.7796,34.7882,67.2473,108.34,1627472104.3,1.4359,0.1093,0.1168,-0.0518,63.6779,56.7722,0.3479
2024-10-15,83.5671,94.7896,69.1383,13.4269,55.9791,90.3808,34.7774,62.2273,104.32,2443083850.24,1.4518,0.1101,0.0723,-0.0951,55.9791,59.2529,0.3478
2024-10-16,84.3687,95.5912,88.3768,18.6373,62.0298,90.7816,32.9686,67.4509,109.24,2234054568.16,1.4589,0.114,0.1182,-0.0439,62.0298,60.0176,0.3297
2024-10-17,84.5691,95.7916,92.5852,30.6613,64.9896,90.982,32.9696,70.4725,112.05,2978824823.1,1.471,0.1204,0.1411,0.0161,64.9896,60.1219,0.3297
2024-10-18,82.9659,95.7916,91.1824,36.4729,63.288,91.5832,39.9155,71.7851,111.15,1856244347.1,1.4507,0.1241,0.1276,0.0344,63.288,60.4463,0.3992
2024-10-21,81.5631,95.5912,83.3667,25.0501,59.4335,92.3848,43.767,68.5906,109.08,1617593133.6,1.4349,0.1239,0.103,-0.003,59.4335,60.8418,0.4377
2024-10-22,80.9619,95.7916,76.3527,25.6513,57.1518,93.1864,50.0663,68.0448,107.82,1483394137.02,1.4168,0.1243,0.0873,-0.0003,57.1518,61.2214,0.5007
2024-10-23,71.5431,94.7896,57.9158,32.2645,52.39,94.1884,38.8826,61.8329,105.05,1594090259.3,1.331,0.1154,0.0578,0.0243,52.39,62.1272,0.3888
2024-10-24,48.0962,88.5772,69.3387,20.8417,55.013,41.6834,31.763,49.5844,106.85,1411065053.45,1.0905,0.096,0.0745,-0.027,55.013,38.0034,0.3176
2024-10-25,40.2806,86.3727,75.1503,46.6934,56.5318,39.479,27.7761,52.4549,107.91,1323504711.54,1.0137,0.0888,0.085,0.063,56.5318,37.3989,0.2778
2024-10-28,35.6713,85.9719,66.1323,68.1363,53.7306,34.2685,25.1879,51.6863,106.39,1317217356.14,0.9487,0.0865,0.07,0.1477,53.7306,35.3593,0.2519
2024-10-29,32.2645,85.7715,76.7535,76.3527,56.4663,30.8617,1.8976,50.781,108.18,1640504264.4,0.9057,0.0856,0.0881,0.1964,56.4663,33.2614,0.019
2024-10-30,28.4569,84.3687,50.9018,70.1403,49.2791,37.2745,2.9108,44.3625,104.08,1490610029.76,0.8792,0.0827,0.0477,0.1694,49.2791,36.4407,0.0291
2024-10-31,26.6533,83.1663,29.8597,67.7355,42.922,44.8898,-1.2379,39.2869,99.65,1976091786.6,0.8709,0.0802,0.0049,0.148,42.922,39.199,-0.0124
2024-11-01,25.0501,80.7615,30.6613,53.1062,43.0648,44.8898,-1.1206,36.8037,99.73,1358654501.44,0.8503,0.0781,0.0066,0.0832,43.0648,39.1566,-0.0112
2024-11-04,24.2485,80.1603,40.8818,55.511,46.6587,46.493,0.2969,39.8407,101.73,1603849340.58,0.8345,0.0779,0.027,0.0929,46.6587,39.7905,0.003
2024-11-05,22.4449,79.1583,61.523,61.3226,52.7032,59.3186,0.4802,47.0257,105.49,1273464625.51,0.8185,0.0763,0.0636,0.1146,52.7032,41.8548,0.0048
2024-11-06,23.2465,75.7515,90.5812,67.3347,60.7746,68.7375,4.0685,56.2769,111.83,2270655701.73,0.8252,0.0742,0.1243,0.1477,60.7746,46.2621,0.0407
2024-11-07,19.0381,72.7455,92.3848,64.1283,62.4925,67.1343,6.02,55.4488,113.41,1538955327.58,0.7941,0.071,0.136,0.1295,62.4925,44.6844,0.0602
2024-11-08,18.4369,71.9439,87.7756,37.6754,59.7972,67.3347,5.6579,50.0949,111.9,1459816179.9,0.7801,0.0694,0.1172,0.0463,59.7972,44.9665,0.0566
2024-11-11,18.2365,71.7435,73.5471,25.0501,54.3626,69.1383,11.9299,45.9732,108.65,1573217340.65,0.7776,0.0691,0.0821,0.0061,54.3626,46.1282,0.1193
2024-11-12,17.8357,71.9439,45.6914,16.2325,47.8112,70.7415,20.9208,39.9733,104.1,2275569786.0,0.7721,0.0695,0.0336,-0.0419,47.8112,46.7005,0.2092
2024-11-13,17.2345,70.5411,24.4489,11.8236,42.718,67.9359,26.2538,34.7029,99.92,1840134214.0,0.7617,0.0673,-0.01,-0.0747,42.718,45.4897,0.2625
2024-11-14,16.4329,67.9359,20.8417,11.6232,41.8677,66.3327,24.4442,32.9736,99.18,1830835922.22,0.7348,0.0646,-0.0193,-0.0845,41.8677,44.1034,0.2444
2024-11-15,16.2325,66.7335,13.6273,12.024,38.6851,67.5351,23.2041,31.1167,96.34,1784052829.32,0.7318,0.0617,-0.0492,-0.076,38.6851,44.8502,0.232
2024-11-18,15.6313,66.5331,14.6293,15.0301,40.6855,68.1363,23.0992,31.9322,97.51,1389623883.41,0.7261,0.0613,-0.0398,-0.0519,40.6855,45.1246,0.231
2024-11-19,15.0301,66.3327,14.8297,21.8437,41.0748,68.3367,23.381,32.9954,97.73,1383882405.26,0.7232,0.06,-0.0397,-0.0119,41.0748,45.1481,0.2338
2024-11-20,11.6232,66.1323,16.4329,25.4509,42.2619,67.1343,32.9928,34.7062,98.37,1031922056.07,0.7102,0.0589,-0.0349,0.0052,42.2619,44.6044,0.3299
2024-11-21,14.0281,66.1323,31.2625,52.3046,49.7418,72.5451,36.0452,44.0784,102.76,1943702008.92,0.72,0.059,0.0051,0.0833,49.7418,47.1447,0.3605
2024-11-22,13.0261,66.1323,30.4609,48.6974,49.5528,72.3447,37.5642,43.4055,102.64,1238216115.2,0.7176,0.0594,0.0017,0.074,49.5528,46.9399,0.3756
2024-11-25,16.4329,66.3327,36.0721,52.9058,52.5308,73.1463,41.6043,46.7142,104.48,2386097941.12,0.7402,0.0605,0.0162,0.0856,52.5308,47.2544,0.416
2024-11-26,16.8337,66.3327,24.4489,67.7355,48.079,74.5491,40.6614,46.2979,101.8,1962244576.6,0.7462,0.0608,-0.0123,0.1492,48.079,47.5741,0.4066
2024-11-27,16.8337,66.5331,13.6273,55.511,42.8284,73.7475,46.1912,42.5041,98.2,1673960506.2,0.7502,0.0615,-0.0493,0.0998,42.8284,47.3213,0.4619
2024-11-29,15.8317,66.7335,13.2265,54.9098,42.4815,67.7355,45.9566,41.2318,97.95,1328178002.25,0.7355,0.0626,-0.0533,0.0958,42.4815,44.8297,0.4596
2024-12-02,16.0321,67.1343,14.4289,65.3307,43.6611,68.1363,45.4399,43.2061,98.55,1628581422.15,0.7405,0.0639,-0.0489,0.1409,43.6611,44.8953,0.4544
2024-12-03,16.8337,69.1383,16.4329,68.5371,46.2151,67.1343,39.1586,43.5715,99.84,2344180001.28,0.7547,0.066,-0.0376,0.1573,46.2151,44.5459,0.3916
2024-12-04,17.2345,69.5391,27.0541,74.3487,52.2827,66.5331,38.7781,47.1272,103.2,1682798808.0,0.7623,0.0664,-0.007,0.1883,52.2827,44.205,0.3878
2024-12-05,15.8317,70.7415,19.0381,58.9178,48.2203,43.8878,36.6392,38.9953,100.87,1356583179.49,0.7414,0.0676,-0.0304,0.1127,48.2203,38.7827,0.3664
2024-12-06,14.6293,71.1423,20.4409,68.7375,48.7722,43.2866,35.3681,40.3828,101.17,1252571100.35,0.7346,0.0683,-0.0258,0.1601,48.7722,38.2521,0.3537
2024-12-09,14.4289,71.5431,26.4529,62.1242,51.8144,44.6894,34.8504,41.0403,102.82,1454061315.48,0.7345,0.0693,-0.0091,0.1272,51.8144,38.8987,0.3485
2024-12-10,16.2325,72.5451,13.2265,61.3226,43.8011,53.9078,28.1342,38.2195,98.1,2310108634.8,0.7487,0.0708,-0.0535,0.1253,43.8011,40.8544,0.2813
2024-12-11,14.0281,72.1443,23.6473,67.1343,50.6836,56.1122,21.2567,40.7919,102.055,1556172298.295,0.7321,0.0705,-0.0157,0.1502,50.6836,41.2326,0.2126
2024-12-12,14.0281,73.5471,13.6273,60.3206,44.9634,53.7074,12.0027,35.5853,98.24,1899446036.48,0.7328,0.072,-0.0522,0.1247,44.9634,40.8728,0.12
2024-12-13,15.8317,74.5491,25.8517,66.7335,51.5403,65.3307,7.401,41.0738,102.5,2452392655.0,0.7453,0.0736,-0.0112,0.1485,51.5403,43.5542,0.074
2024-12-16,20.4409,84.3687,50.7014,74.7495,58.7228,70.9419,13.5148,51.3965,108.26,4627156357.7,0.8025,0.083,0.0431,0.191,58.7228,45.8085,0.1351
2024-12-17,25.0501,85.7715,51.503,68.7375,59.1081,70.7415,12.3404,51.319,108.6,3889103053.2,0.8528,0.0863,0.0453,0.1606,59.1081,45.7569,0.1234
2024-12-18,36.6733,87.1743,28.8577,54.1082,51.8969,78.3567,13.4182,47.0621,103.9,6548221964.7,0.9575,0.0908,-0.0002,0.1053,51.8969,49.038,0.1342
2024-12-19,49.499,89.98,5.01,10.6212,35.3061,100.0,35.3873,42.8567,87.09,7959731635.8,1.1,0.1006,-0.1596,-0.0906,35.3061,80.3537,0.3539
2024-12-20,55.7114,88.7776,7.4148,8.4168,39.0862,99.7996,32.6397,43.7545,90.12,4468000811.88,1.149,0.0968,-0.1278,-0.1798,39.0862,79.6439,0.3264
2024-12-23,57.515,88.5772,7.2144,9.018,38.7642,99.5992,33.5013,44.1221,89.72,2336436471.56,1.1696,0.0967,-0.1287,-0.1654,38.7642,79.6229,0.335
2024-12-24,54.7094,87.976,7.014,10.2204,38.3895,99.3988,29.8612,43.1678,89.28,1147047655.68,1.1427,0.0963,-0.1298,-0.1391,38.3895,79.1028,0.2986
2024-12-26,53.3066,87.3747,8.2164,11.022,39.1666,99.1984,29.8768,43.308,89.82,1302937183.44,1.1278,0.0955,-0.122,-0.1046,39.1666,78.946,0.2988
2024-12-27,53.1062,86.7735,7.014,10.8216,38.0283,98.998,25.6237,42.1654,88.63,1721414668.29,1.1269,0.0926,-0.1302,-0.1124,38.0283,78.22,0.2562
2024-12-30,54.3086,85.7715,5.4108,9.4188,34.9742,99.1984,28.9554,41.9389,85.31,1878757219.48,1.1371,0.0906,-0.1583,-0.1621,34.9742,79.082,0.2896
2024-12-31,54.1082,84.5691,4.2084,8.6172,33.957,98.998,28.9246,41.2915,84.16,1573059303.04,1.1349,0.0884,-0.1652,-0.1769,33.957,78.9609,0.2892
2025-01-02,52.1042,83.5671,7.6152,10.2204,39.2062,99.7996,30.8922,42.7529,87.33,1647039433.5,1.1201,0.0854,-0.13,-0.1514,39.2062,80.2501,0.3089
2025-01-03,51.3026,83.7675,10.4208,11.022,43.1081,99.5992,42.4501,45.4278,89.87,1571333363.05,1.1172,0.0857,-0.1015,-0.1236,43.1081,79.9737,0.4245
2025-01-06,58.1162,84.7695,27.6553,20.8417,54.6868,100.0,48.3557,53.5737,99.26,4258576396.48,1.1727,0.0888,-0.0065,-0.024,54.6868,88.1002,0.4836
2025-01-07,62.9259,86.7735,39.2786,19.2385,57.3264,100.0,47.3521,56.6932,101.91,5459319922.92,1.2517,0.093,0.021,-0.0358,57.3264,88.6223,0.4735
2025-01-08,65.5311,86.9739,28.6573,14.0281,54.1233,100.0,46.2076,53.7062,99.41,3331908865.58,1.2856,0.0949,-0.0023,-0.0702,54.1233,88.8472,0.4621
2025-01-10,63.9279,85.7715,29.2585,13.6273,54.0323,99.3988,45.0437,53.1317,99.34,2037702511.38,1.2775,0.0917,-0.0016,-0.0831,54.0323,87.221,0.4504
2025-01-13,65.7315,85.3707,15.0301,13.2265,48.6447,99.3988,45.7871,50.0291,95.06,2157772548.54,1.2871,0.0912,-0.0421,-0.0888,48.6447,87.3221,0.4579
2025-01-14,64.9299,84.3687,23.0461,12.024,51.4464,98.998,45.5854,51.4213,97.36,1812205199.92,1.2839,0.0899,-0.0176,-0.1088,51.4464,86.8409,0.4559
2025-01-15,65.7315,83.7675,49.6994,14.2285,57.7401,99.3988,52.7741,58.9106,103.19,2844752135.81,1.2878,0.0889,0.0405,-0.0791,57.7401,88.0407,0.5277
2025-01-16,60.9218,81.7635,47.2946,14.4289,56.9357,98.5972,52.8137,57.3431,102.6,1666616445.0,1.2261,0.0848,0.034,-0.0769,56.9357,85.6753,0.5281
2025-01-17,57.9158,79.9599,63.7275,21.6433,60.1291,98.5972,52.9187,61.4156,105.75,1999594073.25,1.1864,0.082,0.0648,-0.0305,60.1291,86.4562,0.5292
2025-01-21,46.493,79.1583,82.1643,29.2585,63.4891,98.3968,52.8022,64.7402,109.38,2574110527.62,1.1024,0.0807,0.1005,0.0145,63.4891,85.7514,0.528
2025-01-22,33.8677,71.3427,81.9639,35.8717,63.2519,82.9659,47.9551,59.9513,109.23,2185060295.22,0.9828,0.0744,0.0996,0.0398,63.2519,53.8485,0.4796
2025-01-23,30.4609,74.7495,58.1162,22.8457,56.5883,84.1683,40.0371,51.3838,104.84,2377508261.28,0.939,0.077,0.0572,-0.0188,56.5883,56.1798,0.4004
2025-01-24,29.8597,76.3527,50.3006,18.6373,54.2739,84.1683,42.1796,49.3495,103.19,2037336614.93,0.9319,0.0782,0.0424,-0.0437,54.2739,56.6477,0.4218
2025-01-27,34.8697,78.9579,11.4228,10.6212,41.0401,95.992,45.9346,42.397,91.11,4618927410.93,0.9975,0.0805,-0.0763,-0.1436,41.0401,73.4081,0.4593
2025-01-28,37.8758,80.5611,10.4208,8.4168,38.638,95.992,46.4043,42.3074,88.25,3070529640.25,1.0301,0.0831,-0.1025,-0.1842,38.638,74.2934,0.464
2025-01-29,38.8778,82.3647,11.4228,10.6212,39.6489,95.7916,46.1486,43.2018,89.01,2255758978.59,1.0391,0.0863,-0.0927,-0.1448,39.6489,74.2132,0.4615
2025-01-30,38.8778,82.9659,13.2265,15.6313,44.1953,95.5912,43.9649,44.4712,92.5,2080954647.5,1.0413,0.088,-0.0559,-0.0718,44.1953,73.9403,0.4396
2025-01-31,39.0782,82.5651,12.8257,14.4289,42.9377,95.5912,47.5342,44.6103,91.24,1874080548.8,1.0457,0.0875,-0.0677,-0.0851,42.9377,73.9448,0.4753
2025-02-03,38.6774,81.7635,11.8236,12.024,41.6021,94.99,51.703,44.3104,89.92,1673206272.32,1.0449,0.0861,-0.0798,-0.1161,41.6021,73.1593,0.517
2025-02-04,37.6754,81.5631,12.6253,11.2224,42.6785,94.7896,48.8482,43.8296,90.66,1162919482.26,1.036,0.0858,-0.0709,-0.1406,42.6785,72.5075,0.4885
2025-02-05,32.0641,78.7575,16.8337,9.8196,46.8689,90.1804,51.9104,43.5256,93.6,1468067702.4,0.9793,0.0825,-0.0398,-0.163,46.8689,63.7196,0.5191
2025-02-06,25.0501,73.1463,22.0441,9.4188,48.1734,89.1784,50.9468,42.7299,94.54,1525965507.54,0.9,0.0776,-0.0285,-0.1664,48.1734,62.9829,0.5095
2025-02-07,19.0381,68.3367,15.2305,9.018,45.318,88.978,51.5241,39.6953,92.3,1440130871.4,0.8614,0.074,-0.0495,-0.1752,45.318,62.9455,0.5152
2025-02-10,18.0361,72.3447,28.4569,12.8257,50.4443,91.1824,46.836,43.3023,95.93,1555787751.64,0.851,0.0767,-0.0104,-0.1171,50.4443,64.7137,0.4684
2025-02-11,16.8337,71.7435,22.4449,14.2285,47.9758,89.1784,44.6236,41.1905,94.08,1140628930.56,0.8302,0.0762,-0.0279,-0.0963,47.9758,63.1529,0.4462
2025-02-12,17.0341,72.3447,15.0301,16.4329,44.9057,88.978,45.3501,39.9003,91.68,2097140302.56,0.8355,0.0769,-0.0515,-0.0825,44.9057,63.0698,0.4535
2025-02-13,13.0261,70.9419,29.2585,23.0461,50.5563,86.5731,48.4402,43.6644,95.66,1586027207.42,0.8095,0.0758,-0.0098,-0.0355,50.5563,61.275,0.4844
2025-02-14,14.0281,73.9479,47.8958,36.6733,55.3403,89.1784,46.7909,50.5086,99.52,2118237520.32,0.817,0.078,0.0299,0.033,55.3403,63.1643,0.4679
2025-02-18,17.0341,79.5591,85.5711,54.3086,62.667,92.5852,43.6253,62.4698,106.79,3165453268.29,0.8378,0.0831,0.1036,0.0952,62.667,67.3297,0.4363
2025-02-19,14.8297,78.7575,73.3467,45.8918,59.1726,91.984,39.2891,57.2615,104.36,1865498450.88,0.8225,0.0828,0.0782,0.0678,59.1726,66.6219,0.3929
2025-02-20,12.024,78.3567,66.5331,39.2786,57.496,91.984,44.2615,55.0241,103.18,1494866681.0,0.8079,0.0826,0.0655,0.0489,57.496,66.697,0.4426
2025-02-21,10.6212,73.7475,42.485,22.2445,51.6945,92.1844,47.6182,46.9414,98.84,1843420460.84,0.7968,0.0782,0.0212,-0.0381,51.6945,66.8486,0.4762
2025-02-24,9.6192,69.3387,27.6553,17.6353,47.6061,92.5852,44.0772,41.8131,95.41,1420055916.02,0.7839,0.0756,-0.0127,-0.0704,47.6061,67.6985,0.4408
2025-02-25,4.2084,63.3267,19.8397,14.0281,45.1507,73.9479,42.7935,35.0624,93.22,1734634497.3,0.7276,0.0711,-0.0344,-0.1078,45.1507,51.3411,0.4279
2025-02-26,2.4048,61.3226,37.6754,22.2445,50.7582,75.5511,42.4138,40.1353,97.71,2084659558.41,0.7078,0.0693,0.013,-0.0402,50.7582,52.2418,0.4241
2025-02-27,2.2044,57.9158,16.6333,18.4369,44.3525,80.5611,41.8913,35.0175,91.82,2055484356.4,0.703,0.0662,-0.0468,-0.065,44.3525,57.3979,0.4189
2025-02-28,2.2044,55.1102,23.4469,21.4429,46.5834,79.3587,38.6597,36.1086,93.63,2187101016.51,0.7044,0.063,-0.0262,-0.0441,46.5834,56.1631,0.3866
2025-03-03,2.004,54.7094,14.0281,16.8337,43.3856,80.3607,39.4315,33.4096,90.54,1836310097.7,0.7041,0.0626,-0.0549,-0.0813,43.3856,57.2652,0.3943
2025-03-04,2.6052,53.7074,17.0341,16.0321,44.2657,79.9599,33.4554,33.012,91.2,2153368526.4,0.7134,0.0609,-0.0445,-0.0865,44.2657,57.0719,0.3346
2025-03-05,2.6052,52.505,30.0601,16.2325,48.3772,80.5611,29.3393,35.4109,94.34,1321732834.08,0.7165,0.059,-0.0096,-0.0859,48.3772,58.2331,0.2934
2025-03-06,3.2064,52.1042,13.4269,13.4269,42.8771,82.9659,29.0331,31.4784,89.27,1670070658.68,0.7201,0.0568,-0.0633,-0.115,42.8771,60.4677,0.2903
2025-03-07,3.6072,51.9038,24.2485,17.6353,47.5509,86.5731,26.4708,34.9381,92.96,1778688645.44,0.7259,0.055,-0.0251,-0.0812,47.5509,62.239,0.2647
2025-03-10,5.4108,51.7034,11.8236,10.8216,41.6964,90.982,26.2612,31.7261,87.08,1906863384.72,0.7355,0.0537,-0.0863,-0.1531,41.6964,65.9023,0.2626
2025-03-11,6.2124,51.3026,13.4269,15.2305,44.1762,89.98,27.4289,33.061,89.05,1955728656.05,0.7429,0.0518,-0.0656,-0.0923,44.1762,64.7911,0.2743
2025-03-12,8.016,51.3026,35.0701,20.0401,51.5934,94.1884,30.4292,40.2047,95.64,2255636499.84,0.7641,0.0518,0.0023,-0.0629,51.5934,69.7032,0.3043
2025-03-13,7.2144,50.9018,30.8617,26.0521,50.7558,93.7876,31.1058,40.0621,94.88,1786041708.96,0.7576,0.0505,-0.0069,-0.0342,50.7558,69.0826,0.3111
2025-03-14,8.6172,50.9018,57.7154,28.2565,56.6494,94.3888,33.7564,47.051,100.79,2481798331.82,0.7742,0.051,0.0515,-0.0167,56.6494,70.7593,0.3376
2025-03-17,8.016,50.501,69.5391,22.6453,58.7371,93.988,34.1074,48.6451,103.11,1762661222.49,0.7684,0.0498,0.0715,-0.0476,58.7371,69.8411,0.3411
2025-03-18,5.4108,49.8998,58.1162,20.0401,56.9669,89.1784,33.0036,44.4549,101.72,1875103733.56,0.7432,0.0469,0.0539,-0.0634,56.9669,65.081,0.33
2025-03-19,4.4088,49.2986,58.517,28.4569,57.3059,88.5772,33.8535,45.6583,102.06,1697571838.62,0.7402,0.0456,0.0547,-0.0177,57.3059,64.6462,0.3385
2025-03-20,8.2164,49.6994,64.7295,73.1463,58.2841,88.3768,35.0004,54.4552,103.0,3008051758.0,0.7712,0.0467,0.0636,0.1827,58.2841,64.6251,0.35
2025-03-21,18.6373,50.9018,24.4489,41.2826,47.8778,93.5872,31.3599,42.4978,94.72,5990050839.04,0.8588,0.0516,-0.0204,0.051,47.8778,69.6489,0.3136
2025-03-24,25.0501,51.7034,34.6693,51.1022,50.4331,92.986,35.876,47.8997,96.94,3432320360.18,0.9,0.0538,0.0031,0.0805,50.4331,69.0438,0.3588
2025-03-25,26.2525,51.9038,23.6473,42.8858,47.3266,93.3868,28.6526,43.3291,94.18,2090017602.3,0.9137,0.055,-0.0245,0.0549,47.3266,69.3337,0.2865
2025-03-26,27.8557,51.9038,16.8337,36.2725,45.1043,90.982,28.7257,40.6429,92.13,2508159281.16,0.9263,0.0553,-0.0451,0.0257,45.1043,67.4957,0.2873
2025-03-27,26.4529,51.9038,14.2285,37.6754,44.0503,86.5731,29.2212,39.4295,91.16,1427435697.0,0.9167,0.0558,-0.0539,0.0285,44.0503,63.8781,0.2922
2025-03-28,25.4509,51.9038,12.2244,39.6794,41.1467,87.1743,32.961,39.5398,88.44,1513915212.48,0.9044,0.0559,-0.0794,0.0367,41.1467,64.2678,0.3296
2025-03-31,26.2525,51.3026,11.6232,38.477,39.5469,85.7715,38.8663,39.8147,86.89,1832470478.16,0.9098,0.0552,-0.0925,0.0324,39.5469,63.5042,0.3887
2025-04-01,24.0481,51.9038,13.0261,34.2685,42.3797,86.5731,39.8438,39.7436,88.71,1360544471.61,0.8961,0.0565,-0.0702,0.0158,42.3797,63.9447,0.3984
2025-04-02,25.0501,51.7034,13.6273,29.2585,42.2509,83.1663,40.971,38.8878,88.6,1286496453.6,0.901,0.0564,-0.0673,-0.0141,42.2509,62.5788,0.4097
2025-04-03,29.8597,52.1042,1.6032,4.8096,29.6597,98.3968,53.0706,36.4175,74.34,3333366868.86,0.9371,0.0569,-0.2116,-0.2511,29.6597,86.0214,0.5307
2025-04-04,32.6653,50.1002,0.2004,1.4028,24.3811,100.0,61.9896,36.8969,64.72,3283741484.64,0.9676,0.0545,-0.3078,-0.3649,24.3811,95.2984,0.6199
2025-04-07,35.2705,49.0982,1.002,3.006,29.5074,100.0,53.8257,36.8763,68.37,3430922555.52,0.9992,0.0518,-0.2632,-0.3122,29.5074,96.934,0.5383
2025-04-08,36.4729,48.2966,0.6012,2.4048,27.9266,99.7996,53.0929,36.5081,65.54,2675465228.72,1.0135,0.0508,-0.2898,-0.3402,27.9266,96.6009,0.5309
2025-04-09,42.0842,47.6954,6.8136,9.4188,42.404,100.0,48.6696,40.3986,77.87,4916123647.89,1.0647,0.0488,-0.1543,-0.1808,42.404,113.7532,0.4867
2025-04-10,46.0922,47.2946,1.8036,4.008,37.2882,100.0,40.2498,37.3715,70.05,3144002593.2,1.092,0.048,-0.2361,-0.2805,37.2882,118.687,0.4025
2025-04-11,45.2906,46.8938,1.8036,2.8056,36.981,99.7996,38.8732,36.7635,69.55,2142678664.75,1.0866,0.047,-0.2377,-0.326,36.981,115.3553,0.3887
2025-04-14,47.2946,47.0942,2.4048,3.6072,38.583,99.5992,38.48,37.3958,71.02,2317718808.68,1.0977,0.0471,-0.2181,-0.3078,38.583,115.2696,0.3848
2025-04-15,45.491,46.493,2.6052,2.8056,38.6059,99.7996,38.7226,37.0537,71.04,1359176707.2,1.0885,0.0469,-0.2147,-0.3282,38.6059,115.4552,0.3872
2025-04-16,47.0942,46.2926,2.4048,1.4028,37.3262,99.1984,38.1344,36.7173,69.33,1974162251.79,1.096,0.0469,-0.2299,-0.3662,37.3262,115.1962,0.3813
2025-04-17,42.2846,45.0902,2.4048,1.2024,36.9177,98.998,37.8307,35.7291,68.8,1423721056.0,1.0671,0.0453,-0.2316,-0.3701,36.9177,114.798,0.3783
2025-04-21,33.0661,43.2866,1.6032,2.2044,35.3008,98.5972,38.6266,34.0535,66.74,1323196717.08,0.974,0.0416,-0.2499,-0.3634,35.3008,112.4125,0.3863
2025-04-22,29.6593,41.6834,4.2084,3.8076,40.063,98.7976,38.7394,34.6669,70.21,1428856488.22,0.9334,0.0396,-0.207,-0.3196,40.063,114.1442,0.3874
2025-04-23,29.0581,40.481,6.4128,10.6212,43.5693,99.7996,40.4986,36.6842,72.93,1924284450.66,0.9301,0.0385,-0.172,-0.1995,43.5693,115.6132,0.405
2025-04-24,27.6553,40.2806,12.6253,15.6313,48.8851,99.7996,41.0249,39.0583,77.42,1848445158.42,0.917,0.0378,-0.1177,-0.1227,48.8851,118.3577,0.4102
2025-04-25,28.2565,40.0802,15.0301,17.8357,51.4726,100.0,41.399,40.285,79.78,1575352554.02,0.9208,0.0376,-0.0883,-0.1037,51.4726,119.1471,0.414
2025-04-28,28.0561,40.6814,14.0281,14.2285,50.0618,99.7996,40.1567,39.2161,78.56,1326282365.28,0.9185,0.0379,-0.0987,-0.1507,50.0618,118.8725,0.4016
2025-04-29,26.4529,40.6814,12.8257,13.4269,48.1064,99.7996,39.5086,38.3221,76.88,1314488243.36,0.9082,0.0383,-0.1134,-0.1574,48.1064,118.9323,0.3951
2025-04-30,27.0541,40.0802,13.2265,15.0301,48.1972,99.1984,37.0809,38.2275,76.95,1522014980.4,0.9118,0.0378,-0.1064,-0.1442,48.1972,118.5463,0.3708
2025-05-01,27.0541,40.481,15.4309,15.4309,49.3159,99.3988,36.9539,38.8915,77.77,1193695229.65,0.9108,0.0379,-0.0913,-0.1422,49.3159,118.6985,0.3695
2025-05-02,19.8397,39.0782,20.0401,16.2325,53.2291,96.7936,34.6393,38.3645,80.72,1525535917.04,0.8732,0.0375,-0.0518,-0.1376,53.2291,101.2752,0.3464
2025-05-05,15.0301,40.6814,20.4409,14.6293,52.7828,94.3888,32.4583,36.9106,80.42,1006328190.94,0.8265,0.0385,-0.0513,-0.1494,52.7828,86.2761,0.3246
2025-05-06,9.018,42.2846,22.0441,16.6333,52.9103,93.5872,32.5389,36.6949,80.51,1060618693.01,0.7789,0.0402,-0.0468,-0.1277,52.9103,84.7359,0.3254
2025-05-07,6.2124,42.6854,30.6613,16.4329,55.9172,93.3868,27.7977,37.567,82.62,1232620503.48,0.7489,0.0409,-0.0194,-0.1387,55.9172,82.7852,0.278
2025-05-08,0.0,43.6874,42.485,20.0401,59.2751,71.5431,9.3462,33.9326,85.15,1496960245.95,0.6767,0.0415,0.0137,-0.0949,59.2751,57.755,0.0935
2025-05-09,0.0,43.8878,47.0942,24.8497,60.1915,38.6774,1.2574,29.5444,85.86,1117687100.58,0.6343,0.0424,0.0236,-0.0635,60.1915,40.4671,0.0126
2025-05-12,0.2004,44.0882,83.7675,31.2625,67.356,54.1082,11.3762,42.44,92.29,2562451784.64,0.6421,0.0434,0.1006,-0.0352,67.356,45.4583,0.1138
2025-05-13,0.4008,44.2886,94.5892,32.6653,71.3614,57.1142,12.2101,45.8414,96.93,2714918961.24,0.6498,0.0437,0.1541,-0.026,71.3614,47.0824,0.1221
2025-05-14,0.6012,44.6894,92.7856,19.2385,68.2329,60.7214,37.2277,47.5177,95.32,2673196878.68,0.6763,0.045,0.1339,-0.1074,68.2329,48.1901,0.3723
2025-05-15,1.002,45.2906,92.7856,22.0441,68.3536,55.1102,36.4608,47.1141,95.45,2309511063.5,0.6828,0.0456,0.1351,-0.0854,68.3536,46.2502,0.3646
2025-05-16,1.2024,45.6914,95.1904,28.0561,70.7038,53.7074,36.7828,48.6399,98.0,2215696994.0,0.6992,0.0465,0.163,-0.0502,70.7038,45.513,0.3678
2025-05-19,1.4028,45.491,95.7916,35.0701,71.2891,46.2926,35.138,48.5219,98.65,1418593412.25,0.7015,0.0464,0.1691,-0.0019,71.2891,42.0943,0.3514
2025-05-20,1.2024,45.2906,94.7896,40.0802,70.0144,43.6874,31.2268,47.9179,98.1,1209689444.7,0.6984,0.0463,0.1596,0.0282,70.0144,41.3038,0.3123
2025-05-21,1.2024,44.2886,91.7836,40.0802,64.8808,47.6954,34.5918,47.8091,95.84,1510843515.68,0.6903,0.0453,0.1311,0.0281,64.8808,42.8198,0.3459
2025-05-22,1.002,43.0862,88.7776,33.0661,62.6693,36.2725,33.0478,43.8393,94.83,1256046867.84,0.678,0.0441,0.1194,-0.0295,62.6693,39.963,0.3305
2025-05-23,1.2024,42.485,83.7675,38.6774,59.5115,37.0741,33.307,43.4923,93.37,1544804409.12,0.6786,0.0434,0.1025,0.0169,59.5115,40.2263,0.3331
2025-05-27,1.6032,41.8838,92.5852,41.2826,63.5853,36.8737,30.8233,45.6514,96.38,1697473377.62,0.6866,0.043,0.1393,0.0294,63.5853,40.0886,0.3082
2025-05-28,1.4028,41.483,92.5852,49.6994,63.1308,33.6673,31.9993,46.4937,96.18,1009910678.7,0.6811,0.0418,0.1388,0.0623,63.1308,38.6029,0.32
2025-05-29,1.4028,41.483,93.988,49.499,63.9902,33.6673,38.1164,47.7477,96.8,1417157033.6,0.679,0.0422,0.1474,0.0614,63.9902,38.4573,0.3812
2025-05-30,2.8056,41.6834,89.5792,35.6713,58.4525,38.8778,40.0557,45.541,94.46,2244199194.16,0.7004,0.0426,0.1217,0.0013,58.4525,40.5225,0.4006
2025-06-02,3.8076,41.6834,95.7916,60.3206,63.8138,39.479,38.3888,51.0074,98.18,1654338792.62,0.7047,0.0427,0.1672,0.0998,63.8138,40.6509,0.3839
2025-06-03,6.6132,42.485,96.5932,60.521,68.5895,45.8918,39.2256,53.2638,102.25,2326949160.25,0.7323,0.0434,0.2134,0.0999,68.5895,41.7287,0.3923
2025-06-04,8.8176,42.6854,96.5932,76.3527,69.6493,45.491,44.6999,56.8563,103.25,1506992499.25,0.7419,0.0436,0.2235,0.1857,69.6493,41.5421,0.447
2025-06-05,13.4269,43.487,97.5952,78.1563,72.6685,46.0922,44.859,58.5147,106.29,3067892274.06,0.7806,0.0446,0.2559,0.1936,72.6685,41.6919,0.4486
2025-06-06,14.8297,44.2886,97.996,67.5351,74.693,44.6894,45.5516,57.3882,108.56,2248237432.8,0.7961,0.0453,0.2778,0.1351,74.693,41.3087,0.4555
2025-06-09,18.6373,44.8898,98.5972,73.1463,76.6537,45.2906,46.7646,59.4496,110.95,2236702294.4,0.8189,0.0461,0.2998,0.1694,76.6537,41.4192,0.4676
2025-06-10,18.8377,45.491,99.5992,67.3347,78.9932,28.4569,40.5231,55.6411,114.14,2619449195.74,0.8192,0.0465,0.3292,0.1325,78.9932,35.5921,0.4052
2025-06-11,17.2345,44.2886,99.7996,65.9319,80.2556,26.6533,37.0652,54.4471,116.03,2507879265.77,0.814,0.046,0.3421,0.1253,80.2556,32.6854,0.3707
2025-06-12,15.4309,42.8858,99.3988,69.1383,80.3565,25.0501,26.4579,52.6156,116.18,1983940218.3,0.8,0.0452,0.3353,0.1422,80.3565,31.403,0.2646
2025-06-13,14.4289,42.0842,98.998,67.7355,78.6822,25.2505,28.1407,52.2096,115.6,2017557089.6,0.7943,0.0442,0.3205,0.1327,78.6822,31.7123,0.2814
2025-06-16,15.8317,42.2846,99.7996,73.5471,81.6862,27.0541,30.5293,54.4013,119.84,2561446378.4,0.8008,0.0445,0.3548,0.1635,81.6862,32.5641,0.3053
2025-06-17,20.8417,43.487,99.5992,85.7715,82.0082,27.2545,31.1239,57.2181,120.34,2507613150.24,0.8252,0.0453,0.3436,0.2705,82.0082,32.6101,0.3112
2025-06-18,24.0481,44.6894,99.5992,84.5691,82.963,26.4529,30.5946,57.5348,121.82,2458308596.08,0.8573,0.0462,0.3441,0.2567,82.963,32.094,0.3059
2025-06-20,31.6633,47.2946,99.5992,88.978,84.0587,21.2425,25.7259,58.1966,123.6,3620291956.8,0.9057,0.0486,0.3465,0.3124,84.0587,29.4583,0.2573
2025-06-23,37.6754,47.8958,97.996,89.3788,79.3647,22.0441,26.3967,58.6495,122.08,2856576777.6,0.9467,0.0498,0.3172,0.3251,79.3647,29.6513,0.264
2025-06-24,41.6834,49.2986,100.0,93.988,83.2323,23.2465,32.1298,61.9102,127.91,3379459841.37,0.988,0.0521,0.3631,0.4031,83.2323,30.0336,0.3213
2025-06-25,48.0962,51.3026,98.5972,95.3908,81.3729,24.0481,30.7466,62.7292,127.25,5014539732.0,1.0586,0.0562,0.3396,0.4388,81.3729,30.2831,0.3075
2025-06-26,65.3307,55.1102,97.3948,95.7916,77.8267,24.6493,29.8543,65.1165,126.0,7897427370.0,1.2067,0.0635,0.3113,0.4501,77.8267,30.9474,0.2985
2025-06-27,69.9399,57.7154,95.5912,93.5872,74.3646,26.6533,34.7621,66.0676,124.76,4602196534.48,1.2849,0.0662,0.284,0.4064,74.3646,31.9674,0.3476
2025-06-30,71.9439,58.7174,94.3888,91.984,70.2654,23.6473,32.2432,64.7488,123.25,2810059204.25,1.3021,0.0665,0.2545,0.3911,70.2654,30.3279,0.3224
2025-07-01,75.1503,59.519,92.986,100.0,64.2997,24.0481,33.9671,65.9539,120.89,3001194830.48,1.332,0.0675,0.2176,0.6262,64.2997,30.8822,0.3397
2025-07-02,76.5531,60.521,92.5852,100.0,65.4378,18.2365,26.4423,64.2977,121.74,3567428055.36,1.3571,0.0686,0.2127,0.881,65.4378,28.7519,0.2644
2025-07-03,77.5551,60.521,91.984,99.7996,66.189,18.4369,23.9236,64.0251,122.29,1608537601.72,1.3601,0.069,0.2057,0.7886,66.189,28.7873,0.2392
2025-07-07,75.3507,60.3206,91.5832,99.7996,60.1251,19.6393,28.1459,63.8015,119.92,2296272170.64,1.3473,0.0688,0.1715,0.8297,60.1251,29.3468,0.2815
2025-07-08,77.9559,62.1242,91.7836,99.1984,66.4164,24.0481,24.3144,65.0383,124.42,3264550498.58,1.368,0.0702,0.2044,0.5978,66.4164,30.9067,0.2431
2025-07-09,78.1563,61.7234,91.3828,99.3988,61.3652,25.4509,21.9904,64.3349,122.24,2501500168.32,1.3747,0.0698,0.1736,0.745,61.3652,31.5405,0.2199
2025-07-10,77.1543,60.521,91.1824,99.3988,62.5881,23.0461,23.871,64.0679,123.11,1893234700.89,1.3616,0.0693,0.1719,0.7701,62.5881,30.3188,0.2387
2025-07-11,74.7495,59.7194,91.3828,99.1984,64.5598,22.6453,24.5716,63.8792,124.53,1970138321.76,1.3531,0.069,0.1748,0.7534,64.5598,30.095,0.2457
2025-07-14,79.9599,63.7275,80.5611,98.7976,52.2066,30.0601,23.6929,62.5822,118.61,3809481227.27,1.3905,0.0715,0.1102,0.6696,52.2066,35.3614,0.2369
2025-07-15,80.7615,64.9299,81.3627,98.7976,54.5782,30.0601,24.1098,63.2827,120.11,2997812037.68,1.4111,0.0732,0.1154,0.7324,54.5782,35.5131,0.2411
2025-07-16,81.3627,65.3307,66.1323,98.5972,48.2522,29.2585,24.0689,59.5778,116.43,3564453104.37,1.4309,0.0738,0.0741,0.6923,48.2522,34.9528,0.2407
2025-07-17,84.3687,70.1403,48.8978,98.5972,43.5676,30.8617,22.3171,56.5721,113.26,3930394843.34,1.4615,0.0759,0.0386,0.697,43.5676,36.0778,0.2232
2025-07-18,84.1683,70.3407,49.8998,97.996,45.5953,30.4609,22.6369,56.8629,114.39,2213426710.53,1.4596,0.076,0.0425,0.6293,45.5953,35.9581,0.2264
2025-07-21,80.9619,70.3407,44.0882,96.7936,43.8533,29.4589,23.236,54.8046,113.23,2512546977.72,1.4342,0.0761,0.0262,0.5526,43.8533,35.4146,0.2324
2025-07-22,81.7635,72.1443,30.4609,90.982,38.3929,32.8657,26.9907,52.0362,109.22,3049143342.9,1.4377,0.0777,-0.0145,0.4107,38.3929,37.082,0.2699
2025-07-23,79.5591,68.9379,30.8617,88.3768,39.6244,24.8497,21.4711,49.1671,109.83,1956071311.53,1.406,0.0757,-0.0132,0.3767,39.6244,31.9172,0.2147
2025-07-24,72.7455,62.5251,35.2705,91.3828,43.4186,26.8537,20.3761,49.3522,111.73,2267343705.53,1.3473,0.0718,0.0004,0.4222,43.4186,33.1058,0.2038
2025-07-25,62.3246,53.7074,33.8677,92.5852,42.7037,26.8537,20.6151,46.7714,111.26,1821570526.96,1.2174,0.0656,-0.0064,0.4472,42.7037,33.0903,0.2062
2025-07-28,59.519,50.9018,32.8657,92.3848,42.6876,27.0541,19.1095,45.6422,111.25,1438708473.75,1.1494,0.0632,-0.0093,0.4457,42.6876,33.129,0.1911
2025-07-29,57.3146,51.1022,34.2685,91.984,44.2939,27.2545,20.9072,46.0124,111.96,1864486674.0,1.1278,0.0635,-0.0059,0.4396,44.2939,33.3037,0.2091
2025-07-30,53.3066,49.499,40.8818,90.5812,50.1817,28.2565,18.6383,46.7618,114.74,1879306265.76,1.1044,0.0616,0.0157,0.4215,50.1817,34.3872,0.1864
2025-07-31,51.7034,47.8958,24.4489,86.3727,40.8218,34.4689,10.6294,41.2377,109.14,3189544795.02,1.0956,0.0594,-0.0356,0.3571,40.8218,38.0389,0.1063
2025-08-01,55.3106,46.6934,16.8337,82.1643,35.411,37.8758,19.3539,40.7829,104.88,2517458342.88,1.1168,0.0566,-0.0744,0.3027,35.411,39.7147,0.1935
2025-08-04,53.3066,45.6914,20.4409,82.3647,41.1134,45.491,18.2504,42.6806,107.77,1592901274.51,1.1048,0.0559,-0.0509,0.3044,41.1134,41.294,0.1825
2025-08-05,49.0982,44.2886,22.8457,80.5611,43.5109,35.6713,20.0053,41.1495,109.06,1945181181.86,1.0784,0.054,-0.0419,0.2808,43.5109,38.7882,0.2001
2025-08-06,46.2926,43.6874,21.8437,78.7575,43.1007,34.8697,20.4888,40.1088,108.78,1416506182.56,1.0563,0.0529,-0.0469,0.2669,43.1007,38.5856,0.2049
2025-08-07,46.8938,43.487,29.2585,74.7495,48.8332,39.0782,18.7764,42.0084,111.87,2124000065.88,1.0622,0.0525,-0.0225,0.2122,48.8332,40.1957,0.1878
2025-08-08,50.9018,44.0882,49.0982,76.1523,58.9513,56.7134,19.8317,50.6635,118.89,3443316314.67,1.0925,0.054,0.0347,0.2266,58.9513,46.2177,0.1983
2025-08-11,52.1042,44.2886,65.1303,81.5631,64.1972,54.1082,20.2626,55.0804,123.72,4338317640.36,1.0996,0.0543,0.0717,0.2979,64.1972,45.1022,0.2026
2025-08-12,52.7054,44.489,75.9519,85.3707,67.885,56.7134,21.6229,58.8896,127.75,3320303876.75,1.1038,0.0549,0.1003,0.3384,67.885,46.2182,0.2162
2025-08-13,47.8958,44.2886,62.1242,78.5571,61.9509,56.1122,20.0714,53.4443,124.27,2291298958.9,1.0759,0.0545,0.0655,0.2681,61.9509,45.8903,0.2007
2025-08-14,41.8838,42.2846,64.5291,78.5571,62.9725,51.9038,22.5558,52.6666,125.29,1533041173.18,1.0247,0.0522,0.07,0.27,62.9725,44.4331,0.2256
2025-08-15,42.0842,42.0842,46.0922,75.5511,55.9603,57.3146,23.819,48.8382,120.87,2294916868.98,1.0279,0.0521,0.0292,0.2321,55.9603,46.6879,0.2382
2025-08-18,40.0802,41.0822,52.9058,80.1603,58.9454,57.7154,22.1945,50.6065,123.55,1508393533.5,1.0067,0.0516,0.0489,0.2891,58.9454,46.8983,0.2219
2025-08-19,36.6733,39.6794,47.495,79.9599,56.6316,52.505,22.2023,47.8312,122.05,1402504133.3,0.971,0.0494,0.0338,0.287,56.6316,44.8938,0.222
2025-08-20,38.6774,40.0802,32.8657,76.5531,49.8343,59.9198,19.5567,44.7706,117.21,3023425269.03,0.9923,0.0499,-0.0082,0.2553,49.8343,47.7729,0.1956
2025-08-21,36.6733,39.479,28.4569,71.7435,48.0135,59.9198,19.8208,42.6643,115.79,1525520165.73,0.9759,0.0497,-0.0205,0.2014,48.0135,47.7759,0.1982
2025-08-22,37.0741,39.0782,34.2685,74.1483,50.6006,60.521,21.7023,44.8385,117.68,2004948287.2,0.9797,0.0489,-0.0048,0.2235,50.6006,47.9847,0.217
2025-08-25,36.0721,38.2766,30.0601,71.5431,48.8551,60.9218,21.1113,43.1724,116.42,1009918236.86,0.973,0.0485,-0.0155,0.2027,48.8551,48.2191,0.2111
2025-08-26,35.2705,38.0762,30.2605,75.1503,48.9754,60.7214,24.2404,44.0647,116.5,1466068736.5,0.9663,0.0484,-0.015,0.2333,48.9754,48.1974,0.2424
2025-08-27,35.0701,39.0782,34.4689,70.9419,50.9189,58.517,25.4664,44.3928,117.75,1807343925.75,0.9645,0.0494,-0.004,0.1993,50.9189,47.585,0.2547
2025-08-28,32.4649,39.2786,46.6934,68.5371,56.9261,51.503,36.3065,47.2809,122.0,2110055392.0,0.9412,0.0496,0.0316,0.1932,56.9261,44.9575,0.3631
2025-08-29,31.0621,40.6814,38.6774,62.3246,52.0953,48.0962,36.7943,43.7547,119.01,1996276953.27,0.9294,0.0513,0.0068,0.1526,52.0953,43.2312,0.3679
2025-09-02,31.2625,40.2806,37.6754,55.511,51.2648,46.6934,27.1065,40.7756,118.48,1631698384.88,0.9306,0.051,0.0032,0.1147,51.2648,42.6613,0.2711
2025-09-03,30.4609,39.6794,38.477,51.503,51.6407,46.493,27.1816,40.1732,118.72,1674084847.68,0.926,0.0505,0.0058,0.0936,51.6407,42.5853,0.2718
2025-09-04,32.6653,40.6814,55.1102,55.9118,59.3512,50.9018,34.1302,47.0667,124.2,2308759513.2,0.9443,0.0514,0.0529,0.1194,59.3512,44.8769,0.3413
2025-09-05,36.2725,42.6854,80.3607,62.1242,66.8082,58.517,31.7588,55.3224,131.37,3733014649.32,0.9755,0.0528,0.1129,0.151,66.8082,47.6759,0.3176
2025-09-08,33.6673,41.0822,80.1603,58.7174,66.8903,48.0962,33.8655,52.9813,131.46,2562486284.82,0.9553,0.0518,0.1126,0.133,66.8903,43.4282,0.3387
2025-09-09,29.2585,38.0762,87.3747,63.7275,70.222,45.2906,35.7716,54.412,135.24,2800122832.08,0.9199,0.0496,0.1426,0.1641,70.222,42.3873,0.3577
2025-09-10,29.6593,37.6754,91.3828,72.3447,73.7977,45.8918,35.6462,56.9552,140.0,3610775840.0,0.9228,0.0494,0.1795,0.2111,73.7977,42.6154,0.3565
2025-09-11,43.0862,45.2906,94.7896,76.5531,79.6432,57.3146,35.9419,63.3857,150.57,7896856706.55,1.0343,0.0555,0.2622,0.2564,79.6432,47.2098,0.3594
2025-09-12,53.9078,47.2946,96.994,82.3647,82.3197,61.3226,36.2385,67.4353,157.23,5076688465.62,1.1063,0.059,0.3102,0.3065,82.3197,48.6908,0.3624
2025-09-15,56.513,48.2966,96.5932,80.5611,82.5203,52.7054,31.3651,65.572,157.77,3171396615.84,1.1227,0.0601,0.307,0.2951,82.5203,45.5248,0.3137
2025-09-16,59.1182,48.497,96.5932,79.3587,82.9261,52.1042,30.668,65.6483,158.82,2685901900.2,1.1473,0.0606,0.3073,0.285,82.9261,45.4649,0.3067
2025-09-17,60.9218,48.8978,96.5932,82.7655,83.3889,48.8978,29.8701,65.9156,159.99,3014780524.44,1.1789,0.0609,0.3092,0.3105,83.3889,44.5729,0.2987
2025-09-18,61.9238,49.6994,100.0,83.3667,86.4069,42.6854,29.9599,66.301,168.89,4764859116.44,1.2099,0.0626,0.3716,0.3204,86.4069,41.9444,0.2996
2025-09-19,68.1363,53.507,97.1944,78.1563,76.1008,51.503,25.4168,65.8815,162.73,6071407643.73,1.2982,0.0654,0.3131,0.2788,76.1008,45.1613,0.2542
2025-09-22,72.5451,57.3146,97.3948,81.7635,77.007,51.503,23.5267,67.3119,164.62,4255619934.64,1.3421,0.0684,0.3198,0.3065,77.007,45.2026,0.2353
2025-09-23,84.1683,63.7275,97.5952,84.5691,77.8631,47.495,23.7129,69.6699,166.41,7208287282.71,1.4604,0.0734,0.324,0.3338,77.8631,44.0938,0.2371
2025-09-24,87.7756,76.9539,93.5872,82.5651,70.4464,55.7114,27.1877,71.4434,161.71,9233026340.29,1.6039,0.0805,0.2782,0.312,70.4464,46.7586,0.2719
2025-09-25,88.7776,77.7555,91.1824,79.7595,63.6655,62.9259,31.6209,71.8411,156.83,5051360053.52,1.6714,0.0816,0.2317,0.2973,63.6655,49.6403,0.3162
2025-09-26,88.978,78.5571,90.982,78.7575,64.0019,61.7234,35.1627,72.1455,157.27,3781549758.31,1.7291,0.0828,0.2267,0.2919,64.0019,49.1478,0.3516
2025-09-29,89.3788,80.7615,92.986,85.5711,68.7045,59.519,36.2161,74.1466,163.9,4344414366.6,1.7791,0.0851,0.2686,0.3403,68.7045,48.0454,0.3622
2025-09-30,89.5792,82.1643,93.988,88.978,70.8219,57.1142,36.3418,74.8982,167.32,3361865889.56,1.8177,0.0864,0.2844,0.3953,70.8219,47.4499,0.3634
2025-10-01,90.3808,85.9719,100.0,93.3868,77.8275,66.3327,41.4657,80.1148,182.15,7591057898.3,1.9284,0.092,0.3827,0.464,77.8275,52.7483,0.4147
2025-10-02,90.3808,86.5731,99.7996,95.5912,78.4292,65.9319,38.9868,80.0937,183.75,4616200575.0,1.97,0.0947,0.3794,0.5032,78.4292,52.1557,0.3899
2025-10-03,90.7816,88.7776,100.0,96.3928,79.9254,63.7275,39.0044,80.3562,187.83,5522045349.78,1.9963,0.0972,0.3941,0.5257,79.9254,50.36,0.39
2025-10-06,91.3828,90.7816,100.0,96.3928,81.0134,62.5251,39.2975,80.6192,190.96,6949438662.32,2.0709,0.1021,0.4007,0.5334,81.0134,49.9551,0.393
2025-10-07,91.7836,91.7836,98.3968,96.7936,73.7644,66.1323,40.2312,80.4752,185.69,5167411216.09,2.1093,0.1039,0.3474,0.5656,73.7644,52.4473,0.4023
2025-10-08,91.984,92.5852,100.0,97.996,78.1077,68.7375,39.7072,81.833,196.54,5273903849.22,2.1316,0.1067,0.4088,0.6363,78.1077,54.066,0.3971
2025-10-09,90.5812,90.7816,98.7976,97.996,73.054,64.7295,40.7244,80.2477,192.33,3793032248.4,2.0419,0.1027,0.3635,0.6519,73.054,51.4628,0.4072
2025-10-10,90.1804,87.7756,91.5832,97.1944,62.037,69.1383,32.7887,76.6932,181.6,4901429944.8,2.0319,0.0969,0.2743,0.6034,62.037,55.6481,0.3279
2025-10-13,90.5812,87.5752,96.5932,98.1964,67.5271,71.7435,30.6281,78.5012,192.77,4034349547.62,2.0427,0.0968,0.3362,0.6852,67.5271,58.6447,0.3063
2025-10-14,90.5812,85.7715,91.984,97.7956,62.5475,73.7475,35.6373,77.8929,187.06,2976501900.02,2.0441,0.0954,0.2825,0.652,62.5475,60.348,0.3564
2025-10-15,90.5812,87.5752,92.986,99.1984,64.9279,74.5491,37.5777,79.1335,191.94,3415207997.88,2.049,0.0969,0.3012,0.7574,64.9279,60.667,0.3758
2025-10-16,91.3828,88.978,98.1964,99.7996,69.4636,74.1483,38.5213,81.0612,202.53,8514558261.69,2.1029,0.0992,0.3557,0.844,69.4636,60.6247,0.3852
2025-10-17,90.5812,88.1764,96.5932,99.3988,69.3268,70.9419,39.6117,80.149,202.38,4712028718.5,2.0702,0.0981,0.3385,0.8113,69.3268,58.2736,0.3961
2025-10-20,90.7816,88.7776,97.7956,99.7996,71.119,70.9419,38.8247,80.6009,206.77,4811199831.05,2.0715,0.0991,0.3518,0.8584,71.119,58.3942,0.3882
2025-10-21,88.1764,86.1723,93.3868,99.1984,66.8278,72.1443,40.1008,78.9204,202.29,2774860075.02,1.9807,0.0964,0.3091,0.8183,66.8278,59.5805,0.401
2025-10-22,86.9739,82.1643,89.7796,98.5972,63.3195,70.9419,39.496,76.9057,198.47,4356355768.18,1.8764,0.091,0.2727,0.7727,63.3195,58.8536,0.395
2025-10-23,86.5731,82.3647,94.3888,98.7976,67.3066,69.7395,35.0496,77.3689,206.71,4009743009.65,1.8491,0.0913,0.3117,0.8016,67.3066,57.7165,0.3505
2025-10-24,86.7735,83.5671,98.998,100.0,72.1728,72.1443,37.1324,79.7811,219.02,5655450774.36,1.8732,0.0927,0.3735,1.0068,72.1728,59.6008,0.3713
2025-10-27,87.1743,83.7675,98.3968,100.0,72.5588,70.7415,35.4581,79.3181,220.1,5254426390.5,1.8793,0.094,0.3633,1.0986,72.5588,58.9943,0.3546
2025-10-28,86.3727,84.7695,97.996,99.7996,73.2288,70.7415,38.2567,79.6746,221.91,3319184428.95,1.8728,0.0954,0.358,1.0591,73.2288,58.9946,0.3826
2025-10-29,85.5711,82.7655,98.5972,99.7996,74.9469,63.9279,37.0773,78.4471,226.63,5261733979.44,1.818,0.0922,0.3693,1.078,74.9469,52.8654,0.3708
2025-10-30,84.9699,79.7595,95.1904,99.5992,72.1779,64.7295,34.9947,76.8758,224.01,3314206445.04,1.7882,0.0897,0.3362,1.0593,72.1779,53.468,0.3499
2025-10-31,84.3687,77.9559,93.7876,98.998,71.9158,64.3287,30.112,75.4158,223.77,3651919239.36,1.7481,0.0869,0.3178,1.0003,71.9158,53.4043,0.3011
2025-11-03,83.7675,75.7515,98.1964,98.7976,76.1615,66.5331,32.0488,77.0026,234.7,4975466556.7,1.7014,0.0849,0.3634,0.9741,76.1615,55.1238,0.3205
2025-11-04,83.3667,75.3507,86.9739,96.5932,61.0119,76.7535,41.3316,75.7378,218.03,5166483576.15,1.6922,0.0845,0.2518,0.7623,61.0119,61.3663,0.4133
2025-11-05,83.7675,75.9519,96.1924,98.3968,68.8144,83.5671,36.6697,79.0753,237.5,6796624662.5,1.7067,0.0852,0.3449,0.8591,68.8144,65.129,0.3667
2025-11-06,84.3687,78.3567,94.1884,98.5972,69.0983,81.9639,37.3292,78.922,238.33,7630562037.36,1.764,0.0877,0.3314,0.9178,69.0983,64.1396,0.3733
2025-11-07,84.9699,83.1663,92.5852,98.3968,68.7653,70.3407,41.7429,78.0277,237.92,7283643623.2,1.7928,0.093,0.3121,0.899,68.7653,59.1461,0.4174
2025-11-10,85.5711,85.1703,98.998,99.7996,73.8557,71.1423,46.6769,81.1807,253.3,7059627032.8,1.8331,0.096,0.3766,1.0956,73.8557,59.4599,0.4668
2025-11-11,86.1723,88.978,89.3788,98.3968,64.8365,76.5531,42.246,78.7624,241.11,5454503741.7,1.8676,0.1001,0.2931,0.9515,64.8365,61.6886,0.4225
2025-11-12,86.7735,89.98,89.3788,98.7976,66.2178,76.1523,41.1224,78.9224,244.9,4227692046.8,1.877,0.1021,0.2959,1.0066,66.2178,61.5085,0.4112
2025-11-13,85.3707,89.7796,85.3707,98.998,60.8207,75.9519,43.5625,77.7166,236.95,7659287431.6,1.8461,0.1016,0.239,1.0216,60.8207,61.4455,0.4356
2025-11-14,87.1743,91.7836,87.3747,100.0,64.6742,77.7555,41.6827,79.1126,246.83,8928117055.94,1.9021,0.1056,0.2753,1.1317,64.6742,62.44,0.4168
2025-11-17,87.5752,91.984,84.7695,98.7976,61.4588,79.1583,42.2428,78.4643,241.95,7332137966.4,1.9315,0.1061,0.2359,1.056,61.4588,63.1528,0.4224
2025-11-18,88.5772,92.5852,79.3587,97.5952,53.5558,84.7695,46.0359,78.0325,228.5,7733333435.0,2.0007,0.1069,0.1562,0.9627,53.5558,66.5116,0.4604
2025-11-19,89.7796,93.1864,75.7515,97.1944,52.1699,84.3687,46.2988,77.3321,225.92,7965155257.6,2.0447,0.1094,0.1333,0.9392,52.1699,66.1804,0.463
2025-11-20,91.5832,92.3848,35.0701,93.3868,41.2356,91.1824,43.9797,68.3959,201.37,9549102935.71,2.1153,0.1081,0.005,0.7101,41.2356,77.6034,0.4398
2025-11-21,91.984,91.984,40.6814,93.1864,44.3078,90.982,40.9108,69.3249,207.37,7606202408.49,2.1321,0.1069,0.0298,0.6998,44.3078,75.3495,0.4091
2025-11-24,91.984,92.1844,68.7375,96.5932,51.798,93.1864,43.8072,76.9813,223.93,7401522237.27,2.1505,0.1078,0.1048,0.8816,51.798,80.4677,0.4381
2025-11-25,91.984,91.984,66.1323,96.5932,52.0497,92.986,43.185,76.342,224.53,3916164468.77,2.156,0.1072,0.1006,0.8951,52.0497,80.4249,0.4318
2025-11-26,91.1824,91.7836,72.9459,97.1944,54.4929,93.1864,41.138,77.622,230.26,4102640741.02,2.1306,0.1071,0.121,0.9395,54.4929,80.5784,0.4114
2025-11-28,90.7816,92.7856,77.3547,96.5932,57.0512,93.1864,41.5404,78.7698,236.48,2998733354.88,2.1216,0.109,0.1438,0.904,57.0512,80.9407,0.4154
2025-12-01,90.982,93.988,78.5571,94.99,58.653,93.1864,43.6463,79.3962,240.46,4385521503.0,2.1251,0.1113,0.1543,0.8304,58.653,81.0761,0.4365
2025-12-02,89.98,93.3868,76.5531,94.5892,58.0844,91.1824,39.3352,77.7208,239.49,4350599528.49,2.1071,0.1104,0.1415,0.8218,58.0844,79.407,0.3934
2025-12-03,89.3788,93.7876,68.3367,92.1844,54.9333,89.5792,34.3899,74.3693,234.16,4493111253.6,2.0901,0.1111,0.1089,0.7314,54.9333,74.9776,0.3439
2025-12-04,88.1764,93.3868,53.507,89.7796,50.7552,86.7735,36.5119,70.3018,226.65,5329389171.0,2.056,0.1106,0.0668,0.6189,50.7552,69.365,0.3651
2025-12-05,86.3727,91.5832,68.1363,88.978,55.8455,87.7756,38.8149,73.6613,237.22,5019806489.5,2.0036,0.1086,0.1081,0.5755,55.8455,71.4129,0.3881
2025-12-08,84.9699,92.3848,77.1543,88.7776,59.938,88.1764,40.7193,76.0596,246.92,5060677993.96,1.9576,0.1095,0.1439,0.5704,59.938,72.8246,0.4072
2025-12-09,84.1683,90.982,79.5591,89.3788,62.0839,86.5731,35.7457,75.5983,252.42,4308065770.68,1.9059,0.1081,0.1598,0.5999,62.0839,69.6882,0.3575
2025-12-10,83.9679,89.3788,81.9639,90.7816,66.0983,84.9699,38.5322,76.6782,263.71,5791222705.83,1.9027,0.1066,0.2011,0.6604,66.0983,68.8083,0.3853
2025-12-11,83.9679,88.1764,80.3607,89.3788,62.7702,85.7715,38.1268,75.7536,258.46,4876314161.84,1.905,0.1056,0.169,0.6155,62.7702,69.2093,0.3813
2025-12-12,82.1643,87.3747,59.3186,80.7615,53.2452,87.976,36.2112,68.9927,241.14,6254391270.96,1.872,0.1037,0.0851,0.4278,53.2452,72.8068,0.3621
2025-12-15,80.7615,85.7715,51.7034,82.9659,51.4773,87.3747,39.3695,67.6363,237.5,6527357137.5,1.8243,0.1018,0.0639,0.4595,51.4773,71.4309,0.3937
2025-12-16,79.7595,82.9659,42.6854,79.3587,49.0718,87.5752,38.0478,64.452,232.51,5249288753.65,1.7898,0.098,0.0377,0.4124,49.0718,71.4747,0.3805
2025-12-17,79.9599,84.1683,34.4689,75.1503,45.8404,85.3707,30.0435,60.4733,225.52,9462171506.56,1.8045,0.0996,0.0029,0.3552,45.8404,69.3376,0.3004
2025-12-18,84.1683,88.3768,64.3287,87.1743,56.098,89.7796,30.3681,71.0368,248.55,16157238565.95,1.9103,0.1058,0.1003,0.537,56.098,77.3647,0.3037
2025-12-19,85.9719,94.7896,80.5611,91.3828,61.9513,80.3607,31.8377,75.2193,265.92,16570017942.72,1.9981,0.1155,0.1696,0.6956,61.9513,66.2047,0.3184
2025-12-22,86.1723,94.99,82.3647,92.986,65.0352,80.7615,27.3649,75.5682,276.59,8563746112.61,2.0027,0.12,0.2064,0.7587,65.0352,66.6074,0.2736
2025-12-23,84.5691,94.7896,81.5631,90.7816,64.8654,72.7455,23.8924,73.0764,276.27,5737464852.0,1.969,0.1195,0.1963,0.6856,64.8654,62.5414,0.2389
2025-12-24,84.9699,95.3908,83.7675,91.7836,67.8099,74.5491,24.2657,74.4088,286.68,5128270306.44,1.9779,0.124,0.2307,0.7134,67.8099,63.1549,0.2427
2025-12-26,85.3707,95.992,82.7655,86.5731,66.7167,74.9499,24.1058,73.4739,284.79,5091581846.67,1.9838,0.1274,0.213,0.5635,66.7167,63.297,0.2411
2025-12-29,86.9739,96.1924,85.1703,88.1764,69.4088,75.5511,24.2228,74.8328,294.37,7842867529.3,2.0419,0.1303,0.244,0.602,69.4088,63.5536,0.2422
2025-12-30,88.3768,96.1924,83.3667,86.1723,68.3278,75.7515,24.5768,74.357,292.63,6746989649.92,2.0652,0.1337,0.2273,0.558,68.3278,63.7893,0.2458
2025-12-31,88.3768,95.992,80.3607,83.5671,63.8818,78.3567,24.677,73.3062,285.41,5015733406.03,2.0666,0.1334,0.1892,0.4946,63.8818,64.8176,0.2468
2026-01-02,91.984,96.1924,89.98,91.1824,72.0287,86.5731,37.0464,80.836,315.42,13438077663.78,2.169,0.139,0.302,0.6986,72.0287,71.2419,0.3705
2026-01-05,92.5852,96.3928,87.1743,87.3747,70.1714,85.5711,36.1907,79.3496,312.15,10802989273.05,2.2251,0.1432,0.2765,0.5882,70.1714,69.6993,0.3619
2026-01-06,93.3868,97.1944,99.3988,93.5872,76.432,89.1784,40.8076,84.7864,343.43,16736175000.6,2.3607,0.155,0.3889,0.7856,76.432,74.5896,0.4081
2026-01-07,95.3908,97.7956,97.1944,95.5912,74.3475,89.1784,39.8303,84.6518,339.55,11130778363.5,2.4316,0.1586,0.3599,0.8698,74.3475,74.8505,0.3983
2026-01-08,96.7936,98.3968,88.7776,90.3808,67.9067,89.5792,41.874,82.18,327.02,11085224545.92,2.5057,0.1642,0.2986,0.6964,67.9067,77.1628,0.4187
2026-01-09,96.994,99.1984,96.7936,94.99,71.7126,89.98,39.4893,84.6678,345.09,11521694100.45,2.5589,0.17,0.3571,0.8448,71.7126,77.7735,0.3949
2026-01-12,97.3948,100.0,95.7916,93.5872,71.8677,89.1784,39.0025,84.2195,345.87,8007785611.56,2.5857,0.1753,0.3475,0.802,71.8677,76.8938,0.39
2026-01-13,97.3948,100.0,89.5792,88.7776,67.8901,86.3727,39.3306,81.4862,338.13,8074996479.81,2.5929,0.1809,0.3058,0.6695,67.8901,71.7456,0.3933
2026-01-14,96.994,99.7996,85.9719,87.976,65.4799,86.1723,39.4032,80.3042,333.35,6759296614.6,2.5849,0.1805,0.2765,0.6471,65.4799,71.6887,0.394
2026-01-15,97.3948,100.0,86.3727,87.3747,66.3624,84.7695,36.3892,79.8,336.63,8540380524.9,2.6103,0.1889,0.2791,0.628,66.3624,70.3298,0.3639
2026-01-16,97.5952,100.0,97.5952,93.1864,72.411,84.7695,33.4512,83.1105,362.75,17376381214.75,2.6731,0.2004,0.3633,0.7932,72.411,70.5218,0.3345
2026-01-20,97.3948,100.0,96.7936,94.5892,72.8637,76.5531,36.5912,82.4143,365.0,18156858570.0,2.6556,0.202,0.3588,0.8391,72.8637,65.1416,0.3659
2026-01-21,97.3948,100.0,100.0,95.992,77.1837,75.7515,38.0172,83.7917,389.11,22067507880.25,2.6719,0.204,0.4324,0.8824,77.1837,64.8001,0.3802
2026-01-22,97.7956,100.0,100.0,93.3868,78.4798,74.7495,40.1947,83.767,397.58,15747154620.96,2.7268,0.2099,0.4466,0.8153,78.4798,64.3668,0.4019
2026-01-23,98.1964,100.0,99.7996,93.3868,78.7969,74.1483,42.4572,84.0679,399.65,14149260554.5,2.7991,0.2184,0.4388,0.8158,78.7969,64.1534,0.4246
2026-01-26,98.3968,100.0,98.5972,90.5812,72.8973,77.3547,42.3821,83.3164,389.09,11359005525.66,2.8578,0.2209,0.386,0.7534,72.8973,65.6856,0.4238
2026-01-27,99.7996,100.0,99.7996,92.7856,76.6655,78.1563,44.1168,84.8552,410.24,14855636314.88,2.9448,0.2281,0.4444,0.8102,76.6655,66.4504,0.4412
2026-01-28,100.0,100.0,100.0,97.1944,80.1792,80.3607,46.3605,86.6053,435.28,18597447255.28,3.0284,0.2385,0.5114,0.9431,80.1792,67.8591,0.4636
2026-01-29,100.0,100.0,99.7996,97.1944,80.2444,79.7595,48.1138,86.7445,435.79,18597645481.95,3.1219,0.2416,0.4936,0.9475,80.2444,67.5515,0.4811
2026-01-30,100.0,100.0,98.5972,90.7816,70.061,84.3687,43.3563,84.5015,414.88,21168260436.8,3.2545,0.2519,0.4053,0.7677,70.061,70.1783,0.4336
2026-02-02,99.7996,100.0,99.5992,98.3968,73.9617,74.3487,32.7942,83.1169,437.8,16536244494.0,3.2456,0.2561,0.4622,1.008,73.9617,64.7907,0.3279
2026-02-03,100.0,100.0,97.3948,90.3808,66.4887,79.3587,32.6092,81.4801,419.44,17936496361.84,3.2772,0.2568,0.383,0.7661,66.4887,67.5343,0.3261
2026-02-04,99.7996,99.5992,80.1603,83.3667,53.7371,86.3727,30.4521,76.3644,379.4,22033583293.4,3.2761,0.2559,0.2364,0.5919,53.7371,72.1065,0.3045
2026-02-05,100.0,99.3988,79.7595,84.1683,54.5552,86.1723,34.4949,77.0726,382.89,14894120048.46,3.279,0.2537,0.2337,0.6093,54.5552,71.8571,0.3449
2026-02-06,100.0,99.1984,81.5631,81.3627,57.3044,84.1683,32.3867,76.6506,394.69,14680891608.14,3.2803,0.253,0.2579,0.5582,57.3044,70.4219,0.3239
2026-02-09,99.1984,99.3988,76.7535,82.9659,53.9701,82.3647,31.0786,75.0287,383.5,11892143250.0,3.255,0.2543,0.2099,0.5906,53.9701,69.6134,0.3108
2026-02-10,99.3988,100.0,73.1463,79.7595,51.0404,84.3687,33.7604,74.3264,373.25,13225668462.75,3.2772,0.2585,0.1671,0.5241,51.0404,70.5553,0.3376
2026-02-11,100.0,100.0,82.1643,88.7776,59.5888,88.978,32.5171,78.9326,410.34,19891176514.44,3.3524,0.2688,0.2692,0.7318,59.5888,76.75,0.3252
2026-02-12,100.0,100.0,81.7635,86.3727,60.319,88.7776,33.2326,78.642,413.97,18893186351.31,3.4302,0.2755,0.2669,0.6771,60.319,76.2318,0.3323
2026-02-13,100.0,100.0,80.1603,87.976,59.5812,88.7776,33.4932,78.5272,411.66,13917157165.62,3.4521,0.2772,0.2467,0.7014,59.5812,76.4549,0.3349
2026-02-17,99.5992,99.5992,74.9499,89.1784,55.8008,86.7735,34.4871,77.0357,399.78,11413405172.7,3.368,0.2721,0.1987,0.7496,55.8008,73.6495,0.3449
2026-02-18,99.1984,99.5992,80.1603,94.5892,60.5984,88.3768,34.7902,79.595,420.95,13599375291.45,3.29,0.2741,0.2476,0.8633,60.5984,75.4989,0.3479
2026-02-19,97.3948,99.3988,77.1543,99.1984,59.4173,85.5711,32.4823,78.5095,417.35,9036102026.95,3.1391,0.2741,0.2239,1.0726,59.4173,72.5915,0.3248
2026-02-20,96.994,98.7976,79.5591,98.998,61.8256,85.5711,32.6342,79.1037,428.17,12800095907.64,3.0824,0.2677,0.2424,1.0648,61.8256,72.7395,0.3263
2026-02-23,96.5932,98.5972,75.3507,94.3888,59.3037,85.9719,32.9154,77.3406,420.97,10703780233.96,3.0257,0.2606,0.2097,0.8799,59.3037,73.1035,0.3292
2026-02-24,96.3928,98.5972,73.5471,93.7876,58.2516,84.7695,32.1914,76.4655,418.01,13957003189.61,3.0221,0.2609,0.1906,0.8617,58.2516,72.384,0.3219
2026-02-25,95.992,97.996,75.5511,93.7876,61.0167,82.3647,31.3988,76.543,429.0,11710129002.0,2.969,0.2581,0.2102,0.8631,61.0167,70.5549,0.314
2026-02-26,94.5892,96.7936,70.5411,88.3768,56.1213,77.3547,28.7689,72.7631,415.56,14724703704.0,2.9027,0.2534,0.1608,0.7573,56.1213,68.1602,0.2877
2026-02-27,93.5872,96.1924,67.1343,86.7735,54.9936,77.3547,27.5024,71.3281,412.37,11815970392.59,2.8166,0.2499,0.1408,0.7149,54.9936,68.1728,0.275
2026-03-02,92.5852,95.992,65.5311,86.7735,55.085,73.1463,29.3708,70.4953,412.67,12400401713.32,2.7109,0.2446,0.1303,0.7231,55.085,65.9315,0.2937
2026-03-03,91.7836,95.5912,38.8778,81.9639,44.4042,78.5571,37.0555,65.1791,379.68,14811445891.2,2.669,0.2398,0.0313,0.6215,44.4042,68.9192,0.3706
2026-03-04,90.982,95.3908,52.1042,89.3788,50.9517,82.7655,33.646,69.5709,400.77,13083096172.23,2.6004,0.2398,0.0796,0.7682,50.9517,70.8153,0.3365
2026-03-05,89.1784,94.99,47.0942,83.7675,49.8368,58.7174,31.506,63.3769,397.05,11895641823.0,2.4872,0.231,0.0621,0.6738,49.8368,60.7561,0.3151
2026-03-06,87.976,94.99,28.0561,74.9499,42.6156,72.3447,40.497,60.7369,370.3,12760087715.2,2.4476,0.231,-0.0144,0.4997,42.6156,65.8158,0.405
2026-03-09,86.9739,94.5892,39.0782,77.3547,48.3466,75.1503,32.2185,62.8638,389.32,13839237461.28,2.4188,0.2287,0.03,0.5424,48.3466,67.4422,0.3222
2026-03-10,86.7735,94.5892,46.493,76.5531,52.0831,75.9519,35.5255,65.1864,403.11,13603116659.31,2.4139,0.2294,0.06,0.5286,52.0831,67.7066,0.3553
2026-03-11,85.9719,94.1884,56.1122,81.3627,55.9592,76.3527,33.5542,67.8234,418.69,12640790791.41,2.3907,0.2286,0.0932,0.6199,55.9592,67.8715,0.3355
2026-03-12,84.1683,93.5872,44.8898,83.9679,52.0749,56.1122,35.3091,62.4778,405.35,12858035603.05,2.3096,0.219,0.0523,0.681,52.0749,60.3467,0.3531
2026-03-13,83.5671,93.5872,56.9138,90.3808,57.0735,63.1263,35.344,67.3115,426.13,16730231124.06,2.2675,0.2202,0.0986,0.7942,57.0735,62.9156,0.3534
2026-03-16,83.9679,93.7876,65.5311,95.3908,60.4255,67.3347,36.4205,70.9946,441.8,19027141534.2,2.2846,0.2266,0.1299,0.9001,60.4255,64.0284,0.3642
2026-03-17,84.3687,94.99,72.3447,98.1964,64.2423,68.3367,37.1827,73.6048,461.69,19860864535.81,2.3288,0.2333,0.172,1.0472,64.2423,64.333,0.3718
2026-03-18,86.3727,95.7916,70.5411,92.5852,64.2498,61.1222,34.3632,71.2789,461.73,27229908955.26,2.4036,0.2442,0.1633,0.8577,64.2498,62.1802,0.3436
2026-03-19,89.5792,97.7956,61.523,82.5651,58.5063,66.5331,32.1734,68.5624,444.27,33138840786.63,2.5546,0.2575,0.1136,0.6707,58.5063,63.9098,0.3217
2026-03-20,91.1824,98.5972,45.8918,75.1503,52.3392,71.9439,34.8373,65.2391,422.9,27160728394.7,2.6363,0.2614,0.0557,0.529,52.3392,65.915,0.3484
2026-03-23,92.1844,98.5972,34.6693,70.5411,47.6445,75.3507,36.0783,62.6812,404.35,22161341459.4,2.6967,0.265,0.0055,0.4636,47.6445,67.5555,0.3608
2026-03-24,92.3848,98.5972,27.0541,63.5271,45.5523,76.3527,35.7157,60.0228,395.53,17788981922.03,2.7002,0.2654,-0.0189,0.3797,45.5523,67.9128,0.3572
2026-03-25,92.7856,98.7976,18.8377,62.1242,42.4904,76.3527,37.9201,58.2737,382.09,21140526171.04,2.7427,0.2685,-0.054,0.3417,42.4904,67.9166,0.3792
2026-03-26,92.7856,98.998,12.4248,51.7034,37.1604,82.9659,42.7537,56.6321,355.46,19378193377.2,2.7483,0.2694,-0.1206,0.2075,37.1604,71.3976,0.4275
2026-03-27,92.7856,98.998,13.0261,52.505,37.7165,83.7675,44.1346,57.2556,357.22,16363053299.1,2.7582,0.2711,-0.1173,0.2207,37.7165,71.541,0.4413
2026-03-30,93.3868,100.0,5.01,44.2886,31.647,90.982,46.3996,55.4252,321.8,23759467766.8,2.8077,0.2791,-0.2043,0.1275,31.647,79.3139,0.464
2026-03-31,93.7876,100.0,7.4148,38.0762,36.621,89.3788,36.431,53.7961,337.84,24848658692.56,2.8434,0.2808,-0.1636,0.0711,36.621,77.4829,0.3643
2026-04-01,94.7896,100.0,16.6333,49.8998,44.7254,93.1864,49.9477,60.9727,367.85,27379000826.45,2.9052,0.2893,-0.0894,0.1784,44.7254,81.3527,0.4995
2026-04-02,94.99,100.0,16.2325,37.6754,44.3974,92.986,53.5099,59.5604,366.24,18860830050.72,2.9297,0.3006,-0.0924,0.0664,44.3974,81.331,0.5351
2026-04-06,94.7896,100.0,19.4389,42.2846,47.3715,89.5792,53.1059,60.5888,377.76,15644827271.52,2.9296,0.3126,-0.0629,0.1125,47.3715,78.3412,0.5311
2026-04-07,94.3888,100.0,19.6393,48.497,47.3289,87.3747,59.1764,62.0763,377.58,15187785094.02,2.9195,0.3194,-0.0623,0.1546,47.3289,76.1646,0.5918
2026-04-08,95.3908,100.0,37.4749,50.7014,54.4694,91.1824,63.0731,67.9941,406.73,20017855516.1,2.9364,0.3224,0.0092,0.1786,54.4694,79.8721,0.6307
2026-04-09,95.7916,100.0,45.491,53.9078,57.6075,90.982,61.4425,70.1775,421.51,18167487335.64,2.9535,0.3287,0.0453,0.2187,57.6075,79.7373,0.6144
2026-04-10,95.5912,100.0,45.2906,55.511,57.3426,89.1784,60.5996,69.9244,420.59,15300035016.27,2.9504,0.3424,0.0438,0.2439,57.3426,78.8091,0.606
2026-04-13,94.3888,100.0,49.499,58.1162,58.6708,87.5752,60.3959,70.8383,426.56,15789431068.48,2.9214,0.3494,0.0591,0.2796,58.6708,76.9074,0.604
2026-04-14,94.5892,100.0,72.1443,66.3327,66.1132,93.1864,58.3931,77.9154,465.66,24463369403.46,2.9232,0.3572,0.1532,0.3833,66.1132,82.1195,0.5839
2026-04-15,93.3868,100.0,68.1363,56.513,63.1592,92.3848,57.9862,74.9838,456.23,18418054372.84,2.886,0.3614,0.1288,0.2577,63.1592,80.9897,0.5799
2026-04-16,92.3848,99.5992,68.3367,55.7114,63.3462,92.3848,61.2642,75.2237,457.23,15374960464.68,2.7846,0.3571,0.1292,0.2527,63.3462,80.9955,0.6126
2026-04-17,89.98,99.1984,66.1323,50.3006,62.6069,90.3808,63.6089,73.5475,455.07,15201578764.68,2.6431,0.3485,0.1197,0.1695,62.6069,79.7683,0.6361
2026-04-20,88.1764,99.7996,59.519,45.0902,60.2744,87.7756,63.1596,70.5415,448.42,14355417438.6,2.539,0.3613,0.0998,0.1279,60.2744,77.7847,0.6316
2026-04-21,86.7735,100.0,58.9178,43.8878,60.5032,85.3707,62.1386,69.5595,449.38,12463097280.54,2.4596,0.3685,0.0992,0.1244,60.5032,75.7169,0.6214
2026-04-22,86.7735,100.0,76.5531,56.1122,68.3042,89.5792,61.5608,76.2449,487.48,22423177674.52,2.4636,0.3857,0.1863,0.2529,68.3042,79.5684,0.6156
2026-04-23,85.5711,100.0,74.1483,50.9018,66.1762,87.7756,60.2508,74.1222,481.72,18391107123.44,2.4244,0.3908,0.1662,0.1742,66.1762,78.2627,0.6025
2026-04-24,84.5691,100.0,77.3547,46.8938,68.8941,80.7615,52.5045,72.0697,496.72,17573585530.48,2.3926,0.4016,0.1975,0.1412,68.8941,71.9101,0.525
2026-04-27,84.7695,100.0,83.5671,54.1082,73.1986,82.1643,51.2546,74.8778,524.56,21663365956.96,2.4017,0.4268,0.2579,0.2037,73.1986,72.9784,0.5125
2026-04-28,82.9659,100.0,77.5551,54.9098,66.0113,54.1082,46.294,67.8538,504.22,22597448741.9,2.3684,0.4416,0.2038,0.2153,66.0113,61.0622,0.4629
2026-04-29,82.1643,100.0,80.5611,52.1042,68.354,52.3046,51.474,68.6547,518.46,18793371387.0,2.3099,0.4732,0.2308,0.1842,68.354,60.321,0.5147
2026-04-30,80.9619,99.7996,79.3587,56.513,67.894,46.6934,38.4071,66.0274,517.16,18904469883.88,2.2368,0.4719,0.2221,0.233,67.894,55.9076,0.3841
2026-05-01,80.7615,100.0,84.5691,70.3407,71.8288,47.495,36.9836,69.4338,542.21,21805111786.92,2.2326,0.4846,0.2738,0.4291,71.8288,56.2902,0.3698
2026-05-04,81.3627,100.0,92.7856,74.1483,76.1343,49.0982,35.9884,72.2602,576.45,26541774998.55,2.2711,0.4915,0.3449,0.5055,76.1343,58.0959,0.3599
2026-05-05,83.7675,100.0,99.5992,80.3607,81.7323,63.5271,37.7979,77.911,640.2,41144695620.6,2.3825,0.5395,0.4785,0.622,81.7323,64.5763,0.378
2026-05-06,85.9719,100.0,100.0,86.3727,83.4617,56.9138,33.8421,77.8113,666.59,37146284352.65,2.4428,0.5816,0.5219,0.7382,83.4617,62.3158,0.3384
2026-05-07,87.7756,100.0,98.998,85.9719,77.4867,65.1303,36.2932,78.8239,646.63,30732672406.98,2.4825,0.6,0.4618,0.7324,77.4867,65.1227,0.3629
2026-05-08,89.7796,100.0,100.0,91.1824,83.7678,86.7735,26.0508,82.4447,746.81,48640402201.33,2.6178,0.6411,0.6634,0.82,83.7678,77.5904,0.2605
2026-05-11,92.3848,100.0,100.0,95.5912,85.8299,87.7756,30.2619,84.485,795.33,56446906779.54,2.7801,0.702,0.7418,0.9212,85.8299,78.3046,0.3026
2026-05-12,93.7876,100.0,99.5992,92.986,79.3939,88.1764,37.2546,84.6899,766.58,56529873677.32,2.8886,0.751,0.6532,0.8622,79.3939,78.85,0.3725
2026-05-13,96.1924,100.0,99.7996,97.7956,81.3362,85.7715,36.8527,85.5854,803.63,44099315187.24,2.974,0.796,0.702,1.0102,81.3362,77.3279,0.3685
2026-05-14,96.5932,100.0,99.1984,91.3828,75.6144,90.7816,37.08,84.7767,776.01,32703151970.94,3.0269,0.8219,0.6178,0.8435,75.6144,80.0693,0.3708
2026-05-15,96.994,100.0,98.3968,85.1703,66.279,94.3888,41.4826,84.0126,724.66,35159795207.18,3.0887,0.857,0.4903,0.7363,66.279,86.3131,0.4148
2026-05-18,97.3948,100.0,95.5912,76.5531,59.6223,95.992,41.6059,81.8123,681.54,40921337506.86,3.1741,0.8894,0.3839,0.5918,59.6223,90.519,0.4161
2026-05-19,97.996,100.0,96.3928,80.1603,61.2923,95.7916,42.0981,82.8147,698.74,43176553259.84,3.2743,0.9354,0.4013,0.6598,61.2923,90.2525,0.421
2026-05-20,99.1984,100.0,97.5952,85.7715,64.361,94.7896,41.6786,84.1709,731.99,35741120214.66,3.2958,0.9494,0.4488,0.7511,64.361,88.0339,0.4168
2026-05-21,99.1984,100.0,98.1964,87.976,66.9186,94.5892,47.2208,85.6788,762.1,32359864948.2,3.3239,0.9798,0.4882,0.7765,66.9186,87.4485,0.4722
2026-05-22,99.1984,100.0,97.1944,89.1784,65.0648,95.1904,49.6083,85.9217,751.0,27038149362.0,3.3368,0.995,0.447,0.8072,65.0648,88.3928,0.4961
2026-05-26,100.0,100.0,99.5992,100.0,74.8556,96.7936,49.9454,89.4162,895.88,68589242918.24,3.4734,1.0516,0.6954,1.1725,74.8556,103.8235,0.4995
2026-05-27,100.0,100.0,99.7996,100.0,76.4514,96.3928,48.9751,89.4102,928.41,67120062906.33,3.5933,1.1135,0.7252,1.2498,76.4514,100.8422,0.4898
2026-05-28,100.0,100.0,99.1984,100.0,75.6739,96.5932,49.6854,89.3489,923.52,45893630065.92,3.6579,1.1494,0.6872,1.4324,75.6739,101.6413,0.4969
2026-05-29,100.0,100.0,99.7996,99.7996,78.0121,96.1924,48.9379,89.5006,971.0,58744093021.0,3.761,1.2174,0.7415,1.4228,78.0121,101.2027,0.4894
2026-06-01,100.0,100.0,100.0,100.0,80.7228,96.5932,52.5146,90.4385,1035.5,48204695408.0,3.8149,1.2515,0.8186,1.608,80.7228,101.7338,0.5251
2026-06-02,100.0,100.0,100.0,100.0,81.7946,95.7916,53.6264,90.5922,1064.1,50603461717.5,3.8548,1.3107,0.8277,1.8736,81.7946,101.1676,0.5363
2026-06-03,99.5992,99.7996,99.5992,99.7996,82.3657,95.3908,52.2887,90.1981,1079.5699,43532765572.3325,3.8102,1.2916,0.8122,1.773,82.3657,97.3881,0.5229
2026-06-04,99.7996,100.0,97.7956,99.3988,69.6539,96.7936,54.4897,89.0968,996.0,54697398732.0,3.8177,1.3191,0.6389,1.4708,69.6539,104.2609,0.5449
2026-06-05,100.0,99.7996,93.7876,97.1944,55.1713,98.5972,63.6902,88.1769,864.01,66745220057.18,3.884,1.3116,0.3995,1.0636,55.1713,118.0708,0.6369
2026-06-08,99.5992,99.7996,96.994,98.7976,60.8366,96.5932,59.6728,88.6618,949.28,51353929207.04,3.8338,1.3124,0.5086,1.3419,60.8366,111.9791,0.5967
2026-06-09,98.7976,98.998,95.5912,98.3968,59.5636,96.3928,57.6346,87.6577,935.89,68739814933.45,3.8026,1.2733,0.4605,1.1963,59.5636,110.6643,0.5763
2026-06-10,98.3968,98.7976,90.982,95.5912,55.4563,96.3928,57.0132,85.7309,891.88,49688927823.48,3.7209,1.2582,0.3675,1.0187,55.4563,111.3469,0.5701
2026-06-11,98.1964,98.3968,96.7936,97.996,62.1056,98.3968,55.5706,87.9329,995.87,59173460108.2,3.7135,1.2284,0.4967,1.157,62.1056,116.4593,0.5557
2026-06-12,97.996,98.1964,94.99,97.5952,60.766,98.1964,55.2746,87.2536,981.61,40241471035.36,3.6992,1.2248,0.4486,1.1259,60.766,115.6151,0.5527
2026-06-15,97.996,98.3968,97.3948,99.1984,66.5606,98.1964,57.1134,88.8503,1087.99,48953591078.77,3.6994,1.2408,0.5721,1.4489,66.5606,115.8468,0.5711
2026-06-16,97.5952,97.7956,94.5892,98.5972,60.4811,98.1964,53.6607,86.9529,1020.76,46444319706.2,3.6722,1.2248,0.448,1.4137,60.4811,116.0777,0.5366
2026-06-17,97.1944,97.3948,94.99,99.3988,61.7368,97.996,55.2003,87.3796,1043.1899,48142356382.9022,3.6417,1.1962,0.4524,1.5799,61.7368,116.066,0.552
2026-06-18,97.996,97.3948,97.1944,99.7996,66.3922,98.3968,55.06,88.5054,1133.99,73303987130.66,3.7026,1.2029,0.5475,1.867,66.3922,117.9107,0.5506
2026-06-22,98.3968,98.1964,97.5952,100.0,69.7683,99.3988,54.1755,89.1112,1211.38,64373601759.46,3.7504,1.236,0.6182,2.1704,69.7683,118.7933,0.5418
2026-06-23,98.998,98.5972,90.5812,99.7996,57.0412,100.0,61.3162,87.6971,1051.77,63362042000.73,3.813,1.2519,0.3817,1.9589,57.0412,131.9196,0.6132
2026-06-24,98.1964,97.996,87.1743,99.5992,56.8133,97.7956,58.4296,86.0189,1048.51,72279780243.59,3.7566,1.2404,0.3553,1.9352,56.8133,117.7504,0.5843
2026-06-25,98.3968,98.7976,96.7936,100.0,64.54,99.7996,59.3676,89.3271,1213.5601,100775182372.5349,3.7754,1.2663,0.5388,2.7712,64.54,127.3549,0.5937
2026-06-26,99.5992,99.1984,92.5852,99.7996,58.95,99.7996,63.0558,88.67,1132.33,97839286173.08,3.8512,1.2942,0.4116,2.3517,58.95,130.5848,0.6306
2026-06-29,99.1984,99.1984,91.984,99.3988,59.5515,99.5992,60.1179,88.0189,1145.28,69511753736.64,3.8206,1.3039,0.4037,2.1134,59.5515,129.7344,0.6012
2026-06-30,97.996,98.7976,90.982,99.3988,59.9907,99.3988,59.5369,87.5248,1154.29,48656339659.77,3.7787,1.2927,0.3909,2.1517,59.9907,128.0354,0.5954
2026-07-01,96.994,98.3968,71.7435,97.996,51.789,100.0,61.225,82.7995,1032.28,52984941131.88,3.7402,1.2801,0.2266,1.7326,51.789,134.246,0.6122
2026-07-02,96.7936,98.5972,62.9259,97.5952,48.4714,100.0,64.4834,81.1228,975.56,60332893597.2,3.7379,1.2922,0.1449,1.5837,48.4714,135.4844,0.6448
2026-07-06,95.1904,97.7956,62.1242,96.3928,49.041,99.5992,63.5077,80.312,984.75,36549753522.75,3.6528,1.2729,0.1424,1.4211,49.041,132.5665,0.6351
2026-07-07,94.5892,99.1984,50.9018,95.5912,46.2622,98.3968,61.7276,77.2721,938.38,49140639047.88,3.561,1.3044,0.0772,1.2262,46.2622,123.116,0.6173
2026-07-08,94.3888,98.7976,50.9018,95.7916,46.9891,96.7936,63.8611,77.3843,948.8,40778436299.2,3.4979,1.2983,0.0779,1.2559,46.9891,118.5075,0.6386
