date,turnover,vol_share,extension,momentum,rsi,volatility,basket_corr,score,close,dollar_vol,raw_turnover_ratio,raw_vol_share,raw_extension,raw_momentum_60d,raw_rsi14,raw_realized_vol20,raw_basket_corr
2022-01-03,,,,,,,,,128500.0,486014370500.0,,,,,,,
2022-01-04,,,,,,,,,128500.0,465474416500.0,,,,,,,
2022-01-05,,,,,0.0,,,,125500.0,930576727000.0,,,,,0.0,,
2022-01-06,,,,,0.0,,,,125000.0,465696125000.0,,,,,0.0,,
2022-01-07,,,,,39.596,,,,127000.0,415305113000.0,,,,,39.596,,
2022-01-10,,,,,25.8287,,,,124500.0,429425026500.0,,,,,25.8287,,
2022-01-11,,,,,51.338,,,,128000.0,506724736000.0,,,,,51.338,,
2022-01-12,,,,,53.7834,,,,128500.0,456454359000.0,,,,,53.7834,,
2022-01-13,,,,,58.2972,,,,129500.0,538199928000.0,,,,,58.2972,,
2022-01-14,,,,,52.7491,,,,128500.0,484399768000.0,,,,,52.7491,,
2022-01-17,,,,,45.7204,,,,127000.0,473759911000.0,,,,,45.7204,,
2022-01-18,,,,,43.6333,,,,126500.0,456393025000.0,,,,,43.6333,,
2022-01-19,,,,,46.2745,,,,127000.0,520015343000.0,,,,,46.2745,,
2022-01-20,,,,,38.5028,,,,125000.0,680248250000.0,,,,,38.5028,,
2022-01-21,,,,,24.9597,,,,119000.0,769339760000.0,,,,,24.9597,,
2022-01-24,,,,,24.9597,,,,119000.0,581174818000.0,,,,,24.9597,,
2022-01-25,,,,,23.3707,,,,118000.0,672906210000.0,,,,,23.3707,,
2022-01-26,,,,,22.5961,,,,117500.0,401408200000.0,,,,,22.5961,,
2022-01-27,,,,,17.5771,,,,113500.0,758112354000.0,,,,,17.5771,,
2022-01-28,,,,,41.8987,,,,120500.0,575569455000.0,,352.6647,,,41.8987,,
2022-02-03,,,,,49.8647,,42.5026,,124000.0,641226072000.0,,359.0151,,,49.8647,37.4823,0.425
2022-02-04,,,,,50.9004,,22.0334,,124500.0,378118576500.0,,360.644,,,50.9004,37.5348,0.2203
2022-02-07,,,,,47.7159,,20.692,,123000.0,590924103000.0,,363.5224,,,47.7159,36.8549,0.2069
2022-02-08,,,,,52.0257,,23.3026,,125000.0,506762125000.0,,374.4397,,,52.0257,37.3277,0.233
2022-02-09,,,,,54.0645,,28.0101,,126000.0,546756462000.0,,380.5747,,,54.0645,36.9858,0.2801
2022-02-10,,,,,60.4069,,27.3649,,129500.0,941429905500.0,,398.1281,,,60.4069,37.4863,0.2736
2022-02-11,,,,,64.2083,,27.9895,,132000.0,799551324000.0,,413.1125,,,64.2083,36.8208,0.2799
2022-02-14,,,,,64.9335,,27.9034,,132500.0,657492162500.0,,418.366,,,64.9335,36.8198,0.279
2022-02-15,,,,,52.3653,,22.7304,,127000.0,647334240000.0,,425.376,,,52.3653,39.8726,0.2273
2022-02-16,,,,,57.9439,,23.7121,,130500.0,456725074500.0,,430.5171,,,57.9439,40.9978,0.2371
2022-02-17,,,,,61.4194,,22.7449,,133000.0,722642466000.0,,439.9832,,,61.4194,41.2037,0.2274
2022-02-18,,,,,58.306,,21.1569,,131500.0,408818640500.0,,441.0822,,,58.306,41.4356,0.2116
2022-02-21,,,,,55.2878,,21.1918,,130000.0,526254040000.0,,440.6617,,,55.2878,41.6971,0.2119
2022-02-22,,,,,52.3684,,22.2872,,128500.0,408605071000.0,,421.4735,,,52.3684,41.4928,0.2229
2022-02-23,,,,,52.3684,,22.4437,,128500.0,353646392000.0,,407.54,,,52.3684,36.9685,0.2244
2022-02-24,,,,,42.0644,,16.5633,,122500.0,704138452500.0,,396.1041,,,42.0644,41.2733,0.1656
2022-02-25,,,,,43.0696,,23.3996,,123000.0,407083875000.0,,386.6144,,,43.0696,41.1143,0.234
2022-02-28,,,,,44.1139,,27.3253,,123500.0,398196604000.0,,381.6614,,,44.1139,41.0506,0.2733
2022-03-02,,,,,47.2406,,29.9415,,125000.0,362917500000.0,,366.6018,,,47.2406,38.7306,0.2994
2022-03-03,,,,,54.5441,,29.2746,,129000.0,398364513000.0,,354.4524,,,54.5441,34.4611,0.2927
2022-03-04,,,,,46.7102,,38.7829,,124500.0,404596738500.0,,336.8538,,,46.7102,35.7317,0.3878
2022-03-07,,,,,39.8599,,49.2017,,119500.0,621792677000.0,,344.1368,,,39.8599,38.554,0.492
2022-03-08,,,,,38.0568,,44.744,,118000.0,427047310000.0,,336.0706,,,38.0568,38.5721,0.4474
2022-03-10,,,,,41.8349,,39.8464,,120000.0,469521960000.0,,333.7926,,,41.8349,38.6152,0.3985
2022-03-11,,,,,38.0827,,40.5746,,117000.0,361241244000.0,,321.658,,,38.0827,39.2729,0.4057
2022-03-14,,,,,36.8948,,37.3343,,116000.0,367992948000.0,,301.5456,,,36.8948,37.5315,0.3733
2022-03-15,,,,,33.0133,,34.2079,,112500.0,402553800000.0,,287.1541,,,33.0133,37.3569,0.3421
2022-03-16,,,,,40.6925,,40.8821,,116500.0,435707320500.0,,278.0095,,,40.6925,40.1891,0.4088
2022-03-17,,,,,51.8405,,42.9372,,124000.0,895256812000.0,,286.3343,,,51.8405,44.7111,0.4294
2022-03-18,,,,,51.8405,,47.0772,,124000.0,557151716000.0,,284.3086,-0.0043,,51.8405,43.4458,0.4708
2022-03-21,,,,,48.9924,,46.046,,122000.0,418924698000.0,,278.0392,-0.0194,,48.9924,42.9271,0.4605
2022-03-22,,,,,51.1597,,47.6862,,123500.0,277435216500.0,,274.8034,-0.0065,,51.1597,43.2293,0.4769
2022-03-23,,,,,51.1597,,46.5798,,123500.0,504575675500.0,,265.763,-0.0062,,51.1597,43.1277,0.4658
2022-03-24,,,,,46.57,,43.8396,,120500.0,507940276000.0,,262.0536,-0.0296,,46.57,43.7309,0.4384
2022-03-25,,,,,43.1,,43.1712,,118000.0,650762920000.0,,269.0572,-0.0484,,43.1,44.1576,0.4317
2022-03-28,,,,,43.1,,44.2086,,118000.0,381705456000.0,,262.6335,-0.0474,,43.1,41.0552,0.4421
2022-03-29,,,,,46.7793,,44.8339,,120000.0,405029640000.0,,260.882,-0.03,,46.7793,41.5456,0.4483
2022-03-30,,,,,48.57,,43.8009,,121000.0,415790122000.0,,256.6597,-0.0207,,48.57,41.6444,0.438
2022-03-31,,,,,43.8079,,45.6456,,118000.0,537851434000.0,,251.6502,-0.0432,,43.8079,42.1815,0.4565
2022-04-01,,,,,40.9269,,47.9653,,116000.0,446780728000.0,0.9063,240.816,-0.0575,,40.9269,40.4183,0.4797
2022-04-04,,,,,42.9472,,45.438,,117000.0,289082664000.0,0.9018,233.4786,-0.0479,-0.0895,42.9472,39.0567,0.4544
2022-04-05,,,,,42.1706,,43.0598,,116500.0,244821721000.0,0.873,208.9171,-0.0504,-0.0934,42.1706,36.4189,0.4306
2022-04-06,,,,,37.1118,,43.9624,,113000.0,513238994000.0,0.8814,200.6778,-0.0768,-0.0996,37.1118,37.6887,0.4396
2022-04-07,,,,,38.2514,,52.1388,,113500.0,570662677500.0,0.8898,198.3175,-0.071,-0.092,38.2514,37.1136,0.5214
2022-04-08,,,,,36.1358,,49.3214,,112000.0,478051392000.0,0.9021,198.9504,-0.0822,-0.1181,36.1358,36.384,0.4932
2022-04-11,,,,,35.4323,,50.4446,,111500.0,266572639000.0,0.8988,195.4582,-0.0852,-0.1044,35.4323,36.3173,0.5044
2022-04-12,,,,,34.7048,,56.1658,,111000.0,303936093000.0,0.8946,190.3749,-0.0882,-0.1328,34.7048,34.7321,0.5617
2022-04-13,,,,,40.0111,,47.1488,,113000.0,280747370000.0,0.8852,187.0017,-0.0711,-0.1206,40.0111,32.8899,0.4715
2022-04-14,,,,,35.3681,,49.7167,,110000.0,518727000000.0,0.8477,177.8814,-0.0952,-0.1506,35.3681,23.9267,0.4972
2022-04-15,,,,,32.648,,50.0036,,108000.0,398953296000.0,0.8345,174.1389,-0.1099,-0.1595,32.648,24.2023,0.5
2022-04-18,,,,,35.3263,,53.4424,,109000.0,291077851000.0,0.8268,166.6254,-0.0994,-0.1417,35.3263,24.5831,0.5344
2022-04-19,,,,,43.7561,,57.6116,,112500.0,339884100000.0,0.8367,161.1014,-0.0686,-0.1107,43.7561,27.2669,0.5761
2022-04-20,,,,,43.7561,,56.3584,,112500.0,326813287500.0,0.8228,150.9558,-0.067,-0.1142,43.7561,27.2669,0.5636
2022-04-21,,,,,44.9451,,55.8933,,113000.0,361583954000.0,0.811,147.941,-0.061,-0.096,44.9451,26.3859,0.5589
2022-04-22,,,,,40.352,,66.4089,,110500.0,260872157000.0,0.7765,136.4526,-0.0794,-0.0714,40.352,26.5158,0.6641
2022-04-25,,,,,36.3514,,63.3769,,108000.0,246493044000.0,0.7678,132.5926,-0.097,-0.0924,36.3514,27.3705,0.6338
2022-04-26,,,,,43.5801,,57.2083,,111000.0,329616276000.0,0.7633,130.4106,-0.0686,-0.0593,43.5801,28.6869,0.5721
2022-04-27,,,,,39.5491,,48.343,,108500.0,353849965000.0,0.7596,128.1459,-0.0859,-0.0766,39.5491,29.0532,0.4834
2022-04-28,,,,,41.8654,,48.7563,,109500.0,307143777000.0,0.7392,125.0929,-0.0748,-0.0352,41.8654,28.5209,0.4876
2022-04-29,,,,,48.2695,,42.8359,,112500.0,422146687500.0,0.7378,126.771,-0.0465,-0.0664,48.2695,30.0402,0.4284
2022-05-02,,,,,44.7317,,40.2299,,110500.0,240379932000.0,0.7373,126.9741,-0.0599,-0.1089,44.7317,30.3295,0.4023
2022-05-03,,,,,43.8661,,33.3592,,110000.0,294372650000.0,0.7459,132.7968,-0.0607,-0.1165,43.8661,30.3312,0.3336
2022-05-04,,,,,42.9707,,32.3201,,109500.0,272861955000.0,0.7244,129.3984,-0.0617,-0.1098,42.9707,28.5415,0.3232
2022-05-06,,,,,39.4974,,33.0002,,107500.0,275932397500.0,0.6968,121.9268,-0.0755,-0.14,39.4974,29.0535,0.33
2022-05-09,,,,,39.4974,,33.9989,,107500.0,236873240000.0,0.6752,117.9553,-0.0722,-0.1468,39.4974,28.793,0.34
2022-05-10,,,,,45.8433,,33.1022,,110000.0,455611530000.0,0.6956,121.0611,-0.0485,-0.1506,45.8433,30.1068,0.331
2022-05-11,,,,,47.0398,,32.7481,,110500.0,404227564000.0,0.7074,124.2187,-0.0421,-0.1629,47.0398,30.1255,0.3275
2022-05-12,,,,,43.906,,31.4826,,109000.0,450491332000.0,0.7258,126.6817,-0.0528,-0.1774,43.906,29.6909,0.3148
2022-05-13,,,,,51.9497,,38.7734,,112500.0,450376762500.0,0.7188,124.833,-0.0202,-0.1142,51.9497,30.3854,0.3877
2022-05-16,,,,,47.7372,,33.0944,,110500.0,434269862000.0,0.7232,125.1275,-0.0345,-0.1533,47.7372,30.3508,0.3309
2022-05-17,,,,,51.9346,,38.5254,,112500.0,231316087500.0,0.7208,125.1128,-0.015,-0.1541,51.9346,30.8128,0.3853
2022-05-18,,,,,53.927,,35.3223,,113500.0,405207825500.0,0.7288,129.0671,-0.0052,-0.1369,53.927,28.8692,0.3532
2022-05-19,,,,,48.5128,,37.6207,,111000.0,408485439000.0,0.7386,138.4611,-0.0259,-0.1462,48.5128,29.9759,0.3762
2022-05-20,,,,,51.6494,,36.5501,,112500.0,269885025000.0,0.7319,138.6877,-0.0114,-0.1245,51.6494,30.3464,0.3655
2022-05-23,,,,,52.6842,,34.431,,113000.0,357083164000.0,0.7441,145.5944,-0.0063,-0.1206,52.6842,29.2223,0.3443
2022-05-24,,,,,43.6335,,39.8587,,108500.0,487364097500.0,0.7698,152.2929,-0.0446,-0.1143,43.6335,31.7284,0.3986
2022-05-25,,,,,42.7546,,43.7355,,108000.0,448368480000.0,0.7829,156.5589,-0.0483,-0.122,42.7546,30.0852,0.4374
2022-05-26,,,,,35.1336,,39.8282,,103000.0,877869103000.0,0.8321,172.7219,-0.0902,-0.166,35.1336,33.4864,0.3983
2022-05-27,,,,,41.8331,,42.1922,,106000.0,390767622000.0,0.8425,177.9295,-0.0607,-0.152,41.8331,35.0778,0.4219
2022-05-30,,,,,43.9126,,42.116,,107000.0,219834282000.0,0.825,178.9213,-0.049,-0.1705,43.9126,33.6985,0.4212
2022-05-31,,,,,45.9919,,47.2915,,108000.0,434646972000.0,0.8466,185.8646,-0.0377,-0.1325,45.9919,33.4302,0.4729
2022-06-02,,,,,44.2262,,51.2779,,107000.0,331441381000.0,0.8529,191.1684,-0.0438,-0.1046,44.2262,33.537,0.5128
2022-06-03,,,,,44.2262,,50.6055,,107000.0,175266642000.0,0.8474,196.751,-0.041,-0.0932,44.2262,33.5188,0.5061
2022-06-07,,,,,39.0148,,48.0084,,104000.0,330150184000.0,0.8556,209.5716,-0.0651,-0.1333,39.0148,34.3798,0.4801
2022-06-08,,,,,43.7717,,45.0627,,106000.0,326006180000.0,0.8678,216.7234,-0.045,-0.094,43.7717,35.1575,0.4506
2022-06-09,,,,,42.8714,,45.4245,,105500.0,489598492000.0,0.8709,217.9295,-0.0474,-0.0905,42.8714,34.0391,0.4542
2022-06-10,,,,,39.382,,48.974,,103500.0,360209911500.0,0.8677,216.0165,-0.0627,-0.08,39.382,34.4628,0.4897
2022-06-13,,,,,32.8947,,57.0494,,99000.0,409211253000.0,0.864,218.736,-0.0998,-0.1502,32.8947,37.3092,0.5705
2022-06-14,,,,,33.1582,,57.6452,,99100.0,321336705000.0,0.852,217.4337,-0.0958,-0.2008,33.1582,34.8478,0.5765
2022-06-15,,,,,31.5568,,48.7471,,97900.0,252435150000.0,0.8353,213.983,-0.1038,-0.2105,31.5568,34.6531,0.4875
2022-06-16,,,,,30.8875,,45.7492,,97400.0,371162472200.0,0.8521,223.4039,-0.1052,-0.2016,30.8875,33.4827,0.4575
2022-06-17,,,,,29.538,,34.7498,,96400.0,382270729600.0,0.8507,227.6145,-0.1111,-0.2194,29.538,32.9507,0.3475
2022-06-20,,,,,27.1141,,34.8274,,94500.0,225497979000.0,0.834,224.4336,-0.1256,-0.2348,27.1141,32.8268,0.3483
2022-06-21,,,,,29.4123,,38.8179,,95200.0,257735150400.0,0.8358,229.8691,-0.1161,-0.21,29.4123,32.3695,0.3882
2022-06-22,,,,,25.6757,,38.7562,,92200.0,323606326000.0,0.834,232.1223,-0.1408,-0.2186,25.6757,33.0396,0.3876
2022-06-23,,,,,23.5296,,39.9667,,90200.0,359277063200.0,0.821,231.6165,-0.1561,-0.2356,23.5296,31.3772,0.3997
2022-06-24,,,,,28.0624,,45.69,,91600.0,279010852000.0,0.8044,228.5305,-0.1399,-0.2367,28.0624,32.5508,0.4569
2022-06-27,,,,,37.7179,,44.7792,,95000.0,323831155000.0,0.7435,212.9995,-0.105,-0.2149,37.7179,32.7756,0.4478
2022-06-28,,,,,38.5023,,42.4335,,95300.0,192788659800.0,0.7245,207.8571,-0.0996,-0.1924,38.5023,30.5696,0.4243
2022-06-29,,,,,36.3651,,50.8143,,94000.0,237817462000.0,0.7293,210.1627,-0.1096,-0.1897,36.3651,30.1934,0.5081
2022-06-30,,,,,31.9568,,44.9281,,91000.0,281995714000.0,0.714,209.2837,-0.135,-0.2222,31.9568,30.9264,0.4493
2022-07-01,,,,,27.7329,,47.0272,,87500.0,433927900000.0,0.7258,213.9767,-0.1643,-0.2489,27.7329,32.7885,0.4703
2022-07-04,,,,,32.1481,,47.2489,,89100.0,385956964800.0,0.7506,224.3216,-0.1452,-0.2115,32.1481,34.1294,0.4725
2022-07-05,,,,,40.4711,,53.1987,,92500.0,329307862500.0,0.752,229.1597,-0.1091,-0.185,40.4711,37.0777,0.532
2022-07-06,,,,,39.8518,,55.2116,,92100.0,366680124600.0,0.7576,235.3005,-0.1098,-0.1777,39.8518,35.9048,0.5521
2022-07-07,,,,,44.0045,,63.527,,93900.0,312761556600.0,0.7389,240.5467,-0.0899,-0.1578,44.0045,37.107,0.6353
2022-07-08,,,,,46.0116,,66.3751,,94800.0,266812514400.0,0.7304,245.4496,-0.0783,-0.1459,46.0116,37.1385,0.6638
2022-07-11,,,,,43.9387,,66.2786,,93700.0,176664322500.0,0.7067,243.7161,-0.0864,-0.1708,43.9387,34.1512,0.6628
2022-07-12,,,,,43.1769,,63.1888,,93300.0,222584690400.0,0.6979,247.6544,-0.0874,-0.1518,43.1769,34.1256,0.6319
2022-07-13,,,,,44.9748,,56.7162,,94000.0,255850704000.0,0.7004,258.818,-0.0772,-0.1296,44.9748,34.1385,0.5672
2022-07-14,,,,,44.9748,,56.8709,,94000.0,239728858000.0,0.6874,260.1186,-0.0742,-0.1376,44.9748,34.1255,0.5687
2022-07-15,,,,,55.8522,,63.8005,,98700.0,439926429600.0,0.694,272.4195,-0.0257,-0.1227,55.8522,38.3515,0.638
2022-07-18,,,,,60.0175,,65.1052,,101000.0,461042780000.0,0.7212,291.9752,-0.0014,-0.1022,60.0175,38.2492,0.6511
2022-07-19,,,,,57.4783,,61.8684,,100000.0,270908400000.0,0.7247,297.5596,-0.0098,-0.115,57.4783,38.4994,0.6187
2022-07-20,,,,,61.0295,,61.4252,,102000.0,406067406000.0,0.7346,308.259,0.0111,-0.0769,61.0295,36.6963,0.6143
2022-07-21,,,,,61.8864,,59.5759,,102500.0,219758360000.0,0.7208,317.3987,0.0176,-0.0509,61.8864,35.2887,0.5958
2022-07-22,,,,,55.3343,,61.7974,,100000.0,312655600000.0,0.7261,330.0578,-0.0052,-0.0991,55.3343,36.7698,0.618
2022-07-25,,,,,55.3343,,60.6791,,100000.0,218510800000.0,0.7162,332.4351,-0.0034,-0.0783,55.3343,34.7771,0.6068
2022-07-26,,,,,56.4049,,61.0407,,100500.0,164515485000.0,0.7159,337.6781,0.004,-0.0822,56.4049,34.7873,0.6104
2022-07-27,,,,,54.9856,,60.4167,,100000.0,315949900000.0,0.7265,345.9259,0.0011,-0.1111,54.9856,34.3768,0.6042
2022-07-28,,,,,53.2539,,57.349,,99400.0,333955869800.0,0.7338,349.0072,-0.0023,-0.1005,53.2539,31.9488,0.5735
2022-07-29,,,,,49.0913,,56.27,,97900.0,381719834100.0,0.728,346.0063,-0.0142,-0.11,49.0913,28.5556,0.5627
2022-08-01,,,,,46.9821,,51.087,,97100.0,194942426600.0,0.7078,332.9,-0.0195,-0.1132,46.9821,28.5556,0.5109
2022-08-02,,,,,45.4064,,52.3062,,96500.0,184976121500.0,0.6931,314.3827,-0.0224,-0.1023,45.4064,25.9162,0.5231
2022-08-03,,,,,48.5062,,51.65,,97500.0,166074675000.0,0.6717,299.6601,-0.0092,-0.093,48.5062,25.954,0.5165
2022-08-04,,,,,48.5062,,47.5673,,97500.0,191151285000.0,0.6594,290.0308,-0.007,-0.1136,48.5062,25.2203,0.4757
2022-08-05,,,,,51.6876,,43.2992,,98500.0,202205922000.0,0.6538,285.7575,0.0051,-0.1086,51.6876,25.2482,0.433
2022-08-08,,,,,45.0878,,42.7375,,96300.0,308790572400.0,0.671,290.3232,-0.016,-0.1165,45.0878,26.3027,0.4274
2022-08-09,,,,,41.9419,,48.5137,,95100.0,299846020500.0,0.6817,290.4411,-0.0261,-0.1547,41.9419,26.6984,0.4851
2022-08-10,,,,,34.7595,,41.551,,91800.0,399932942400.0,0.6994,290.8206,-0.0569,-0.1692,34.7595,29.4877,0.4155
2022-08-11,,,,,39.8054,,43.7415,,93300.0,485809554600.0,0.7286,296.3433,-0.0386,-0.1707,39.8054,30.1283,0.4374
2022-08-12,,,,,39.8054,,34.2337,,93300.0,178214849100.0,0.6992,278.0569,-0.0359,-0.178,39.8054,23.9032,0.3423
2022-08-16,,,,,49.9763,,34.4064,,96700.0,412645976000.0,0.6932,272.519,0.0014,-0.1288,49.9763,26.0643,0.3441
2022-08-17,,,,,51.0247,,39.7429,,97100.0,171349845400.0,0.6836,264.5585,0.007,-0.1369,51.0247,25.9862,0.3974
2022-08-18,,,,,47.289,,39.2946,,95700.0,180833475900.0,0.6582,251.8805,-0.0054,-0.1531,47.289,25.1005,0.3929
2022-08-19,,,,,49.2882,,37.318,,96400.0,182276879600.0,0.6559,245.0747,0.0037,-0.1115,49.2882,25.217,0.3732
2022-08-22,,,,,46.0628,,35.1843,,95200.0,218350815200.0,0.646,239.2903,-0.007,-0.1185,46.0628,24.1818,0.3518
2022-08-23,,,,,42.1063,,36.3127,,93600.0,180912139200.0,0.6436,233.5656,-0.0226,-0.0913,42.1063,24.6962,0.3631
2022-08-24,,,,,41.1546,,36.3297,,93200.0,134863755200.0,0.6426,231.8699,-0.0256,-0.1208,41.1546,24.5017,0.3633
2022-08-25,,,,,44.2101,,42.0103,,94100.0,206027997800.0,0.6307,224.3579,-0.0154,-0.1206,44.2101,24.9493,0.4201
2022-08-26,,,,,47.4736,,37.4758,,95100.0,218915349900.0,0.618,218.2886,-0.0045,-0.1194,47.4736,25.378,0.3748
2022-08-29,,,,,40.7923,,40.5115,,92500.0,242281550000.0,0.6018,213.3612,-0.0309,-0.1355,40.7923,26.5879,0.4051
2022-08-30,,,,,43.1135,,38.7853,,93200.0,148676554400.0,0.5983,214.8482,-0.0233,-0.129,43.1135,26.7531,0.3879
2022-08-31,,,,,49.2372,,36.2508,,95200.0,230542888800.0,0.6056,219.5585,-0.0023,-0.0846,49.2372,27.9347,0.3625
2022-09-01,,,,,42.3619,,35.3233,,92400.0,215986940400.0,0.6136,219.52,-0.0317,-0.1283,42.3619,29.4369,0.3532
2022-09-02,,,,,40.8271,,36.9118,,91700.0,186776210600.0,0.615,219.778,-0.0393,-0.1308,40.8271,29.4686,0.3691
2022-09-05,,,,,39.5058,,36.9346,,91100.0,155430082800.0,0.6112,219.3239,-0.0455,-0.1198,39.5058,29.0654,0.3693
2022-09-06,,,,,41.8694,,38.0882,,91800.0,127585567800.0,0.5903,214.2666,-0.0376,-0.0727,41.8694,28.4633,0.3809
2022-09-07,,,,,38.6194,,36.8819,,90400.0,185628535200.0,0.5773,211.2808,-0.0513,-0.0878,38.6194,28.6143,0.3688
2022-09-08,,,,,38.6194,,33.8802,,90400.0,181895919200.0,0.5509,202.6809,-0.0505,-0.0766,38.6194,25.8616,0.3388
2022-09-13,,,,,52.1561,,22.1652,,94800.0,311742974400.0,0.5289,197.9222,-0.0051,-0.0267,52.1561,30.552,0.2217
2022-09-14,,,,,47.5374,,20.4036,,93000.0,227378304000.0,0.5365,200.4432,-0.0251,-0.0353,47.5374,31.3654,0.204
2022-09-15,,,,,45.1455,,18.4011,,92000.0,161535440000.0,0.5055,188.1402,-0.0362,-0.0265,45.1455,28.5126,0.184
2022-09-16,,,,,43.2698,,16.026,,91200.0,204577924800.0,0.5112,189.7716,-0.0443,-0.042,43.2698,28.4821,0.1603
2022-09-19,,,,,40.5483,,16.8209,,90000.0,187076970000.0,0.5135,190.127,-0.0565,-0.0239,40.5483,28.4179,0.1682
2022-09-20,,,,,36.4352,,16.0185,,88000.0,374861432000.0,0.5389,200.9941,-0.0763,-0.0244,36.4352,28.9379,0.1602
2022-09-21,,,,,36.4352,,15.829,,88000.0,259988960000.0,0.5453,204.5678,-0.075,-0.0393,36.4352,28.8218,0.1583
2022-09-22,,,,,32.6,,14.1146,,86000.0,189580980000.0,0.548,206.0676,-0.0945,-0.0947,32.6,29.26,0.1411
2022-09-23,,,,,28.554,,12.2468,,83500.0,328342207000.0,0.574,215.8227,-0.119,-0.1238,28.554,30.604,0.1225
2022-09-26,,,,,27.1049,,12.4877,,82500.0,270694462500.0,0.5834,215.5494,-0.1275,-0.1223,27.1049,30.1484,0.1249
2022-09-27,,,,,26.3839,,5.042,,82000.0,213719306000.0,0.5842,217.4775,-0.1306,-0.0989,26.3839,29.4638,0.0504
2022-09-28,,,,,25.2276,,5.819,,81200.0,249136297200.0,0.5862,215.6423,-0.1358,-0.072,25.2276,28.4963,0.0582
2022-09-29,,,,,24.646,,5.0011,,80800.0,166835678400.0,0.5904,213.616,-0.1364,-0.0932,24.646,28.0203,0.05
2022-09-30,,,,,34.0595,,8.8314,,83100.0,391494903000.0,0.6117,211.4861,-0.1086,-0.1016,34.0595,29.0253,0.0883
2022-10-04,,,,,44.1811,,34.0006,,86200.0,368712224800.0,0.6321,223.3693,-0.0722,-0.0641,44.1811,31.5076,0.34
2022-10-05,,,,,53.1706,,38.8008,,89800.0,532267588800.0,0.6766,229.3545,-0.0308,-0.0437,53.1706,35.1593,0.388
2022-10-06,,,,,53.3951,,38.19,,89900.0,273268850200.0,0.6933,228.6241,-0.0276,-0.0517,53.3951,35.105,0.3819
2022-10-07,,,,,56.3267,,37.1244,,91200.0,282773169600.0,0.7149,232.9015,-0.0116,-0.0267,56.3267,35.3951,0.3712
2022-10-11,,,,,53.537,,35.4563,,90200.0,346443948400.0,0.7366,230.041,-0.0203,-0.0332,53.537,35.1833,0.3546
2022-10-12,,,,,61.3671,,35.0931,,94000.0,436933714000.0,0.77,236.3337,0.0223,0.0,61.3671,38.1265,0.3509
2022-10-13,,,,,62.9593,,56.5228,,94900.0,416665093000.0,0.7835,232.8647,0.0331,0.0096,62.9593,34.296,0.5652
2022-10-14,,,,,64.0238,,50.4562,,95500.0,335819733500.0,0.7984,236.939,0.0402,-0.0324,64.0238,33.5869,0.5046
2022-10-17,,,,,63.0481,,49.3894,,95200.0,203209921600.0,0.8059,237.755,0.0374,-0.0574,63.0481,33.3288,0.4939
2022-10-18,,,,,64.2224,,49.0225,,95800.0,250869544000.0,0.8134,237.1803,0.0441,-0.042,64.2224,33.1304,0.4902
2022-10-19,,,,,55.1071,,48.0462,,92900.0,342330368600.0,0.8346,233.6533,0.0135,-0.0892,55.1071,34.7716,0.4805
2022-10-20,,,,,48.2418,,44.2741,,90200.0,410200555600.0,0.8389,222.7475,-0.0144,-0.12,48.2418,35.4977,0.4427
2022-10-21,,,,,49.002,,45.0016,,90500.0,199711237000.0,0.8328,216.5797,-0.0094,-0.095,49.002,35.5019,0.45
2022-10-24,,,,,52.2734,,42.1873,,91800.0,198837973800.0,0.836,217.2621,0.0058,-0.082,52.2734,34.5575,0.4219
2022-10-25,,,,,56.2277,,41.7632,,93500.0,248354139000.0,0.8266,214.4785,0.0248,-0.0697,56.2277,32.6626,0.4176
2022-10-26,,,,,57.1278,,32.1287,,93900.0,310839235800.0,0.8327,216.7439,0.0287,-0.061,57.1278,31.9963,0.3213
2022-10-27,,,,,46.9836,,36.4185,,90000.0,409524570000.0,0.8586,221.5887,-0.0133,-0.0946,46.9836,36.21,0.3642
2022-10-28,,,,,35.4963,,31.2359,,83400.0,646226067600.0,0.9088,238.0746,-0.0837,-0.1481,35.4963,46.0487,0.3124
2022-10-31,,,,,34.5319,,26.5875,,82700.0,518659169800.0,0.9542,252.0686,-0.0886,-0.1483,34.5319,46.1284,0.2659
2022-11-01,,,,,37.6587,,26.9401,,83900.0,320513521500.0,0.9453,255.4663,-0.0726,-0.1306,37.6587,45.3193,0.2694
2022-11-02,,,,,39.2217,,17.1556,,84500.0,214322673500.0,0.9266,248.7658,-0.0637,-0.1333,39.2217,43.3663,0.1716
2022-11-03,,,,,36.2827,,15.8804,,82700.0,239944126000.0,0.8888,243.6154,-0.0808,-0.1518,36.2827,40.9603,0.1588
2022-11-04,,,,,41.0406,,20.5954,,84500.0,256287232500.0,0.8879,246.7572,-0.0586,-0.1421,41.0406,41.9358,0.206
2022-11-07,,,,,45.8765,,22.6069,,86500.0,239197066000.0,0.8835,245.3662,-0.0348,-0.1018,45.8765,42.5527,0.2261
2022-11-08,,,,,48.6006,,24.8081,,87700.0,245522727500.0,0.8713,247.9442,-0.0202,-0.0778,48.6006,42.8149,0.2481
2022-11-09,,,,,51.862,,25.978,,89200.0,233681878400.0,0.8453,238.2867,-0.0023,-0.0283,51.862,40.4034,0.2598
2022-11-10,,,,,51.6269,,22.8026,,89100.0,343641860100.0,0.8357,231.5558,-0.0021,-0.045,51.6269,40.1547,0.228
2022-11-11,,,,,60.1831,,33.3065,,93500.0,467700931500.0,0.8525,230.0581,0.0469,0.0021,60.1831,44.0306,0.3331
2022-11-14,,,,,54.0942,,35.1833,,90900.0,225744786900.0,0.8571,225.1081,0.0183,-0.06,54.0942,45.0741,0.3518
2022-11-15,,,,,55.4025,,34.9801,,91600.0,225378594000.0,0.8552,222.4234,0.027,-0.0566,55.4025,45.1119,0.3498
2022-11-16,,,,,55.1606,,34.6633,,91500.0,238741708500.0,0.8425,221.6861,0.0261,-0.0439,55.1606,43.8374,0.3466
2022-11-17,,,,,46.8004,,35.0762,,87700.0,324829399000.0,0.8313,220.3957,-0.0156,-0.0902,46.8004,45.1803,0.3508
2022-11-18,,,,,48.3533,,34.3656,,88400.0,263537372800.0,0.8411,222.4548,-0.0072,-0.0714,48.3533,45.2743,0.3437
2022-11-21,,,,,44.1863,,35.0747,,86300.0,182224434900.0,0.8408,219.3043,-0.0296,-0.078,44.1863,45.5828,0.3507
2022-11-22,,,,,42.1379,,34.7672,,85200.0,137779561200.0,0.828,213.2676,-0.0408,-0.0858,42.1379,44.9774,0.3477
2022-11-23,,,,,42.1379,,39.6277,,85200.0,126130080000.0,0.8051,207.6254,-0.0397,-0.0946,42.1379,44.8906,0.3963
2022-11-24,,,,,46.5769,,39.9736,,86900.0,186683359500.0,0.7762,200.9454,-0.0188,-0.0862,46.5769,43.3913,0.3997
2022-11-25,,,,,42.8302,,37.4031,,85100.0,122459836100.0,0.7062,181.6287,-0.0374,-0.08,42.8302,34.3078,0.374
2022-11-28,,,,,39.0696,,48.377,,83100.0,205382148600.0,0.6642,170.9652,-0.0581,-0.1084,39.0696,35.2869,0.4838
2022-11-29,,,,,40.7503,,50.6389,,83700.0,125699237100.0,0.6391,164.3527,-0.0497,-0.1208,40.7503,34.9946,0.5064
2022-11-30,,,,,44.3333,,51.9495,,85000.0,283280180000.0,0.6493,164.3737,-0.0338,-0.0801,44.3333,35.344,0.5195
2022-12-01,,,,,43.6769,,51.0915,,84700.0,243816657700.0,0.6508,164.8781,-0.0365,-0.0763,43.6769,34.4356,0.5109
2022-12-02,,,,,38.0189,,51.9025,,81900.0,376253350200.0,0.6673,168.4156,-0.0671,-0.101,38.0189,35.6583,0.519
2022-12-05,,,,,36.3872,,50.2671,,81000.0,284832936000.0,0.6743,170.0062,-0.0763,-0.1176,36.3872,34.5396,0.5027
2022-12-06,,,,,36.3872,,48.6335,,81000.0,225289512000.0,0.6726,171.2041,-0.0758,-0.104,36.3872,33.9786,0.4863
2022-12-07,,,,,32.601,,47.4284,,78900.0,283245161400.0,0.6801,178.3958,-0.099,-0.1272,32.601,33.911,0.4743
2022-12-08,,,,,32.428,,53.1361,,78800.0,300215943600.0,0.6745,185.8233,-0.0995,-0.1688,32.428,33.9082,0.5314
2022-12-09,,,,,41.4623,,59.1008,,81500.0,243318902000.0,0.6441,185.2342,-0.0687,-0.1237,41.4623,31.0983,0.591
2022-12-12,,,,,40.5963,,43.7726,,81100.0,100726767700.0,0.6285,184.8504,-0.0733,-0.1185,40.5963,30.0607,0.4377
2022-12-13,,,,,44.3513,,43.7025,,82300.0,227238859200.0,0.6297,188.581,-0.0594,-0.0976,44.3513,30.5736,0.437
2022-12-14,,,,,43.128,,42.7088,,81800.0,192842763800.0,0.6245,191.8695,-0.0642,-0.0911,43.128,30.5327,0.4271
2022-12-15,,,,,39.3845,,51.1663,,80200.0,137432083400.0,0.5997,195.1401,-0.0805,-0.0886,39.3845,27.8504,0.5117
2022-12-16,,,,,35.6369,,53.5876,,78400.0,300054596800.0,0.6052,201.1014,-0.0987,-0.1091,35.6369,28.1608,0.5359
2022-12-19,,,,,37.7628,,52.1003,,79000.0,143269976000.0,0.6012,204.6066,-0.0893,-0.0814,37.7628,27.71,0.521
2022-12-20,,,,,36.2581,,50.0414,,78300.0,106638805800.0,0.5986,207.7075,-0.0949,-0.0623,36.2581,27.5867,0.5004
2022-12-21,,,,,35.6034,,51.3396,,78000.0,118081392000.0,0.5991,211.2686,-0.095,-0.0545,35.6034,27.5424,0.5134
2022-12-22,,,,,40.2512,,46.8208,,79200.0,163301133600.0,0.5971,208.7454,-0.0777,-0.0341,40.2512,27.0618,0.4682
2022-12-23,,,,,36.9046,,45.6859,,77800.0,120935898800.0,0.5985,210.9818,-0.0903,-0.0419,36.9046,26.836,0.4569
2022-12-26,,,,,35.1083,,45.5626,,77000.0,108933209000.0,0.5863,204.5955,-0.0958,-0.047,35.1083,25.9638,0.4556
2022-12-27,,,,,35.1083,,41.2003,,77000.0,130455325000.0,0.5885,207.8791,-0.0918,-0.0734,35.1083,25.6834,0.412
2022-12-28,,,,,32.7943,,44.0052,,76000.0,143732796000.0,0.5698,206.4893,-0.1,-0.1183,32.7943,24.7769,0.4401
2022-12-29,,,,,30.6208,,32.0749,,75000.0,130249575000.0,0.5548,204.9538,-0.1086,-0.1648,30.6208,24.9091,0.3207
2023-01-02,,,,,33.9222,,32.3923,,75700.0,104237764500.0,0.517,194.2686,-0.0971,-0.158,33.9222,23.2171,0.3239
2023-01-03,,,,,33.6757,,32.9342,,75600.0,205589437200.0,0.5063,190.1852,-0.0948,-0.1711,33.6757,23.0782,0.3293
2023-01-04,,,,,53.3794,,48.1162,,81000.0,417523329000.0,0.5338,200.1367,-0.0272,-0.102,53.3794,34.576,0.4812
2023-01-05,,,,,54.4587,,47.9539,,81400.0,285792469600.0,0.5345,198.2951,-0.0195,-0.134,54.4587,33.1775,0.4795
2023-01-06,,,,,58.8218,,51.4523,,83100.0,306425433000.0,0.5365,197.795,0.0027,-0.1243,58.8218,33.8368,0.5145
2023-01-09,,,,,64.9846,,49.1745,,86000.0,339585620000.0,0.5513,202.4186,0.037,-0.0995,64.9846,33.9119,0.4917
2023-01-10,,,,,65.9313,,49.5249,,86500.0,268609401500.0,0.5803,215.2998,0.0421,-0.0914,65.9313,33.8063,0.4952
2023-01-11,,,,,67.4479,,51.2506,,87300.0,269229795300.0,0.5878,219.8779,0.0508,-0.0887,67.4479,33.6151,0.5125
2023-01-12,,,,,65.4858,,52.7405,,86800.0,266092517600.0,0.5996,219.209,0.0442,-0.0657,65.4858,33.6029,0.5274
2023-01-13,,,,,61.2635,,52.5853,,85700.0,176446873000.0,0.6072,208.1698,0.0303,-0.0499,61.2635,33.0627,0.5259
2023-01-16,,,,,61.5065,,53.009,,85800.0,129804760800.0,0.5846,196.8898,0.0312,-0.0519,61.5065,31.626,0.5301
2023-01-17,,,,,62.0196,,51.5621,,86000.0,136407696000.0,0.5858,191.6069,0.0337,-0.0632,62.0196,31.6127,0.5156
2023-01-18,,,,,58.2562,,45.1041,,85100.0,127161696200.0,0.5918,188.6006,0.0235,-0.0898,58.2562,31.7072,0.451
2023-01-19,,,,,59.4344,,43.5199,,85500.0,143198307000.0,0.598,188.781,0.0292,-0.0895,59.4344,31.5659,0.4352
2023-01-20,,,,,65.0169,,45.1254,,87600.0,209020082400.0,0.6068,196.3522,0.0549,-0.0267,65.0169,32.1261,0.4513
2023-01-25,,,,,72.4146,,45.6953,,91400.0,330127751400.0,0.6394,201.7729,0.1012,0.0959,72.4146,33.5311,0.457
2023-01-26,,,,,73.8263,,43.5725,,92300.0,214132492600.0,0.6577,204.7367,0.1117,0.1161,73.8263,32.8205,0.4357
2023-01-27,,,,,70.3785,,45.7714,,91500.0,233673706500.0,0.6771,207.4681,0.1021,0.0906,70.3785,33.2815,0.4577
2023-01-30,,,,,67.0084,,49.8255,,90700.0,236119037900.0,0.6957,209.4438,0.0926,0.0734,67.0084,32.9437,0.4983
2023-01-31,,,,,58.6859,,50.6676,,88500.0,458880288000.0,0.7473,217.7042,0.0659,0.0701,58.6859,34.171,0.5067
2023-02-01,,,,,64.8783,,45.8004,,91400.0,355470229400.0,0.789,220.4523,0.1001,0.0817,64.8783,35.2167,0.458
2023-02-02,,,,,68.3965,,52.7504,,93400.0,406346693800.0,0.82,221.4604,0.1222,0.0798,68.3965,35.2309,0.5275
2023-02-03,,40.1606,,,64.2386,,53.7502,52.8642,92200.0,269696340600.0,0.802,212.6255,0.1059,0.0513,64.2386,28.5885,0.5375
2023-02-06,,34.8,,,54.946,40.5622,54.7308,46.5371,89100.0,251253357300.0,0.7999,207.7291,0.0678,-0.0011,54.946,32.0355,0.5473
2023-02-07,,29.4821,,,58.492,39.6,55.522,46.1314,90800.0,196696862000.0,0.7871,201.7042,0.0871,0.0191,58.492,31.9232,0.5552
2023-02-08,,29.3651,,,65.5371,47.4104,48.482,47.7481,94900.0,376276696900.0,0.7929,201.3306,0.1335,0.015,65.5371,33.309,0.4848
2023-02-09,,23.7154,,,64.1081,49.2063,51.1265,47.6646,94400.0,257388019200.0,0.7944,195.6683,0.1245,0.0385,64.1081,33.5021,0.5113
2023-02-10,,17.7165,,,61.5083,52.1739,50.5271,46.6553,93500.0,184296915000.0,0.7842,186.827,0.1112,0.0207,61.5083,33.8047,0.5053
2023-02-13,,20.0,,,53.9204,70.0787,49.435,50.6382,90600.0,286208208600.0,0.79,188.8643,0.0753,-0.0098,53.9204,35.9039,0.4943
2023-02-14,,27.3438,,,59.1591,72.9412,49.6216,54.0694,93400.0,204128035000.0,0.8019,198.9388,0.1063,0.065,59.1591,36.7895,0.4962
2023-02-15,,32.2957,,,55.0658,79.2969,50.4115,56.3848,91700.0,165204610900.0,0.8142,202.7855,0.0836,0.0373,55.0658,37.6537,0.5041
2023-02-16,,35.2713,,,57.3112,79.7665,46.5121,56.4001,92900.0,168380878400.0,0.8246,206.7048,0.0947,0.0765,57.3112,37.8065,0.4651
2023-02-17,,37.8378,,,55.0878,79.4574,48.5634,56.9914,92000.0,155618828000.0,0.8346,207.9716,0.0813,0.0798,55.0878,37.7679,0.4856
2023-02-20,,38.4615,,,56.1066,79.5367,48.7136,57.3887,92500.0,164152072500.0,0.8412,208.176,0.0837,0.0857,56.1066,37.7709,0.4871
2023-02-21,,29.8851,,,52.7558,77.3077,49.4744,54.5628,91200.0,134740612800.0,0.8355,201.1382,0.0654,0.0495,52.7558,37.489,0.4947
2023-02-22,,26.7176,,,47.7906,65.1341,49.0775,49.1651,89100.0,205093498500.0,0.817,198.5491,0.039,0.047,47.7906,35.2801,0.4908
2023-02-23,,34.6008,,,55.5193,80.1527,50.6376,57.2611,92700.0,339252150600.0,0.8398,205.4483,0.0781,0.1155,55.5193,38.0029,0.5064
2023-02-24,,39.3939,,,51.6323,81.3688,52.3787,58.3295,91000.0,227168032000.0,0.8408,208.3079,0.0562,0.0872,51.6323,38.4647,0.5238
2023-02-27,,39.2453,,,49.4397,81.8182,53.3156,58.2771,90000.0,170401050000.0,0.8318,208.2314,0.0426,0.0588,49.4397,38.5396,0.5332
2023-02-28,,26.6917,,,48.1192,77.3585,51.9176,53.745,89400.0,186174248400.0,0.7917,198.6365,0.0334,0.0555,48.1192,37.5631,0.5192
2023-03-02,,26.9663,,,45.2965,68.0451,55.2401,51.4381,88100.0,241749747800.0,0.7743,198.8071,0.0161,0.0757,45.2965,35.962,0.5524
2023-03-03,,23.8806,,,43.6014,60.6742,52.8514,47.5541,87300.0,195548333400.0,0.7408,196.545,0.005,0.0778,43.6014,34.9411,0.5285
2023-03-06,,23.4201,,,49.6846,69.0299,45.5597,48.9978,89700.0,212985025500.0,0.7327,195.7661,0.0299,0.1074,49.6846,36.3523,0.4556
2023-03-07,,21.8519,,,47.8326,55.7621,46.3097,44.5584,88900.0,143213277200.0,0.7169,193.2566,0.0182,0.1267,47.8326,34.3799,0.4631
2023-03-08,,23.6162,,,43.2727,58.1481,36.8745,41.8846,86800.0,242257845200.0,0.7262,195.7052,-0.0076,0.1015,43.2727,34.5972,0.3687
2023-03-09,,20.5882,,,40.8747,27.3063,34.2995,30.7743,85600.0,283765369600.0,0.7137,190.4058,-0.0231,0.0503,40.8747,30.1146,0.343
2023-03-10,,26.0073,,,36.6794,33.8235,41.0172,34.9896,83300.0,296533339200.0,0.7217,196.9219,-0.0507,0.0271,36.6794,31.1184,0.4102
2023-03-13,,37.2263,,,39.5829,36.9963,39.925,38.4382,84300.0,241126746300.0,0.7338,206.5237,-0.0409,0.0243,39.5829,31.7442,0.3992
2023-03-14,,36.7273,,,34.1814,39.781,37.7218,37.4326,81100.0,272445799100.0,0.7323,206.3925,-0.0784,-0.0086,34.1814,32.6257,0.3772
2023-03-15,,49.2754,,,31.306,30.1818,35.5035,35.8219,79100.0,423763537400.0,0.7696,215.0285,-0.1019,-0.0137,31.306,30.3726,0.355
2023-03-16,,62.4549,,,31.1649,28.6232,33.3914,37.3283,79000.0,379531484000.0,0.8067,227.29,-0.1037,0.0077,31.1649,30.2277,0.3339
2023-03-17,,74.1007,,,44.613,81.5884,35.8909,58.9865,84000.0,524125392000.0,0.8669,245.6028,-0.0488,0.0633,44.613,38.3526,0.3589
2023-03-20,,76.7025,38.1526,,44.0569,80.9353,39.0309,53.8591,83700.0,186096738600.0,0.8808,252.4617,-0.0528,0.069,44.0569,38.3148,0.3903
2023-03-21,,76.7857,38.0,,43.8606,80.2867,37.7644,53.389,83600.0,157187311600.0,0.8845,253.4933,-0.0544,0.0718,43.8606,38.1541,0.3776
2023-03-22,,77.5801,63.3466,,51.5342,87.1429,30.8362,61.8251,86900.0,231785589200.0,0.9038,258.4096,-0.0179,0.0972,51.5342,40.9921,0.3084
2023-03-23,,77.305,75.7937,,54.7628,86.4769,35.2524,66.607,88500.0,273613060500.0,0.9158,257.4209,-0.0004,0.1375,54.7628,40.8374,0.3525
2023-03-24,,77.7385,65.6126,,51.9667,79.7872,30.5914,60.9284,87300.0,407770268400.0,0.9291,258.7741,-0.0141,0.1338,51.9667,38.2197,0.3059
2023-03-27,,77.1127,52.3622,,48.0071,81.2721,28.4477,56.3463,85500.0,274556745000.0,0.9405,258.0299,-0.0341,0.1104,48.0071,38.3535,0.2845
2023-03-28,,77.193,75.2941,,54.078,85.5634,23.5917,63.656,88400.0,281150100400.0,0.965,258.1706,-0.0017,0.1632,54.078,40.3237,0.2359
2023-03-29,,79.7203,62.1094,,50.7755,86.3158,23.4708,59.9135,86900.0,266819671800.0,0.9809,262.7723,-0.0189,0.1587,50.7755,40.6904,0.2347
2023-03-30,,79.7909,77.0428,,54.5608,88.8112,24.6508,65.5186,88800.0,378674635200.0,1.0055,262.9899,0.0019,0.1731,54.5608,41.1609,0.2465
2023-03-31,,75.0,75.5814,,54.0893,87.4564,21.9543,63.4812,88600.0,237122572200.0,1.0154,254.4726,-0.0009,0.172,54.0893,41.0222,0.2195
2023-04-03,100.0,70.2422,62.5483,,50.7811,84.0278,25.6236,65.9526,87200.0,218193584000.0,1.021,244.1011,-0.0172,0.0765,50.7811,40.1879,0.2562
2023-04-04,100.0,84.1379,41.9231,85.1406,45.0575,90.3114,24.2678,66.2621,84500.0,1420279042000.0,1.2318,286.9035,-0.0474,0.0381,45.0575,41.5192,0.2427
2023-04-05,100.0,83.5052,43.295,82.8,45.3034,85.5172,25.6037,65.628,84600.0,370590130800.0,1.253,286.1497,-0.0456,0.0181,45.3034,40.7547,0.256
2023-04-06,100.0,82.8767,36.6412,78.0876,43.6214,84.8797,23.0743,62.8843,83800.0,450774446000.0,1.2787,284.9001,-0.053,-0.0256,43.6214,40.6029,0.2307
2023-04-07,100.0,87.7133,80.2281,84.5238,55.4279,96.9178,23.983,76.1734,89100.0,968281686900.0,1.3876,305.5122,0.0076,0.0301,55.4279,44.9663,0.2398
2023-04-10,100.0,87.415,83.7121,85.7708,58.269,97.9522,26.5182,77.847,90700.0,488647519800.0,1.4323,304.6644,0.0259,0.0389,58.269,45.1623,0.2652
2023-04-11,100.0,87.1186,88.3019,87.7953,60.1497,91.4966,27.0355,78.3363,91800.0,459168544800.0,1.4653,302.4165,0.038,0.0576,60.1497,42.3548,0.2704
2023-04-12,99.6094,83.7838,81.9549,87.0588,56.4159,89.8305,28.8994,76.2207,90300.0,429015390300.0,1.4629,289.6563,0.0207,0.0537,56.4159,41.6268,0.289
2023-04-13,100.0,81.1448,76.779,83.5938,52.6609,91.5541,28.6837,74.3111,88700.0,435299862400.0,1.4699,278.2032,0.0032,0.0338,52.6609,42.4537,0.2868
2023-04-14,98.4496,73.4899,79.4776,84.4358,53.9001,68.6869,29.9887,70.8687,89300.0,207597674600.0,1.4164,255.8254,0.0109,0.0384,53.9001,37.0534,0.2999
2023-04-17,98.4556,69.5652,76.2082,85.2713,51.9476,70.1342,31.8221,70.2454,88500.0,166187512500.0,1.4199,246.1144,0.0027,0.04,51.9476,37.2318,0.3182
2023-04-18,98.4615,64.0,67.037,81.8533,49.7635,72.2408,33.2226,67.6505,87600.0,154468058400.0,1.4243,235.6246,-0.0072,0.0246,49.7635,37.4968,0.3322
2023-04-19,97.7011,57.4751,74.5387,78.8462,51.2355,57.3333,33.3362,65.8613,88200.0,178562575800.0,1.4172,225.8713,0.0002,0.0068,51.2355,35.0203,0.3334
2023-04-20,96.9466,47.0199,70.9559,70.8812,49.9228,52.4917,34.4407,62.0995,87700.0,153124287700.0,1.3997,216.0711,-0.0038,-0.0405,49.9228,34.4597,0.3444
2023-04-21,96.1977,31.0231,80.2198,72.1374,53.5142,53.6424,29.9081,62.2805,89100.0,233885896200.0,1.3708,203.9534,0.0133,-0.0347,53.5142,34.5515,0.2991
2023-04-24,95.8333,20.7237,67.1533,68.0608,48.4371,54.7855,30.0207,57.6518,87200.0,179148476000.0,1.3575,195.2972,-0.0069,-0.047,48.4371,34.6129,0.3002
2023-04-25,95.8491,19.6721,54.9091,65.1515,44.3801,40.1316,32.8924,52.4907,85500.0,350243140500.0,1.368,192.4988,-0.0251,-0.0573,44.3801,33.1223,0.3289
2023-04-26,95.8647,14.7059,72.8261,76.9811,49.4738,44.918,39.1375,59.5184,87400.0,283233159600.0,1.3702,186.0127,-0.0021,-0.0124,49.4738,33.6076,0.3914
2023-04-27,94.7566,13.355,80.8664,73.3083,52.8969,40.8497,42.5211,60.5138,88800.0,264638474400.0,1.3513,182.026,0.0146,-0.0284,52.8969,33.1834,0.4252
2023-04-28,95.5224,13.6364,83.0935,70.0375,54.5547,41.3681,46.874,61.5081,89500.0,334505623500.0,1.3689,183.6651,0.0234,-0.0418,54.5547,33.2861,0.4687
2023-05-02,95.9108,13.9159,86.7384,76.4925,56.2144,37.3377,48.3217,63.0701,90200.0,218946879800.0,1.3707,184.7178,0.0318,-0.0217,56.2144,32.7942,0.4832
2023-05-03,92.5926,7.7419,84.6429,79.9257,54.9788,27.8317,49.8003,60.7232,89800.0,159809427000.0,1.152,154.0736,0.0279,0.0079,54.9788,30.4945,0.498
2023-05-04,92.2509,6.7524,80.0712,75.9259,51.6188,30.3226,50.7564,59.2397,88700.0,159154676100.0,1.1157,147.4836,0.0159,-0.0231,51.6188,30.9769,0.5076
2023-05-08,91.9118,6.4103,80.1418,60.8856,51.6188,29.582,47.5126,56.3151,88700.0,231971965400.0,1.0777,143.0141,0.0159,-0.0653,51.6188,30.6762,0.4751
2023-05-09,89.011,0.9585,73.4982,57.7206,47.3476,0.0,47.5927,48.6789,87300.0,200569392900.0,0.9421,123.6436,0.0011,-0.0752,47.3476,22.236,0.4759
2023-05-10,84.3066,0.0,69.3662,59.707,46.1721,0.0,44.0023,46.6928,86900.0,185762480200.0,0.8893,117.1532,-0.0025,-0.0706,46.1721,21.1148,0.44
2023-05-11,75.6364,0.0,63.1579,66.4234,44.3917,0.0,42.4721,44.7505,86300.0,242183603700.0,0.8505,112.9639,-0.0085,-0.0475,44.3917,20.4881,0.4247
2023-05-12,62.3188,0.0,74.4755,60.3636,47.6524,0.0,42.4673,44.4328,87200.0,236518838400.0,0.8187,109.2356,0.0023,-0.0664,47.6524,20.3779,0.4247
2023-05-15,54.5126,0.0,65.5052,63.4058,45.1197,0.0,42.3147,41.648,86400.0,203713401600.0,0.7795,106.126,-0.0065,-0.0578,45.1197,19.6889,0.4231
2023-05-16,64.3885,0.9434,89.2361,73.6462,57.3308,6.9401,39.7432,51.3823,90400.0,462971305600.0,0.8252,114.4204,0.0387,-0.0269,57.3308,25.6292,0.3974
2023-05-17,77.0609,1.8809,92.3875,78.777,60.8488,8.1761,39.1032,55.2181,91900.0,306981473400.0,0.8522,119.6801,0.0554,-0.0011,60.8488,25.9539,0.391
2023-05-18,82.8571,5.0,93.7931,81.0036,64.4284,9.7179,47.7774,58.9049,93600.0,325132797600.0,0.8843,126.7582,0.0738,0.0119,64.4284,26.1654,0.4778
2023-05-19,88.6121,8.4112,98.9691,90.0,70.7061,20.9375,44.2901,64.2815,97300.0,492597693700.0,0.9373,138.5013,0.1136,0.0669,70.7061,29.0338,0.4429
2023-05-22,90.7801,10.2484,98.9726,96.0854,72.0005,19.6262,42.2025,65.3235,98200.0,417192978200.0,0.9845,149.1406,0.1206,0.1021,72.0005,28.7933,0.422
2023-05-23,90.8127,11.1455,98.2935,87.9433,70.8762,19.2547,43.0508,64.0201,97900.0,242059120600.0,0.9883,153.4916,0.1135,0.0561,70.8762,28.688,0.4305
2023-05-24,90.8451,11.1111,97.2789,91.1661,70.0905,12.3839,42.4233,63.0987,97700.0,204968054100.0,0.9939,152.4516,0.1079,0.0736,70.0905,27.1115,0.4242
2023-05-25,91.9298,12.6154,100.0,98.5915,77.7827,33.9506,34.2757,67.852,103500.0,769169151000.0,1.063,163.3937,0.1677,0.15,77.7827,31.1191,0.3428
2023-05-26,93.007,24.2331,100.0,100.0,82.5362,57.8462,42.1343,74.625,109200.0,1106928295200.0,1.1997,191.75,0.2237,0.2215,82.5362,34.6225,0.4213
2023-05-30,94.0767,47.0948,100.0,100.0,83.2796,57.0552,37.4626,76.3266,110300.0,999153542700.0,1.3196,213.6064,0.2274,0.252,83.2796,34.5782,0.3746
2023-05-31,97.5694,63.7195,99.3289,99.6516,77.7693,65.7492,41.4865,79.6832,108600.0,886901991000.0,1.4166,230.4981,0.2019,0.244,77.7693,35.8203,0.4149
2023-06-01,100.0,69.9088,99.3311,99.3056,79.248,65.8537,40.2253,80.5896,110300.0,612557668000.0,1.4813,242.0128,0.2136,0.2297,79.248,35.8718,0.4023
2023-06-02,100.0,75.7576,99.0,99.308,79.248,65.0456,38.1367,80.6741,110300.0,440307011200.0,1.5257,255.4927,0.2065,0.2407,79.248,35.6676,0.3814
2023-06-05,100.0,80.6647,98.3389,100.0,73.8837,65.7576,40.38,81.0432,108700.0,360451374000.0,1.5625,266.0478,0.1833,0.2523,73.8837,35.8685,0.4038
2023-06-07,100.0,81.0241,98.0132,100.0,71.6001,67.0695,40.0461,80.9324,108000.0,357853680000.0,1.584,271.7531,0.1708,0.2617,71.6001,36.1833,0.4005
2023-06-08,100.0,83.1832,98.3498,100.0,73.7241,59.0361,39.4065,80.1271,109700.0,477794839600.0,1.6256,283.21,0.1834,0.3169,73.7241,34.9156,0.3941
2023-06-09,100.0,89.2216,100.0,100.0,79.3112,71.1712,37.6962,83.1834,115400.0,917539283800.0,1.7389,305.8517,0.2369,0.3689,79.3112,37.0003,0.377
2023-06-12,100.0,89.5522,99.0164,100.0,77.4444,70.3593,34.0081,82.1581,114800.0,302810370800.0,1.7499,309.1018,0.2236,0.4155,77.4444,36.8753,0.3401
2023-06-13,100.0,90.4762,100.0,100.0,81.181,77.6119,31.1647,83.4822,119500.0,744781001500.0,1.8313,326.0577,0.2649,0.5107,81.181,37.955,0.3116
2023-06-14,100.0,90.5045,99.6743,99.6622,79.0798,76.1905,38.1076,83.9873,118800.0,384942888000.0,1.8619,326.4839,0.2496,0.5038,79.0798,37.6809,0.3811
2023-06-15,99.6644,90.2367,99.3506,99.3266,79.2451,67.0623,39.5797,82.6633,119000.0,449652448000.0,1.8585,326.4773,0.2437,0.4167,79.2451,36.3322,0.3958
2023-06-16,100.0,90.5605,98.7055,99.3289,78.9094,68.0473,39.9986,82.7943,118900.0,511673189900.0,1.8888,329.0748,0.2345,0.4205,78.9094,36.6781,0.4
2023-06-19,100.0,90.5882,96.4516,98.3278,66.475,84.6608,40.2403,83.481,114800.0,483123860800.0,1.9099,329.4942,0.1845,0.3732,66.475,40.3438,0.4024
2023-06-20,99.6678,89.1496,96.463,97.6667,68.1868,82.3529,38.7357,82.7897,116100.0,385402077000.0,1.8912,322.1895,0.1901,0.336,68.1868,38.9174,0.3874
2023-06-21,99.0066,88.5965,95.1923,97.01,65.4197,82.9912,44.2306,82.9258,115100.0,314009604600.0,1.8753,317.4607,0.1724,0.3006,65.4197,39.4077,0.4423
2023-06-22,99.0099,88.6297,94.2492,97.0199,62.419,83.0409,43.5538,82.3484,114000.0,297813828000.0,1.883,318.0491,0.1553,0.3058,62.419,39.7172,0.4355
2023-06-23,99.6711,91.8605,93.949,97.3597,61.3176,83.0904,43.8355,82.7011,113600.0,339376819200.0,1.9038,335.4596,0.1459,0.3287,61.3176,39.768,0.4384
2023-06-26,97.377,91.5942,93.6508,96.0526,61.0277,58.7209,45.9524,78.7078,113500.0,380311033000.0,1.836,334.8423,0.1399,0.2839,61.0277,35.1404,0.4595
2023-06-27,96.0784,87.2832,93.038,96.0656,59.5125,24.3478,42.2922,72.1048,113000.0,407035831000.0,1.7153,315.3478,0.1298,0.3003,59.5125,30.0816,0.4229
2023-06-28,95.4397,84.438,93.3754,95.7516,62.1441,26.0116,31.1235,70.5823,114300.0,363310665300.0,1.605,299.211,0.1369,0.2872,62.1441,30.1376,0.3112
2023-06-29,94.4805,81.8966,94.0252,96.7427,65.6576,23.3429,31.4675,70.4655,116200.0,511082576200.0,1.537,289.3564,0.1497,0.3115,65.6576,29.8396,0.3147
2023-06-30,93.8511,79.6562,92.79,97.0779,62.3763,23.2759,25.3004,68.687,115200.0,308081433600.0,1.4829,283.4644,0.1338,0.3211,62.3763,29.7678,0.253
2023-07-03,92.9032,79.1429,94.0625,98.3819,66.6802,29.2264,29.03,70.826,117600.0,355388258400.0,1.4662,279.5616,0.1506,0.3917,66.6802,30.4599,0.2903
2023-07-04,91.9614,77.4929,93.4579,98.3871,67.1855,23.1429,28.8629,69.5126,117900.0,234454996800.0,1.4458,272.6604,0.1469,0.3936,67.1855,29.7289,0.2886
2023-07-05,91.6667,76.4205,91.3043,98.0707,63.0655,23.9316,31.524,68.9884,116700.0,289770067800.0,1.437,269.2433,0.1288,0.3926,63.0655,29.9353,0.3152
2023-07-06,90.7348,75.9207,86.9969,93.5897,54.3858,33.5227,31.9055,67.8929,113800.0,394322348600.0,1.4227,267.9343,0.0956,0.2772,54.3858,31.2831,0.3191
2023-07-07,86.3057,68.3616,83.9506,91.6933,49.3421,8.7819,31.8862,61.3606,111800.0,310996631400.0,1.32,248.4565,0.0712,0.2326,49.3421,26.1204,0.3189
2023-07-10,86.3492,68.7324,81.8462,90.7643,45.9037,9.887,30.8269,60.507,110300.0,348905923500.0,1.3281,250.3192,0.0519,0.2015,45.9037,26.4372,0.3083
2023-07-11,84.8101,62.3596,84.6626,93.0159,53.1672,2.5352,36.4579,61.008,113400.0,250544939400.0,1.2452,236.8325,0.0761,0.2558,53.1672,24.0766,0.3646
2023-07-12,84.2271,59.6639,86.2385,94.9367,57.1633,5.0562,42.4751,62.9347,115400.0,257166245800.0,1.2236,232.0944,0.0896,0.301,57.1633,25.0651,0.4248
2023-07-13,83.9623,58.3799,83.5366,93.3754,53.9414,6.4426,37.1123,61.0733,114100.0,390392237200.0,1.21,230.195,0.0723,0.2777,53.9414,25.274,0.3711
2023-07-14,84.6395,63.5097,88.1459,96.5409,61.0366,15.6425,37.4969,65.2318,118000.0,686510902000.0,1.2319,237.92,0.1032,0.3333,61.0366,28.2815,0.375
2023-07-17,83.125,61.3889,86.0606,96.8652,59.0278,6.6852,37.5072,62.8812,117200.0,284477333200.0,1.198,234.7834,0.0901,0.3379,59.0278,25.3022,0.3751
2023-07-18,82.866,62.0499,85.8006,96.25,60.0887,5.2778,35.7021,62.3884,117800.0,270925864000.0,1.1782,235.6414,0.0898,0.3356,60.0887,25.0655,0.357
2023-07-19,82.9193,64.6409,84.0361,96.8847,59.2625,4.4321,35.4832,62.1555,117500.0,303185367500.0,1.1785,239.7693,0.0813,0.3398,59.2625,24.8555,0.3548
2023-07-20,82.3529,65.5647,81.982,94.4099,57.5578,3.8674,33.858,60.8819,116900.0,227928814400.0,1.1704,242.5518,0.0699,0.312,57.5578,24.6511,0.3386
2023-07-21,82.0988,65.3846,79.3413,94.7368,52.6637,7.7135,32.7935,60.2745,115100.0,315993698400.0,1.1658,242.1396,0.048,0.32,52.6637,25.3184,0.3279
2023-07-24,81.8462,63.8356,74.9254,95.679,49.8728,8.2418,31.6097,58.9624,114000.0,314866974000.0,1.1561,238.6035,0.0328,0.3333,49.8728,25.5766,0.3161
2023-07-25,81.2883,57.6503,70.8333,92.0,48.3671,8.4932,32.6664,56.9356,113400.0,303728859000.0,1.1373,230.8179,0.0225,0.2975,48.3671,25.5991,0.3267
2023-07-26,82.263,57.4932,67.9525,90.4908,47.341,7.377,30.6479,55.6907,113000.0,564540655000.0,1.1674,230.532,0.0141,0.2725,47.341,25.2751,0.3065
2023-07-27,85.6707,70.9239,88.7574,97.5535,67.6599,90.4632,63.4631,82.1824,124000.0,1195233520000.0,1.2661,253.2659,0.1061,0.3855,67.6599,41.4749,0.6346
2023-07-28,89.0578,80.2168,92.6254,99.0854,71.9052,92.9348,64.0364,85.5044,128000.0,1115999488000.0,1.383,280.1397,0.1345,0.4191,71.9052,42.4067,0.6404
2023-07-31,89.697,84.3243,85.0,96.9605,61.8501,96.477,63.4102,83.5991,123400.0,570521390000.0,1.4136,291.3015,0.088,0.3742,61.8501,44.473,0.6341
2023-08-01,93.0514,87.062,86.8035,98.1818,63.8614,96.4865,60.7038,84.7166,125100.0,582471479700.0,1.4659,307.5362,0.0976,0.4104,63.8614,44.6529,0.607
2023-08-02,94.2771,87.6344,78.0702,95.7704,53.7994,100.0,60.3538,82.3176,119500.0,449974621000.0,1.4907,309.9075,0.0445,0.3472,53.7994,47.7258,0.6035
2023-08-03,93.994,85.7909,78.1341,96.6867,54.4889,99.7312,56.2519,81.6544,120000.0,419824440000.0,1.4905,303.596,0.0449,0.3746,54.4889,46.7027,0.5625
2023-08-04,93.7126,85.0267,76.4535,96.6967,54.6347,99.1957,55.1819,80.9749,120100.0,285283618400.0,1.4844,301.4338,0.0417,0.382,54.6347,46.0889,0.5518
2023-08-07,94.3284,86.6667,79.4203,98.2036,57.2876,98.6631,55.786,82.3266,121900.0,454056289400.0,1.4958,306.0664,0.0539,0.4125,57.2876,45.7935,0.5579
2023-08-08,94.3452,86.7021,69.9422,94.9254,51.358,99.4667,58.268,79.8452,118600.0,323688219800.0,1.5051,307.2592,0.0237,0.3601,51.358,46.3468,0.5827
2023-08-09,94.362,88.0637,68.5879,95.2381,51.1851,98.4043,55.0022,79.0934,118500.0,302372658000.0,1.5104,314.7331,0.0214,0.3715,51.1851,46.0027,0.55
2023-08-10,93.787,87.5661,68.1034,90.5045,51.1851,97.878,55.8881,78.2044,118500.0,310778574000.0,1.4976,312.4715,0.0197,0.3108,51.1851,45.7645,0.5589
2023-08-11,89.3805,82.8496,51.5759,86.6864,45.5004,97.0899,58.9631,72.9682,115300.0,278147529300.0,1.4321,296.2074,-0.0087,0.2546,45.5004,45.276,0.5896
2023-08-14,89.1176,82.6316,50.0,84.6608,44.8302,96.5699,57.3294,71.8978,114900.0,234207564000.0,1.427,292.9332,-0.0129,0.2276,44.8302,45.2363,0.5733
2023-08-16,90.3226,82.6772,54.416,83.8235,46.7315,97.1053,59.7052,73.4675,115800.0,448201468200.0,1.4564,294.4747,-0.0064,0.1901,46.7315,45.2946,0.5971
2023-08-17,90.3509,80.3665,47.4432,82.9912,44.8807,97.3753,60.0406,71.6271,114800.0,351776244400.0,1.461,289.3933,-0.0161,0.169,44.8807,45.377,0.6004
2023-08-18,92.7114,81.4621,62.6062,83.9181,49.9989,98.1675,58.6889,75.6902,117200.0,390240488400.0,1.4876,290.5996,0.0031,0.1971,49.9989,45.9991,0.5869
2023-08-21,92.1512,82.5521,56.7797,83.6735,48.3861,97.389,59.3045,74.3275,116400.0,305197657200.0,1.4833,293.1032,-0.0039,0.1914,48.3861,45.7101,0.593
2023-08-22,93.3333,83.3766,57.4648,80.5233,48.6092,96.875,59.8506,74.2789,116500.0,390213604500.0,1.4914,297.441,-0.0033,0.1256,48.6092,45.5521,0.5985
2023-08-23,92.4855,84.9741,52.809,72.7536,47.5033,96.6234,59.892,72.0727,116000.0,298501872000.0,1.4883,302.4764,-0.007,0.0623,47.5033,45.5353,0.5989
2023-08-24,94.5245,89.4057,75.07,78.3237,57.6678,99.7409,49.9306,78.0993,120900.0,769939680900.0,1.5106,320.0672,0.0346,0.0961,57.6678,47.6652,0.4993
2023-08-25,84.1954,82.2165,57.5419,74.3516,48.5731,64.0827,25.5667,61.8168,116500.0,411669875500.0,1.3817,294.5237,-0.0027,0.0727,48.5731,36.2521,0.2557
2023-08-28,79.9427,71.9794,51.532,70.4023,47.4736,47.1649,26.9488,55.9205,115900.0,202463623800.0,1.2354,264.3136,-0.0073,0.0508,47.4736,33.8302,0.2695
2023-08-29,78.0,68.4615,66.9444,75.0716,52.666,41.1311,28.8554,58.9604,118600.0,318126947200.0,1.1936,256.3427,0.0152,0.0752,52.666,33.0471,0.2886
2023-08-30,75.7835,65.7289,69.5291,78.8571,54.1134,38.7179,29.711,59.3505,119400.0,313987493400.0,1.1497,250.4774,0.0215,0.0984,54.1134,32.7001,0.2971
2023-08-31,76.4205,70.4082,77.0718,81.1966,58.239,22.7621,27.4757,59.4573,121800.0,536370051000.0,1.159,259.1297,0.0408,0.1278,58.239,29.2516,0.2748
2023-09-01,75.3541,72.0102,70.7989,77.5568,54.2961,24.7449,30.4835,58.0113,120000.0,346321320000.0,1.1446,263.9095,0.0244,0.0939,54.2961,29.7516,0.3048
2023-09-04,76.5537,75.1269,67.3077,66.5722,52.5919,25.4453,30.4934,56.0931,119200.0,416160576000.0,1.1624,276.6586,0.0166,0.0329,52.5919,29.8433,0.3049
2023-09-05,74.6479,73.6709,67.3973,68.6441,52.9891,23.0964,30.0451,55.6105,119400.0,208901165400.0,1.124,270.6092,0.0172,0.0401,52.9891,29.3116,0.3005
2023-09-06,74.1573,73.7374,63.6612,60.8451,50.2674,15.1899,29.5422,52.0929,118200.0,190954345800.0,1.1031,271.3485,0.0061,-0.0109,50.2674,27.8492,0.2954
2023-09-07,74.2297,75.063,64.3052,61.5169,50.9457,15.6566,21.768,51.4376,118500.0,354917928000.0,1.1086,276.115,0.008,-0.0025,50.9457,27.8642,0.2177
2023-09-08,75.1397,81.1558,37.5,52.6611,41.2505,35.5164,22.1572,47.5618,113700.0,562048093500.0,1.1418,291.2415,-0.0325,-0.0445,41.2505,31.4936,0.2216
2023-09-11,75.2089,84.2105,47.6965,58.9385,46.2951,33.4171,20.3409,50.7757,115900.0,294686181000.0,1.1428,300.24,-0.0139,-0.0252,46.2951,30.8597,0.2034
2023-09-12,76.1111,88.0,52.1622,64.624,48.0423,33.584,19.3577,53.0882,116700.0,320888589600.0,1.1543,312.6466,-0.0069,0.0166,48.0423,30.9123,0.1936
2023-09-13,75.9003,90.0249,64.69,65.2778,51.8387,35.0,20.766,56.666,118500.0,457479796500.0,1.1536,322.144,0.0083,0.0207,51.8387,31.2514,0.2077
2023-09-14,77.6243,93.7811,76.8817,72.0222,58.5442,40.399,22.0027,62.4161,122200.0,482541404800.0,1.1702,339.4306,0.0388,0.0617,58.5442,32.7062,0.22
2023-09-15,77.9614,94.0447,76.9437,74.8619,58.8775,38.806,21.3637,62.6299,122400.0,438150628800.0,1.1736,345.4172,0.039,0.0737,58.8775,32.0414,0.2136
2023-09-18,77.1978,93.5644,64.4385,69.146,51.3233,48.139,22.0056,59.8497,119000.0,280437899000.0,1.1687,343.2108,0.0089,0.0475,51.3233,33.689,0.2201
2023-09-19,74.2466,92.3457,64.5333,69.5055,51.7158,48.2673,22.055,59.424,119200.0,229091910400.0,1.1433,335.9861,0.0091,0.0502,51.7158,33.6895,0.2206
2023-09-20,73.4973,93.1034,57.7128,68.4932,49.1551,49.6296,19.9671,57.5065,118000.0,262984358000.0,1.1394,339.1246,-0.0018,0.0442,49.1551,33.877,0.1997
2023-09-21,71.6621,89.1892,45.8886,64.2077,46.0834,32.0197,21.7356,51.1487,116500.0,367196350000.0,1.076,322.539,-0.0147,0.0192,46.0834,30.5801,0.2174
2023-09-22,71.4674,89.2157,49.4709,62.3978,47.9515,14.742,26.6449,49.8987,117300.0,344672677800.0,1.0636,324.9642,-0.0085,0.0095,47.9515,27.7106,0.2664
2023-09-25,71.5447,90.4645,48.0211,63.3152,47.2898,14.4608,25.0325,49.5326,117000.0,255261474000.0,1.0727,329.5316,-0.0109,0.0156,47.2898,27.6573,0.2503
2023-09-26,72.1622,91.2195,38.4211,58.2656,43.027,12.7139,28.3804,46.8372,115000.0,372349185000.0,1.0797,333.2484,-0.0274,-0.0221,43.027,26.9872,0.2838
2023-09-27,72.2372,91.9708,38.0577,55.4054,42.4094,12.439,27.9439,46.2534,114700.0,351068139700.0,1.0835,335.4733,-0.0294,-0.0271,42.4094,26.8109,0.2794
2023-10-04,71.5054,92.7184,40.8377,59.2992,44.4141,8.5158,17.4725,45.3997,115400.0,513264810800.0,1.0765,337.3774,-0.0232,-0.0111,44.4141,25.7406,0.1747
2023-10-05,73.4584,95.6416,68.1462,71.7742,55.7809,25.0,17.6763,56.9578,120200.0,734765531600.0,1.128,359.0454,0.0169,0.0562,55.7809,29.5424,0.1768
2023-10-06,73.7968,96.1353,68.75,76.6756,56.183,24.2131,10.8126,56.8065,120400.0,500633193200.0,1.1393,366.4316,0.0177,0.0769,56.183,29.437,0.1081
2023-10-10,80.0,97.3494,64.9351,77.8075,53.8118,25.3623,9.8203,57.0517,119500.0,666888750500.0,1.2043,388.6197,0.0091,0.0834,53.8118,29.5685,0.0982
2023-10-11,81.9149,97.8365,62.6943,70.1333,53.0088,23.8554,16.2714,56.4496,119200.0,511761240800.0,1.253,403.9863,0.0056,0.0511,53.0088,29.3451,0.1627
2023-10-12,82.2281,97.8417,80.3618,75.7979,62.9367,41.8269,16.673,64.6291,124200.0,498830918400.0,1.2713,404.749,0.0458,0.0763,62.9367,32.7117,0.1667
2023-10-13,80.9524,96.89,80.9278,78.7798,63.7612,17.2662,19.7471,61.7625,124700.0,399697543100.0,1.2451,389.0976,0.0499,0.0929,63.7612,28.3462,0.1975
2023-10-16,81.7942,95.7041,79.9486,70.1058,61.9794,16.5072,21.8658,60.299,124100.0,373351871600.0,1.2565,377.3772,0.0455,0.0517,61.9794,27.99,0.2187
2023-10-17,83.1579,96.9048,87.6923,81.0026,70.6617,39.1408,15.5222,67.1186,130000.0,833544400000.0,1.3272,394.4362,0.094,0.1092,70.6617,31.891,0.1552
2023-10-18,83.4646,95.7245,87.468,80.5263,70.6617,38.5714,14.942,66.7579,130000.0,618819240000.0,1.3481,381.491,0.0931,0.1036,70.6617,31.7225,0.1494
2023-10-19,84.0314,95.0237,81.8878,72.9659,59.2293,43.943,21.1085,65.1102,125700.0,639780946500.0,1.3666,375.9504,0.0559,0.0698,59.2293,32.9029,0.2111
2023-10-20,84.5953,95.0355,82.1883,76.4398,60.0389,44.0758,21.803,65.9822,126200.0,488175169200.0,1.3694,376.6284,0.059,0.0796,60.0389,32.9154,0.218
2023-10-23,85.4167,95.283,76.6497,75.9791,54.8754,39.0071,26.284,64.3488,124000.0,301605572000.0,1.3717,379.6353,0.0398,0.0773,54.8754,31.8458,0.2628
2023-10-24,86.2338,96.2353,82.2785,81.5104,59.6337,41.5094,30.3254,67.9795,126800.0,355294868000.0,1.3902,386.7815,0.0624,0.1123,59.6337,32.6468,0.3033
2023-10-25,86.5285,96.7136,82.8283,82.0779,60.748,40.7059,32.3486,68.561,127500.0,389257755000.0,1.4092,392.3018,0.0667,0.1243,60.748,32.2773,0.3235
2023-10-26,89.6641,97.4239,59.9496,70.7254,46.0725,80.7512,47.6448,69.6574,120000.0,715390080000.0,1.4519,402.863,0.0037,0.0619,46.0725,39.2624,0.4764
2023-10-27,93.0412,98.3645,53.2663,50.646,44.6777,81.0304,50.5913,66.2538,119100.0,653393080800.0,1.4894,413.7951,-0.0039,-0.0395,44.6777,39.3334,0.5059
2023-10-30,94.3445,98.3683,52.6316,42.5258,44.6777,80.8411,48.6671,64.7877,119100.0,333300992700.0,1.4993,418.1063,-0.0045,-0.0695,44.6777,39.3152,0.4867
2023-10-31,94.1026,98.6047,36.5,45.5013,40.2779,81.8182,46.1684,61.3268,116300.0,368291745700.0,1.4977,420.5669,-0.0282,-0.0575,40.2779,39.7817,0.4617
2023-11-01,93.3504,98.6079,60.8479,51.2821,48.1356,87.2093,53.2893,69.6136,120300.0,325679167500.0,1.4955,420.8807,0.0045,-0.0384,48.1356,41.4622,0.5329
2023-11-02,93.1122,98.6111,78.3582,67.2634,55.9394,91.8794,54.7249,77.1737,125300.0,468146862400.0,1.492,421.4112,0.0444,0.0485,55.9394,43.6381,0.5472
2023-11-03,88.0407,96.0739,79.6526,67.0918,56.6419,86.8056,55.627,75.8369,125800.0,351834043400.0,1.4387,400.8284,0.0471,0.0483,56.6419,41.4402,0.5563
2023-11-06,92.132,97.0046,89.8515,80.916,65.2379,96.9977,53.2598,82.6904,133000.0,920784536000.0,1.4899,407.5874,0.104,0.1074,65.2379,45.5612,0.5326
2023-11-07,90.1266,96.5517,84.9383,72.335,60.5681,99.0783,53.5421,79.9619,130400.0,644242504000.0,1.4792,404.7606,0.0799,0.0697,60.5681,46.2083,0.5354
2023-11-08,88.8889,95.4128,80.5419,74.6835,55.9254,99.5402,52.2404,78.5452,127600.0,424688400400.0,1.4634,400.7237,0.0547,0.0759,55.9254,47.0812,0.5224
2023-11-09,86.398,94.9657,81.5725,77.0202,56.4391,93.1193,54.0382,78.0413,128000.0,285194368000.0,1.432,397.2843,0.0567,0.0802,56.4391,44.9303,0.5404
2023-11-10,85.4271,96.5753,84.0686,79.8489,59.6078,95.6522,54.2753,79.7126,130500.0,346676643000.0,1.4225,406.2295,0.0749,0.1013,59.6078,45.371,0.5428
2023-11-13,84.9624,99.0888,85.5746,83.9196,61.1888,95.4338,54.3431,80.9415,131800.0,348579499800.0,1.4172,426.0063,0.0828,0.1431,61.1888,45.3669,0.5434
2023-11-14,79.5,97.0455,82.1951,83.208,57.8145,88.8383,59.3452,78.5587,130000.0,336646830000.0,1.3439,413.5222,0.066,0.1314,57.8145,42.6748,0.5935
2023-11-15,78.803,99.3197,88.5645,84.25,62.8411,91.3636,58.7055,80.8973,134100.0,484944757200.0,1.3224,430.5272,0.097,0.158,62.8411,44.0752,0.5871
2023-11-16,78.1095,99.3213,84.7087,84.0399,59.4897,88.2086,53.5965,78.416,132300.0,324975237300.0,1.2792,432.2826,0.0804,0.1524,59.4897,42.4949,0.536
2023-11-17,76.9231,98.6456,80.8717,80.3483,55.2582,89.3665,53.0324,76.5152,129900.0,316761020100.0,1.2531,429.7325,0.0591,0.1084,55.2582,43.1278,0.5303
2023-11-20,76.2376,99.0991,82.3671,82.6303,57.3024,88.2619,51.1529,76.856,131400.0,263378554200.0,1.2471,430.5359,0.0692,0.1289,57.3024,42.6582,0.5115
2023-11-21,75.5556,99.3258,82.8916,82.9208,58.1265,86.7117,51.0849,76.7645,132000.0,321988392000.0,1.2411,433.0236,0.0718,0.133,58.1265,42.0466,0.5108
2023-11-22,74.6305,97.9821,80.7692,82.716,56.7503,86.7416,50.3223,75.7886,131300.0,279480715800.0,1.2259,426.1816,0.0639,0.1319,56.7503,42.1027,0.5032
2023-11-23,70.516,95.302,78.1775,72.9064,54.3736,61.2108,49.7866,68.766,130100.0,239321031600.0,1.1577,408.7645,0.0522,0.0761,54.3736,35.4791,0.4979
2023-11-24,66.1765,92.1875,70.8134,78.1327,50.3959,63.7584,36.0172,65.0337,128000.0,246485504000.0,1.0983,393.8488,0.0328,0.0987,50.3959,35.9894,0.3602
2023-11-27,66.0147,92.2049,78.043,81.8627,54.9582,65.625,35.4079,67.6614,130700.0,295936560100.0,1.0909,394.3127,0.0521,0.1277,54.9582,36.4717,0.3541
2023-11-28,65.8537,91.1111,79.0476,79.4621,56.0859,57.0156,38.1785,66.6057,131400.0,336676496400.0,1.0838,388.284,0.0552,0.1079,56.0859,34.8907,0.3818
2023-11-29,64.9635,88.6918,75.772,76.0976,54.0057,47.1111,38.051,63.3576,130400.0,290512031200.0,1.0774,374.2695,0.0452,0.0921,54.0057,33.603,0.3805
2023-11-30,64.3204,87.8319,82.9384,77.8589,59.647,36.8071,19.738,61.1442,133900.0,485436373500.0,1.0754,360.7832,0.0713,0.0993,59.647,31.877,0.1974
2023-12-01,66.1017,88.521,80.3783,78.8835,56.8575,38.4956,19.3302,61.0351,132600.0,482826037200.0,1.0907,368.3931,0.0591,0.105,56.8575,32.2104,0.1933
2023-12-04,62.8019,85.022,75.2358,77.724,53.7349,7.7263,19.794,54.1298,131100.0,351455502000.0,1.0072,342.1862,0.0451,0.0998,53.7349,25.7069,0.1979
2023-12-05,62.1687,84.3956,55.7647,65.942,44.592,18.9427,35.9191,51.4976,125900.0,550879352900.0,0.9909,338.5597,0.0026,0.0544,44.592,28.6286,0.3592
2023-12-06,61.2981,83.5526,53.7559,67.9518,44.1255,13.8462,34.4353,50.1487,125600.0,335048424800.0,0.9773,336.7644,-0.001,0.0626,44.1255,27.6475,0.3444
2023-12-07,61.6307,82.9322,51.7564,67.0673,44.1255,13.8158,35.3926,49.743,125600.0,311307764000.0,0.9817,335.5071,-0.0024,0.0599,44.1255,27.611,0.3539
2023-12-08,61.7225,81.2227,60.9813,81.295,48.1124,12.6915,39.5469,54.4181,127500.0,352222702500.0,0.9817,330.4422,0.011,0.1214,48.1124,27.2292,0.3955
2023-12-11,62.7685,81.2636,65.035,80.3828,50.8928,13.3188,41.2595,55.8821,128900.0,476516231000.0,0.9969,330.8571,0.0202,0.1122,50.8928,27.2859,0.4126
2023-12-12,63.0952,81.3043,70.9302,81.3842,54.805,13.7255,42.0498,57.8352,131000.0,409581587000.0,1.0058,330.994,0.0342,0.1225,54.805,27.5131,0.4205
2023-12-13,61.9952,79.8265,70.0696,78.5714,55.1713,4.3478,39.5609,55.185,131200.0,374296937600.0,0.9894,327.3164,0.0331,0.1072,55.1713,25.0323,0.3956
2023-12-14,66.8246,87.013,83.7963,80.9976,63.8486,20.1735,41.3795,63.2517,136700.0,1123282354500.0,1.0907,358.8222,0.0728,0.1187,63.8486,28.6729,0.4138
2023-12-15,68.5579,88.7689,88.6836,84.3602,67.8675,20.7792,39.2833,65.3474,140000.0,701640660000.0,1.1366,372.4739,0.0953,0.1438,67.8675,28.6892,0.3928
2023-12-18,70.283,88.7931,87.5576,86.2884,67.8675,19.4384,41.305,65.7748,140000.0,355713680000.0,1.1478,373.5904,0.0919,0.1765,67.8675,28.5677,0.413
2023-12-19,70.1176,88.3871,83.6782,85.1415,63.4083,23.2759,39.5197,64.6234,138200.0,319203442200.0,1.1458,371.1008,0.0748,0.1594,63.4083,29.1248,0.3952
2023-12-20,72.3005,88.412,86.6972,86.5882,66.4423,24.5161,31.2422,65.0219,140500.0,436675545500.0,1.1636,371.6897,0.089,0.1907,66.4423,29.3972,0.3124
2023-12-21,74.2389,88.0086,86.0412,87.3239,66.4423,22.9614,32.3261,65.1809,140500.0,384565922000.0,1.1825,368.4279,0.0863,0.206,66.4423,29.0553,0.3233
2023-12-22,75.2336,88.4615,85.8447,86.8852,66.5821,16.7024,29.4918,63.9203,140600.0,447629485400.0,1.206,372.0313,0.0844,0.1986,66.5821,28.1054,0.2949
2023-12-26,75.0583,87.8465,85.6492,87.1495,67.0256,13.6752,30.1386,63.5203,140900.0,315586270100.0,1.2059,369.1859,0.0839,0.2043,67.0256,27.4542,0.3014
2023-12-27,74.6512,88.2979,83.8636,87.4126,65.466,14.2857,30.9236,63.2401,140400.0,328083490800.0,1.202,371.9856,0.0783,0.2209,65.466,27.5675,0.3092
2023-12-28,75.406,90.0212,85.941,88.3721,67.2704,13.4043,31.4182,64.2075,141500.0,348015429500.0,1.2074,378.1982,0.0849,0.2337,67.2704,27.2975,0.3142
2024-01-02,73.3796,90.2542,86.6516,88.3991,68.7109,9.3418,29.7633,63.3594,142400.0,305798019200.0,1.1806,380.0942,0.089,0.234,68.7109,26.0111,0.2976
2024-01-03,72.5173,90.0634,73.1377,82.1759,53.062,28.3898,37.5655,62.0374,136800.0,445669776000.0,1.1713,379.9077,0.0445,0.1381,53.062,29.9351,0.3757
2024-01-04,71.8894,86.9198,70.9459,81.2933,52.1484,27.0613,37.5665,60.7676,136400.0,363092708000.0,1.17,368.5073,0.0394,0.1329,52.1484,29.5992,0.3757
2024-01-05,66.6667,84.2105,74.6067,82.9493,54.47,4.2194,31.1757,56.5411,137500.0,253932387500.0,1.1286,351.7098,0.0461,0.1506,54.47,25.0264,0.3118
2024-01-08,66.2844,84.4538,68.1614,82.069,50.8472,6.9474,30.8537,55.0856,136000.0,339769072000.0,1.1267,354.1888,0.0334,0.1409,50.8472,25.516,0.3085
2024-01-09,68.4211,83.6478,71.5884,75.6881,53.9272,7.1429,32.9403,55.704,137400.0,477300944400.0,1.1444,347.7956,0.0412,0.1063,53.9272,25.5632,0.3294
2024-01-10,70.7763,83.682,58.0357,66.5904,45.3938,16.5618,26.5214,51.5822,133500.0,503195142000.0,1.1609,348.8027,0.0095,0.0706,45.3938,27.8028,0.2652
2024-01-11,70.8428,81.0021,64.8107,72.8311,50.7714,18.41,24.1816,54.0793,136000.0,488907624000.0,1.1617,337.0914,0.0258,0.0959,50.7714,28.2453,0.2418
2024-01-12,67.2727,74.7917,57.1111,57.1754,46.9844,18.9979,23.2168,48.5992,134100.0,251962501500.0,1.1411,318.247,0.0087,0.0315,46.9844,28.3698,0.2322
2024-01-15,65.5329,70.2703,56.0976,57.2727,46.9844,19.1667,23.1802,47.7178,134100.0,249274064700.0,1.1251,301.531,0.0066,0.0315,46.9844,28.3725,0.2318
2024-01-16,61.086,61.8257,41.8142,61.4512,43.0631,2.9106,20.9026,40.8043,132100.0,484829324900.0,1.0384,275.7769,-0.0094,0.0509,43.0631,24.6307,0.209
2024-01-17,60.4966,56.3147,37.5276,57.9186,41.0346,1.0373,19.4581,38.077,131000.0,500773962000.0,1.0092,258.0986,-0.0184,0.038,41.0346,22.7809,0.1946
2024-01-18,60.8108,55.5785,62.5551,73.8149,52.4399,14.0787,25.1722,49.3943,136200.0,415485727200.0,1.0155,256.5846,0.0201,0.0984,52.4399,27.2802,0.2517
2024-01-19,61.3483,59.7938,78.4615,78.1532,60.508,30.7851,33.5489,58.2978,141300.0,698875452000.0,1.061,266.8471,0.0565,0.1144,60.508,30.0498,0.3355
2024-01-22,61.8834,61.9342,79.6053,78.6517,62.2652,28.6598,33.5906,58.7588,142600.0,539637757600.0,1.0705,275.1505,0.0639,0.1184,62.2652,29.6611,0.3359
2024-01-23,61.9687,63.4497,75.4923,85.2018,58.3911,30.8642,34.0827,59.1001,140800.0,410095628800.0,1.0707,279.1552,0.0484,0.1733,58.3911,30.0436,0.3408
2024-01-24,60.9375,63.3197,76.2009,85.4586,59.4478,31.8275,36.0592,59.6594,141500.0,365164097500.0,1.0573,278.5704,0.0519,0.1881,59.4478,30.0927,0.3606
2024-01-25,64.8107,68.0982,62.3094,83.2589,51.2396,41.1885,33.2674,57.7745,137400.0,646968647400.0,1.0947,292.6471,0.0206,0.1537,51.2396,31.8702,0.3327
2024-01-26,65.3333,69.7959,57.3913,84.4098,48.7637,42.3313,34.5882,57.3336,136000.0,441647760000.0,1.106,298.5539,0.0093,0.1694,48.7637,32.0221,0.3459
2024-01-29,64.9667,69.8574,51.8438,78.4444,47.0161,41.4286,33.8792,54.864,135000.0,312100290000.0,1.1002,298.8952,0.0018,0.1222,47.0161,31.8845,0.3388
2024-01-30,65.0442,69.5122,59.3074,71.1752,50.6359,43.3809,31.678,55.568,136900.0,314545683900.0,1.1015,298.0528,0.0152,0.0926,50.6359,32.2734,0.3168
2024-01-31,64.2384,68.9655,49.46,65.4867,46.6608,27.6423,36.5116,50.5365,134700.0,379229261400.0,1.091,296.4765,-0.0019,0.0707,46.6608,29.5229,0.3651
2024-02-01,65.4185,71.2551,37.2845,50.5519,43.3305,30.2231,31.5809,45.5816,132700.0,501376959800.0,1.1059,302.2162,-0.0169,-0.0023,43.3305,29.9452,0.3158
2024-02-02,67.2527,73.3333,50.3226,56.3877,47.7483,34.8178,32.7133,50.8484,134900.0,500243329700.0,1.1345,308.5856,-0.001,0.0345,47.7483,30.4403,0.3271
2024-02-05,69.7368,72.5806,34.7639,56.4835,43.4385,37.5758,33.6531,48.1721,132300.0,436716214200.0,1.1473,306.5735,-0.0204,0.0368,43.4385,30.9558,0.3365
2024-02-06,72.4289,76.66,62.7409,69.0789,53.3745,57.2581,31.2761,60.0579,138000.0,644780712000.0,1.1653,323.0594,0.0206,0.0781,53.3745,34.4276,0.3128
2024-02-07,71.3974,76.506,61.9658,62.1444,53.3745,45.0704,28.822,56.4963,138000.0,462030210000.0,1.1594,322.7058,0.0191,0.0575,53.3745,32.6822,0.2882
2024-02-08,75.3813,83.5671,77.1855,70.524,60.2024,56.2249,30.763,64.748,142800.0,825485959200.0,1.1957,345.5143,0.0527,0.0835,60.2024,34.191,0.3076
2024-02-13,80.8696,91.1824,90.8511,83.4423,67.8158,73.1463,23.0883,73.152,150000.0,1035387750000.0,1.2853,381.5786,0.1027,0.1538,67.8158,37.3661,0.2309
2024-02-14,81.9957,94.99,88.1104,76.3043,65.3837,74.7495,22.4609,71.986,148700.0,653822598800.0,1.3303,405.9366,0.0902,0.1089,65.3837,37.6657,0.2246
2024-02-15,82.0346,95.5912,86.6525,78.9588,65.3837,70.7415,26.3088,72.1345,148700.0,529403375700.0,1.3339,408.0127,0.0879,0.124,65.3837,36.9684,0.2631
2024-02-16,81.6415,96.7936,81.8182,80.303,61.6368,72.5451,26.0725,71.291,146800.0,479424724800.0,1.3282,419.7647,0.0717,0.1301,61.6368,37.2324,0.2607
2024-02-19,82.3276,98.998,90.5063,82.9374,66.5291,67.9359,26.1756,73.5604,151300.0,604794969900.0,1.3463,431.7419,0.1013,0.1514,66.5291,36.3163,0.2618
2024-02-20,80.6452,96.3928,85.8947,81.0345,63.2476,60.3206,19.6803,69.3951,149600.0,524737109600.0,1.3214,418.9727,0.0852,0.1333,63.2476,34.7603,0.1968
2024-02-21,81.1159,95.7916,83.1933,81.2903,62.0837,60.3206,11.1959,67.5146,149000.0,637496500000.0,1.3278,414.0836,0.0772,0.1348,62.0837,34.758,0.112
2024-02-22,85.0107,99.3988,93.7107,87.3391,69.6117,76.1523,23.623,76.462,156500.0,933734088000.0,1.3822,433.5771,0.1264,0.2029,69.6117,38.0166,0.2362
2024-02-23,90.1709,100.0,96.2343,90.5782,73.3364,79.5591,23.6573,79.1753,161400.0,1131741964800.0,1.4627,460.8376,0.156,0.2609,73.3364,39.0813,0.2366
2024-02-26,89.9787,99.7996,95.8246,89.1026,73.6207,70.1403,24.9092,77.6266,161800.0,700509378600.0,1.4615,453.7454,0.1535,0.2379,73.6207,36.7576,0.2491
2024-02-27,95.7447,99.7996,87.9167,84.435,59.8731,87.5752,25.8094,77.5852,153800.0,939403325200.0,1.5105,458.9705,0.0929,0.1705,59.8731,41.8941,0.2581
2024-02-28,96.1783,100.0,92.5156,87.4468,63.705,88.3768,23.135,79.1441,158000.0,579379680000.0,1.5361,467.9055,0.1185,0.2117,63.705,42.1943,0.2313
2024-02-29,96.3983,100.0,90.0415,83.6518,61.0158,89.5792,22.0345,77.8594,156200.0,528941153400.0,1.557,473.8854,0.1027,0.1665,61.0158,42.669,0.2203
2024-03-04,97.0402,100.0,96.6874,90.2542,69.0636,98.998,27.3617,83.2919,166500.0,870946348500.0,1.6076,492.7503,0.171,0.2557,69.0636,46.3049,0.2736
2024-03-05,97.0464,100.0,96.0744,90.9091,68.0356,96.994,27.2066,82.8419,165800.0,598957474000.0,1.6135,509.2649,0.1619,0.2647,68.0356,45.671,0.2721
2024-03-06,96.4211,100.0,94.2268,91.9831,63.799,99.3988,25.3254,82.1945,162900.0,435354485400.0,1.6017,517.6387,0.1376,0.2939,63.799,46.7361,0.2533
2024-03-07,96.4286,100.0,94.856,93.6842,65.3992,95.7916,22.4824,81.7691,164900.0,503390230000.0,1.6048,522.1856,0.1477,0.3129,65.3992,45.4744,0.2248
2024-03-08,97.065,100.0,97.7413,96.2185,70.3409,95.5912,19.3567,82.817,171900.0,874910835000.0,1.6222,527.8283,0.1912,0.3686,70.3409,45.4196,0.1936
2024-03-11,97.2803,100.0,94.877,92.6625,63.0039,100.0,24.7275,82.4763,166600.0,574920773000.0,1.6297,538.5179,0.1503,0.3067,63.0039,47.7258,0.2473
2024-03-12,95.6159,99.5992,93.865,91.0042,61.8246,99.1984,25.1465,81.5601,165700.0,514118384200.0,1.5889,527.3916,0.1402,0.2855,61.8246,47.0652,0.2515
2024-03-13,94.7917,99.3988,91.4286,88.309,59.0473,91.7836,22.6057,78.7538,163600.0,829932166000.0,1.555,522.2532,0.1221,0.2489,59.0473,44.8612,0.2261
2024-03-14,94.5946,98.7976,89.8167,87.5,56.8221,92.1844,31.7277,79.4263,161900.0,591754214000.0,1.5428,515.195,0.1074,0.234,56.8221,44.9326,0.3173
2024-03-15,94.6058,98.998,87.3984,83.5759,55.8881,92.5852,31.6463,78.3303,161200.0,660844397200.0,1.5526,521.5427,0.0998,0.1792,55.8881,45.0132,0.3165
2024-03-18,94.4099,99.7996,90.8722,83.195,59.0947,91.1824,31.7469,79.144,164300.0,443051051400.0,1.5463,529.8852,0.1167,0.1736,59.0947,44.8494,0.3175
2024-03-19,94.4215,98.5972,82.996,79.5031,53.5502,92.986,29.3803,76.2576,160200.0,666318738600.0,1.5474,517.7429,0.0854,0.1443,53.5502,45.141,0.2938
2024-03-20,95.2577,99.1984,75.1515,77.2727,49.0753,96.994,28.5821,74.5737,156500.0,890879849500.0,1.5803,525.5184,0.0576,0.1324,49.0753,45.8408,0.2858
2024-03-21,97.3251,100.0,93.9516,85.7732,61.6632,100.0,38.3143,83.1685,170000.0,1564980730000.0,1.6683,544.4805,0.1435,0.21,61.6632,53.9023,0.3831
2024-03-22,97.1253,99.7996,93.159,85.5967,61.421,99.7996,36.9788,82.6789,169800.0,917075536800.0,1.6585,540.2098,0.1372,0.2085,61.421,51.5455,0.3698
2024-03-25,95.2869,97.5952,91.9679,85.2156,60.9057,99.5992,35.3524,81.5618,169400.0,581807010400.0,1.5961,515.7926,0.1291,0.2048,60.9057,50.5986,0.3535
2024-03-26,96.9325,99.3988,96.3928,88.9344,66.3743,99.7996,39.2371,84.5914,176600.0,1156671545400.0,1.6329,535.6013,0.1708,0.2534,66.3743,52.4778,0.3924
2024-03-27,96.7347,99.7996,97.7956,91.411,69.3265,99.1984,41.6715,85.8241,181200.0,1046345923200.0,1.6319,541.4749,0.1938,0.2906,69.3265,48.7148,0.4167
2024-03-28,96.5377,99.7996,95.5912,89.3878,65.2999,99.1984,42.0459,84.7037,178200.0,610284391200.0,1.6299,541.9467,0.1673,0.2594,65.2999,48.9498,0.4205
2024-03-29,96.1382,99.5992,97.3948,90.835,68.4567,99.1984,42.1907,85.5389,183000.0,555419640000.0,1.6288,541.9209,0.1908,0.2851,68.4567,49.0111,0.4219
2024-04-01,94.1176,98.3968,97.7956,95.935,69.9881,88.7776,39.7493,84.1845,185500.0,505204427000.0,1.5874,528.375,0.1985,0.356,69.9881,44.4353,0.3975
2024-04-02,94.5344,97.5952,97.5952,96.146,70.482,88.5772,37.8292,83.8898,186300.0,783905501700.0,1.6005,525.09,0.196,0.3658,70.482,44.2935,0.3783
2024-04-03,96.9697,98.5972,92.7856,92.1053,60.9033,97.1944,33.4236,82.4611,179200.0,970640025600.0,1.6488,530.3128,0.1448,0.3033,60.9033,46.3753,0.3342
2024-04-04,97.379,100.0,97.3948,97.5758,66.9065,98.7976,31.7309,84.9921,188000.0,1004691176000.0,1.6923,546.1401,0.1941,0.3824,66.9065,48.8064,0.3173
2024-04-05,97.1831,98.3968,93.988,93.9516,60.9509,98.3968,30.4446,82.7288,182800.0,739084712400.0,1.6725,532.7783,0.1549,0.3304,60.9509,48.4365,0.3044
2024-04-08,96.988,96.3928,91.5832,95.5734,59.2046,97.1944,32.8046,82.2604,181200.0,594128526000.0,1.6694,521.9301,0.1391,0.3573,59.2046,46.9524,0.328
2024-04-09,96.3928,95.3908,91.984,94.9799,60.4995,96.994,30.2791,81.7827,182900.0,421173157900.0,1.6566,515.579,0.1432,0.3449,60.4995,46.8436,0.3028
2024-04-11,96.5932,94.99,94.99,98.3968,64.4331,97.5952,30.7415,83.4393,188400.0,772106720400.0,1.6596,510.6757,0.17,0.4049,64.4331,47.1353,0.3074
2024-04-12,95.992,94.99,94.1884,98.1964,63.2007,96.7936,32.4934,83.1781,187400.0,580434207400.0,1.6554,515.001,0.1562,0.3975,63.2007,46.9176,0.3249
2024-04-15,95.5912,94.7896,93.3868,99.5992,63.7973,96.1924,33.6416,83.2897,188200.0,502879245400.0,1.6378,510.7495,0.1539,0.4247,63.7973,46.7335,0.3364
2024-04-16,97.1944,95.992,81.9639,95.3908,53.2275,99.3988,33.9813,80.2095,179100.0,887625868500.0,1.6865,518.8024,0.0921,0.3672,53.2275,50.7087,0.3398
2024-04-17,97.3948,98.5972,78.1563,91.5832,52.8133,98.998,34.7507,79.1813,178700.0,775663611700.0,1.6941,536.1347,0.0836,0.312,52.8133,49.5729,0.3475
2024-04-18,96.7936,99.5992,83.7675,88.978,56.1227,97.996,36.5362,80.3712,182300.0,760235298900.0,1.6758,544.1651,0.0991,0.2902,56.1227,48.6065,0.3654
2024-04-19,94.7896,98.5972,63.5271,82.9659,47.2087,86.1723,40.2948,72.9194,173300.0,1307717640800.0,1.6361,538.5321,0.0397,0.2153,47.2087,44.1192,0.4029
2024-04-22,94.99,100.0,57.7154,82.9659,45.7312,86.1723,26.9058,69.7713,171600.0,1009506669600.0,1.638,548.3093,0.0254,0.2188,45.7312,44.2823,0.2691
2024-04-23,94.99,100.0,53.9078,81.9639,45.1936,86.3727,28.0354,69.0052,171000.0,679788441000.0,1.6417,555.9073,0.0178,0.2085,45.1936,44.2941,0.2804
2024-04-24,91.3828,99.7996,72.7455,90.7816,53.7766,91.3828,27.9005,75.1239,179800.0,764982833600.0,1.5927,549.1077,0.0655,0.3086,53.7766,45.438,0.279
2024-04-25,90.3808,99.7996,48.8978,85.7715,45.716,97.5952,19.8318,68.368,170600.0,909664619400.0,1.5686,554.7398,0.0085,0.2544,45.716,48.1751,0.1983
2024-04-26,91.3828,100.0,67.3347,91.984,51.8045,98.998,20.884,74.1347,177800.0,972879817000.0,1.5956,567.0847,0.0474,0.317,51.8045,50.3446,0.2088
2024-04-29,90.5812,100.0,59.9198,87.7756,50.2043,98.5972,22.3771,71.904,175900.0,508845103100.0,1.5862,567.3815,0.0329,0.2849,50.2043,49.4554,0.2238
2024-04-30,91.1824,100.0,53.9078,88.7776,48.7532,98.3968,21.2505,70.598,174200.0,636711452000.0,1.5944,569.1587,0.0197,0.2932,48.7532,49.1744,0.2125
2024-05-02,89.5792,100.0,50.501,90.3808,48.2234,98.1964,22.5737,70.032,173600.0,550008200000.0,1.5657,577.346,0.0135,0.3082,48.2234,49.0956,0.2257
2024-05-03,86.7735,99.7996,47.8958,86.9739,47.8501,95.992,28.5363,69.0855,173200.0,404639539200.0,1.5073,573.9379,0.0084,0.2839,47.8501,47.2886,0.2854
2024-05-07,82.7655,98.998,64.1283,94.7896,53.9877,91.984,30.9377,73.1957,179600.0,781186184400.0,1.4785,562.1028,0.0419,0.3575,53.9877,45.8242,0.3094
2024-05-08,80.1603,98.7976,58.517,87.7756,52.3295,85.9719,31.9419,69.6936,178000.0,410244432000.0,1.4434,559.9547,0.0301,0.2899,52.3295,44.8919,0.3194
2024-05-09,79.3587,99.3988,49.6994,85.7715,49.6604,86.9739,30.586,67.2493,175400.0,501924640000.0,1.4321,568.3423,0.0134,0.271,49.6604,45.0714,0.3059
2024-05-10,79.7595,98.7976,61.3226,84.9699,54.0307,92.1844,29.2721,70.4752,179900.0,506178873200.0,1.4374,564.3449,0.0372,0.2598,54.0307,45.9367,0.2927
2024-05-13,76.7535,97.7956,70.3407,81.1623,57.4764,88.5772,25.454,70.3874,183800.0,593678227400.0,1.4144,553.188,0.0561,0.2253,57.4764,45.3048,0.2545
2024-05-14,76.1523,97.7956,71.7435,82.9659,58.7569,89.3788,26.76,71.2925,185300.0,511996685700.0,1.4035,554.1956,0.0614,0.2461,58.7569,45.3954,0.2676
2024-05-16,79.9599,99.7996,84.1683,88.7776,64.6426,96.1924,24.057,76.6259,193000.0,981053354000.0,1.4428,574.615,0.1008,0.2979,64.6426,47.6951,0.2406
2024-05-17,75.9519,97.996,76.7535,88.1764,60.876,83.5671,26.6327,72.3871,189900.0,539580720600.0,1.4043,558.9755,0.0803,0.2936,60.876,44.3316,0.2663
2024-05-20,75.1503,95.992,76.3527,84.1683,61.0337,83.3667,26.8351,71.4012,190100.0,682863532800.0,1.3896,543.9738,0.0784,0.2564,61.0337,44.2961,0.2684
2024-05-21,72.5451,93.1864,79.1583,85.9719,62.5775,81.9639,27.4158,71.5926,192000.0,473876928000.0,1.3587,527.406,0.0856,0.2834,62.5775,43.9322,0.2742
2024-05-22,69.3387,92.3848,87.3747,92.1844,66.8238,74.3487,17.1831,71.354,197700.0,780804090300.0,1.3009,522.7867,0.1137,0.3268,66.8238,40.079,0.1718
2024-05-23,69.1383,90.982,88.3768,85.5711,68.3828,73.5471,19.4012,70.7605,200000.0,936369800000.0,1.2863,517.6679,0.1231,0.278,68.3828,39.6322,0.194
2024-05-24,69.1383,90.5812,86.3727,80.1603,66.3393,74.1483,20.8846,69.6163,198600.0,753462979200.0,1.2906,516.1042,0.1112,0.2305,66.3393,39.7831,0.2088
2024-05-27,69.3387,89.5792,88.1764,81.5631,68.443,64.1283,19.9159,68.6794,201500.0,962138723000.0,1.3032,510.9415,0.123,0.2454,68.443,36.5917,0.1992
2024-05-28,67.3347,88.5772,88.3768,91.1824,69.1588,23.8477,21.4535,64.0217,202500.0,422201362500.0,1.2548,486.3695,0.1237,0.3166,69.1588,29.4542,0.2145
2024-05-29,64.7295,88.1764,87.1743,85.3707,69.1588,11.4228,20.9719,60.5426,202500.0,622310647500.0,1.2195,473.5455,0.1186,0.2816,69.1588,26.899,0.2097
2024-05-30,64.5291,88.3768,74.1483,81.9639,58.6649,27.4549,27.4023,59.7364,195700.0,470117585200.0,1.2152,477.1627,0.077,0.2529,58.6649,29.9958,0.274
2024-05-31,67.1343,88.5772,59.1182,69.5391,50.7395,40.6814,28.4151,56.6208,189200.0,1127410446800.0,1.2542,488.7932,0.0384,0.1363,50.7395,32.6921,0.2842
2024-06-03,66.9339,87.5752,69.5391,73.5471,55.6976,45.491,26.5926,60.1198,194200.0,579190430600.0,1.2534,469.4943,0.0618,0.1713,55.6976,33.4559,0.2659
2024-06-04,67.3347,86.5731,66.3327,74.7495,54.6317,46.6934,25.4576,59.5223,193300.0,385977574000.0,1.2553,450.1426,0.0527,0.1866,54.6317,33.5394,0.2546
2024-06-05,65.1303,84.9699,65.7315,74.1483,55.0435,34.6693,31.7551,58.0031,193700.0,524855524700.0,1.2362,427.7458,0.0521,0.1747,55.0435,31.5103,0.3176
2024-06-07,68.9379,86.3727,87.7756,76.9539,66.3808,71.9439,37.0414,71.062,207500.0,997105145000.0,1.293,433.7971,0.1225,0.2071,66.3808,38.6315,0.3704
2024-06-10,68.9379,85.3707,86.9739,81.1623,66.7084,68.7375,35.1331,70.6983,208000.0,509383888000.0,1.2975,430.9626,0.1205,0.2485,66.7084,37.7847,0.3513
2024-06-11,69.3387,86.3727,91.1824,85.3707,69.5813,67.5351,34.9426,72.4099,212500.0,652409637500.0,1.3113,436.9023,0.1404,0.2824,69.5813,37.5781,0.3494
2024-06-12,68.7375,86.3727,92.3848,90.982,71.0746,66.3327,36.3384,73.5803,215000.0,462536165000.0,1.2984,437.0591,0.1496,0.3142,71.0746,37.2848,0.3634
2024-06-13,72.5451,86.5731,95.7916,95.7916,74.8045,70.3407,37.0536,76.6557,222000.0,1282555938000.0,1.3634,451.6395,0.1815,0.3712,74.8045,38.2626,0.3705
2024-06-14,71.1423,86.1723,95.3908,95.5912,73.3494,63.1263,37.2965,75.1038,221000.0,731780283000.0,1.3355,438.882,0.1714,0.371,73.3494,36.6293,0.373
2024-06-17,70.7415,85.5711,95.5912,93.988,74.4211,59.519,35.7211,74.1129,223000.0,490229820000.0,1.3307,436.4861,0.1774,0.3573,74.4211,35.6118,0.3572
2024-06-18,71.1423,85.9719,98.998,99.5992,79.5206,71.5431,33.2374,77.6771,234500.0,735446169500.0,1.3376,438.7363,0.2318,0.4638,79.5206,38.5022,0.3324
2024-06-19,73.5471,86.1723,98.1964,99.5992,78.0632,71.9439,32.8879,77.7595,233500.0,877645242000.0,1.3704,447.5076,0.2196,0.492,78.0632,38.8583,0.3289
2024-06-20,72.1443,84.9699,98.998,97.3948,79.6683,69.9399,33.1313,77.155,237500.0,695247525000.0,1.3627,433.8564,0.2341,0.3971,79.6683,38.2827,0.3313
2024-06-21,71.5431,82.3647,97.5952,95.992,74.5295,72.3447,34.4937,76.3645,234000.0,900524196000.0,1.3539,425.0824,0.2095,0.3781,74.5295,39.2006,0.3449
2024-06-24,74.5491,84.1683,90.7816,89.5792,61.1741,81.5631,34.5333,74.7243,223000.0,1133001898000.0,1.3829,432.6391,0.1477,0.3164,61.1741,43.727,0.3453
2024-06-25,75.9519,84.9699,91.5832,82.5651,62.4902,81.1623,34.6996,74.2195,225000.0,1289474775000.0,1.4057,436.3277,0.153,0.2741,62.4902,43.6246,0.347
2024-06-26,82.5651,86.7735,97.3948,87.7756,69.2299,93.7876,33.9086,79.7848,237000.0,1224546294000.0,1.4732,455.923,0.2084,0.3079,69.2299,46.6315,0.3391
2024-06-27,85.3707,87.1743,96.7936,90.7816,68.6762,93.7876,31.4871,80.1578,236500.0,889950682500.0,1.4927,464.638,0.1999,0.3272,68.6762,46.6848,0.3149
2024-06-28,86.1723,86.5731,95.992,85.1703,68.6762,82.1643,29.7246,77.2081,236500.0,560099875500.0,1.4983,457.5877,0.194,0.2923,68.6762,44.1211,0.2972
2024-07-01,77.7555,85.3707,94.3888,81.3627,67.4254,76.1523,24.9169,73.1855,235500.0,402694402500.0,1.4296,441.0787,0.1822,0.2695,67.4254,41.4457,0.2492
2024-07-02,77.1543,85.5711,91.984,77.5551,63.0939,77.3547,23.7888,71.6412,232000.0,543795704000.0,1.4241,447.7953,0.1585,0.2453,63.0939,42.0151,0.2379
2024-07-03,80.1603,87.976,93.5872,89.7796,65.7981,76.7535,23.9567,74.6923,236000.0,782499772000.0,1.4567,474.8189,0.1722,0.317,65.7981,41.7942,0.2396
2024-07-04,88.7776,93.988,86.5731,74.9499,58.8343,80.3607,22.7114,72.6168,230000.0,1747972860000.0,1.5548,532.114,0.136,0.2234,58.8343,43.6195,0.2271
2024-07-05,87.976,96.7936,91.5832,84.7695,63.0462,66.7335,17.992,72.9212,236000.0,953745148000.0,1.5441,548.9192,0.1582,0.291,63.0462,38.0559,0.1799
2024-07-08,88.1764,96.994,86.9739,83.9679,60.2787,69.3387,12.1127,71.1614,233500.0,539156870500.0,1.5465,552.6672,0.139,0.2886,60.2787,38.5186,0.1211
2024-07-09,89.98,99.3988,91.3828,86.7735,63.7098,69.1383,12.7441,73.3828,238500.0,1147371268500.0,1.582,572.665,0.1567,0.304,63.7098,38.507,0.1274
2024-07-10,90.982,100.0,89.7796,80.3607,64.0442,68.3367,15.9387,72.703,239000.0,616470147000.0,1.593,578.4784,0.1515,0.2686,64.0442,38.4619,0.1594
2024-07-11,89.5792,100.0,90.3808,83.3667,65.4172,62.3246,17.8679,72.5886,241000.0,1285999377000.0,1.5813,590.1121,0.1541,0.286,65.4172,37.1743,0.1787
2024-07-12,92.5852,100.0,80.3607,75.7515,56.1766,71.3427,12.668,69.5419,233000.0,1158703408000.0,1.6096,617.1914,0.1097,0.238,56.1766,39.4532,0.1267
2024-07-15,93.3868,100.0,74.1483,82.5651,53.1449,71.7435,8.7123,68.6053,230000.0,759317400000.0,1.6295,635.5002,0.0897,0.2842,53.1449,39.7526,0.0871
2024-07-16,94.7896,99.7996,76.9539,86.5731,55.7185,56.3126,7.2058,67.6748,233000.0,927850037000.0,1.6394,633.6018,0.0977,0.3039,55.7185,35.6826,0.0721
2024-07-17,96.1924,100.0,51.7034,71.9439,44.7012,73.7475,24.8732,64.8243,220500.0,1334357955000.0,1.6684,654.8753,0.0342,0.2095,44.7012,40.6523,0.2487
2024-07-18,97.996,100.0,27.2545,73.5471,39.3399,76.3527,22.9601,60.0133,212500.0,1880128812500.0,1.7528,702.501,-0.0064,0.2262,39.3399,41.6557,0.2296
2024-07-19,97.5952,100.0,17.6353,72.5451,37.5224,76.1523,25.7032,58.0787,209500.0,946766115000.0,1.7484,718.3403,-0.0233,0.2209,37.5224,41.6378,0.257
2024-07-22,97.996,100.0,11.2224,69.7395,34.9166,69.1383,21.7416,54.5285,205000.0,1365800405000.0,1.7567,736.1303,-0.0469,0.1988,34.9166,39.0243,0.2174
2024-07-23,97.1944,100.0,10.6212,62.9259,34.9166,68.5371,21.774,53.1806,205000.0,1225186395000.0,1.7447,755.8618,-0.0491,0.1402,34.9166,38.7534,0.2177
2024-07-24,96.7936,99.7996,13.8277,72.9459,38.7533,44.489,17.0663,51.315,208500.0,1008876039000.0,1.7176,753.4243,-0.0351,0.2222,38.7533,33.6209,0.1707
2024-07-25,97.996,100.0,0.8016,44.8898,29.0165,89.1784,30.787,52.4896,190000.0,2375714780000.0,1.8185,806.5233,-0.1211,0.0686,29.0165,45.4514,0.3079
2024-07-26,99.5992,100.0,1.2024,51.1022,30.8373,91.3828,34.5517,54.8196,191800.0,1681914722600.0,1.8955,858.0241,-0.1127,0.0904,30.8373,45.8738,0.3455
2024-07-29,100.0,100.0,3.4068,58.7174,34.6485,95.1904,33.5579,57.2661,195600.0,785796789600.0,1.9204,873.3499,-0.0956,0.1228,34.6485,47.07,0.3356
2024-07-30,100.0,100.0,0.8016,50.7014,31.3666,96.5932,36.2062,55.8221,188900.0,975693245900.0,1.9477,904.1719,-0.1264,0.0881,31.3666,47.9104,0.3621
2024-07-31,100.0,99.7996,2.4048,58.7174,36.8471,97.996,46.9514,59.6953,194600.0,1253210183400.0,1.9745,901.7223,-0.1003,0.1236,36.8471,49.0636,0.4695
2024-08-01,99.5992,99.5992,2.004,47.2946,36.1383,96.994,49.3382,57.9584,193300.0,1248170381100.0,1.9214,875.5649,-0.106,0.0763,36.1383,48.6987,0.4934
2024-08-02,100.0,100.0,0.0,26.6533,27.3715,100.0,58.5986,55.5249,173200.0,2260284074800.0,2.006,912.7027,-0.1969,-0.027,27.3715,58.7209,0.586
2024-08-05,100.0,100.0,0.0,8.4168,22.3942,100.0,54.7548,51.7152,156100.0,1929211958100.0,2.1086,941.3648,-0.2734,-0.11,22.3942,66.5259,0.5475
2024-08-06,100.0,100.0,0.2004,13.4269,28.6079,100.0,54.4065,53.0759,163700.0,1754425447700.0,2.1486,958.9958,-0.2353,-0.0901,28.6079,69.2967,0.5441
2024-08-07,100.0,100.0,0.4008,16.0321,32.8728,100.0,52.072,53.5831,169300.0,1647633864100.0,2.2161,1000.5873,-0.2067,-0.0789,32.8728,71.4307,0.5207
2024-08-08,99.7996,99.7996,0.4008,7.2144,30.7861,99.7996,50.1284,51.68,163400.0,877516987400.0,2.1794,988.3805,-0.2315,-0.1182,30.7861,71.0421,0.5013
2024-08-09,99.5992,99.5992,1.002,8.4168,36.7246,100.0,53.4119,53.047,171500.0,881729005500.0,2.1515,976.1564,-0.1916,-0.1114,36.7246,74.7322,0.5341
2024-08-12,99.1984,99.7996,1.2024,18.4369,40.4602,100.0,54.1331,55.0317,177000.0,781231272000.0,2.1483,992.9193,-0.1647,-0.0679,40.4602,76.5677,0.5413
2024-08-13,98.998,100.0,1.4028,23.2465,43.6519,100.0,55.9955,56.3818,181900.0,770216805300.0,2.1292,1022.7191,-0.1405,-0.0431,43.6519,77.3804,0.56
2024-08-14,98.5972,100.0,3.006,26.2525,46.6679,99.7996,54.3405,57.1165,186700.0,825310337200.0,2.0842,1030.4463,-0.1173,-0.0276,46.6679,76.794,0.5434
2024-08-16,98.3968,100.0,11.8236,32.4649,53.8694,100.0,55.9894,60.7793,199700.0,1389849693600.0,2.032,1044.6539,-0.0564,0.0101,53.8694,80.4683,0.5599
2024-08-19,98.1964,99.7996,7.8156,25.4509,50.5873,100.0,54.5844,58.3366,193900.0,771145341400.0,2.0123,1043.187,-0.0826,-0.0305,50.5873,80.9286,0.5458
2024-08-20,97.5952,99.1984,12.2244,31.2625,53.6298,100.0,56.4351,60.5216,199700.0,850360543000.0,1.9655,1021.3728,-0.0544,0.0055,53.6298,81.4695,0.5644
2024-08-21,97.1944,98.998,7.6152,21.8437,49.6034,100.0,57.8279,57.9131,192600.0,868430125800.0,1.9307,1008.897,-0.0863,-0.0442,49.6034,82.4004,0.5783
2024-08-22,95.992,98.5972,7.014,19.8397,48.7703,99.7996,59.2899,57.3777,191100.0,605064068700.0,1.8951,996.5233,-0.0914,-0.0563,48.7703,82.0694,0.5929
2024-08-23,93.988,97.5952,3.2064,13.4269,45.6855,98.3968,56.3275,54.2902,185500.0,810882086000.0,1.7702,944.4844,-0.1149,-0.084,45.6855,75.8566,0.5633
2024-08-26,92.1844,97.1944,1.6032,13.4269,42.6263,98.3968,56.3778,53.3606,179600.0,882411438400.0,1.7031,931.1606,-0.1397,-0.0823,42.6263,76.5256,0.5638
2024-08-27,92.1844,97.7956,1.4028,15.4309,40.3573,98.1964,55.1194,53.2355,175000.0,1014399050000.0,1.714,963.1093,-0.1579,-0.0751,40.3573,76.4259,0.5512
2024-08-28,91.984,97.996,2.4048,14.6293,43.3908,97.996,53.3718,53.3168,179300.0,1002302419800.0,1.7088,977.7291,-0.1326,-0.0767,43.3908,76.3023,0.5337
2024-08-29,91.984,98.998,1.2024,4.008,38.6629,98.998,48.8693,50.5855,169700.0,1405894074500.0,1.7098,1018.7938,-0.1739,-0.1221,38.6629,77.4608,0.4887
2024-08-30,90.3808,99.3988,1.8036,7.4148,41.522,98.998,48.5993,51.2617,173700.0,781340987700.0,1.6696,1025.0127,-0.1491,-0.1033,41.522,78.1967,0.486
2024-09-02,80.5611,97.5952,2.004,0.6012,41.7414,96.3928,48.6796,48.2697,174000.0,610334580000.0,1.5465,980.6798,-0.1426,-0.1614,41.7414,67.7633,0.4868
2024-09-03,70.5411,96.994,1.4028,0.0,38.7662,95.7916,42.8281,45.2307,168300.0,553130404200.0,1.4412,963.4989,-0.1662,-0.1909,38.7662,57.1701,0.4283
2024-09-04,66.5331,96.994,0.6012,0.0,32.8026,95.992,32.4392,42.3445,154800.0,1551156526800.0,1.4144,965.6814,-0.2277,-0.2715,32.8026,62.5523,0.3244
2024-09-05,60.7214,95.7916,1.002,0.2004,36.3932,95.7916,31.3366,41.6264,159400.0,852707749600.0,1.3505,936.955,-0.1986,-0.2586,36.3932,62.2342,0.3134
2024-09-06,58.1162,95.5912,0.8016,0.0,35.0768,95.5912,35.0499,41.5407,156400.0,541130549600.0,1.3236,934.6742,-0.2073,-0.2955,35.0768,61.3634,0.3505
2024-09-09,56.9138,96.1924,1.4028,0.2004,35.5787,95.1904,39.3946,42.2126,157000.0,704013434000.0,1.309,952.6181,-0.1978,-0.2896,35.5787,58.4629,0.3939
2024-09-10,56.513,95.7916,1.2024,0.0,34.8533,94.7896,37.5022,41.6257,155500.0,733730326500.0,1.3025,944.4165,-0.1989,-0.3027,34.8533,56.9078,0.375
2024-09-11,54.9098,95.5912,2.2044,0.0,36.4351,94.5892,34.3738,41.2244,157200.0,503657481600.0,1.282,941.8201,-0.1838,-0.3296,36.4351,55.904,0.3437
2024-09-12,57.1142,96.994,5.6112,0.8016,46.0592,95.5912,28.2432,42.6901,168800.0,1456574524800.0,1.3191,975.9324,-0.1175,-0.2771,46.0592,61.4934,0.2824
2024-09-13,54.1082,95.992,3.4068,0.2004,42.4768,94.3888,22.4259,40.1967,162800.0,854142898400.0,1.2746,952.8432,-0.1428,-0.3145,42.4768,56.0785,0.2243
2024-09-19,63.3267,99.5992,2.2044,0.0,37.2734,95.1904,13.1225,39.8741,152800.0,2292192069600.0,1.3707,1040.0336,-0.1883,-0.347,37.2734,58.8476,0.1312
2024-09-20,64.5291,100.0,3.2064,0.8016,40.6407,94.7896,15.4844,41.046,157100.0,1124153400500.0,1.3861,1056.2534,-0.1587,-0.2955,40.6407,58.6901,0.1548
2024-09-23,63.5271,100.0,5.8116,1.4028,44.3094,95.1904,16.9278,42.1505,162000.0,728609904000.0,1.3725,1062.8947,-0.1253,-0.28,44.3094,59.8254,0.1693
2024-09-24,61.523,100.0,7.2144,0.6012,45.4215,95.1904,18.4515,42.35,163500.0,562853655000.0,1.3676,1076.2803,-0.1099,-0.3101,45.4215,60.1615,0.1845
2024-09-25,60.7214,99.5992,10.8216,1.002,46.7945,94.99,19.968,43.3059,165300.0,771136897500.0,1.3622,1056.8244,-0.0926,-0.3011,46.7945,59.9265,0.1997
2024-09-26,66.1323,100.0,33.2665,2.6052,56.9115,96.3928,41.5953,53.3533,180900.0,1722101609700.0,1.4126,1105.709,-0.0013,-0.2351,56.9115,67.9639,0.416
2024-09-27,68.1363,99.7996,44.2886,2.8056,58.4916,95.992,40.8428,55.8533,183800.0,1265696793600.0,1.4238,1096.2033,0.0199,-0.2195,58.4916,67.4369,0.4084
2024-09-30,65.5311,99.5992,22.4449,2.6052,51.9793,96.5932,42.1843,50.6839,174600.0,848463112800.0,1.4083,1077.4214,-0.0248,-0.2474,51.9793,69.5025,0.4218
2024-10-02,59.9198,97.996,17.4349,1.8036,48.5027,95.7916,44.4954,48.4384,169100.0,798259885800.0,1.3608,1037.1371,-0.0501,-0.2835,48.5027,67.5977,0.445
2024-10-04,58.517,96.7936,24.6493,3.006,51.6676,95.992,42.0621,49.7126,174100.0,632567627800.0,1.3475,1011.7407,-0.0177,-0.243,51.6676,67.8979,0.4206
2024-10-07,59.1182,96.3928,57.7154,3.6072,57.713,96.7936,41.0051,57.0323,184900.0,722020632500.0,1.3527,1007.9777,0.0461,-0.2165,57.713,71.1738,0.4101
2024-10-08,59.9198,96.7936,39.2786,3.2064,53.1398,96.994,35.6978,52.2218,178000.0,709868984000.0,1.3609,1015.2921,0.0101,-0.2377,53.1398,71.5127,0.357
2024-10-10,56.1122,94.3888,63.7275,3.8076,57.692,94.5892,36.1858,56.5578,186700.0,1180885901500.0,1.328,973.8305,0.0617,-0.2172,57.692,65.3975,0.3619
2024-10-11,54.3086,92.986,63.3267,3.6072,57.2104,94.3888,35.946,55.9226,186000.0,646473876000.0,1.3116,948.6948,0.0605,-0.2218,57.2104,65.1141,0.3595
2024-10-14,54.3086,92.7856,65.9319,3.6072,58.0191,94.1884,34.7882,56.3007,187500.0,620488875000.0,1.3151,947.9044,0.0693,-0.222,58.0191,64.3455,0.3479
2024-10-15,54.3086,91.1824,77.3547,4.8096,60.885,94.1884,34.7774,58.8903,192900.0,783244408500.0,1.3187,929.985,0.1,-0.1721,60.885,64.6702,0.3478
2024-10-16,56.513,90.982,68.1363,4.8096,57.5919,94.3888,32.9686,56.7866,188700.0,903366717900.0,1.3292,926.2698,0.0769,-0.1796,57.5919,65.3235,0.3297
2024-10-17,57.9158,91.5832,81.7635,6.012,61.4906,94.5892,32.9696,60.3831,196000.0,783401416000.0,1.3465,935.111,0.1176,-0.1588,61.4906,66.0922,0.3297
2024-10-18,53.507,90.5812,64.9299,6.6132,55.0009,93.7876,39.9155,56.6177,187300.0,1032003333500.0,1.3144,923.008,0.0689,-0.1506,55.0009,64.9638,0.3992
2024-10-21,51.3026,90.3808,73.5471,11.6232,57.0222,93.1864,43.767,59.4316,190900.0,463609049600.0,1.2877,917.2078,0.0897,-0.1016,57.0222,63.2315,0.4377
2024-10-22,42.485,88.978,65.3307,11.022,54.7419,90.7816,50.0663,56.5913,187800.0,651095651400.0,1.1731,840.8592,0.0703,-0.1036,54.7419,58.1964,0.5007
2024-10-23,38.477,88.978,80.7615,23.6473,59.3703,91.5832,38.8826,59.8756,196000.0,855751484000.0,1.1516,843.0203,0.1119,-0.0439,59.3703,59.0291,0.3888
2024-10-24,43.2866,89.1784,82.1643,25.8517,60.5363,90.7816,31.763,60.1568,198200.0,1257482873000.0,1.1823,869.6107,0.12,-0.0332,60.5363,58.572,0.3176
2024-10-25,45.6914,89.5792,84.7695,25.4509,62.0299,90.7816,27.7761,60.5698,201000.0,1111602762000.0,1.2182,885.645,0.1318,-0.036,62.0299,58.5874,0.2778
2024-10-28,45.6914,89.5792,76.1523,35.4709,57.8214,91.7836,25.1879,59.6906,196000.0,806380456000.0,1.2193,901.2495,0.0996,0.0316,57.8214,59.9255,0.2519
2024-10-29,38.0762,88.3768,62.3246,30.0601,53.3756,88.7776,1.8976,50.4619,190300.0,774138687300.0,1.1535,849.664,0.0654,-0.0078,53.3756,52.9466,0.019
2024-10-30,33.2665,87.7756,72.1443,30.0601,56.3555,88.7776,2.9108,52.0942,195000.0,698178000000.0,1.1134,814.0723,0.0895,-0.0031,56.3555,53.3157,0.0291
2024-10-31,33.0661,87.5752,51.503,28.4569,49.9867,88.3768,-1.2379,46.3561,186300.0,852002436600.0,1.1103,809.8513,0.0404,-0.0138,49.9867,52.5777,-0.0124
2024-11-01,31.4629,87.1743,40.6814,19.6393,47.2753,87.976,-1.1206,42.2749,182200.0,633786161800.0,1.0974,805.1144,0.018,-0.0637,47.2753,51.8189,-0.0112
2024-11-04,31.6633,87.5752,69.9399,31.0621,54.8638,88.978,0.2969,51.0319,194000.0,692497550000.0,1.0997,812.0252,0.0846,0.0036,54.8638,55.2641,0.003
2024-11-05,31.2625,87.7756,67.7355,56.9138,54.2932,87.3747,0.4802,54.1587,193200.0,687851892000.0,1.0975,814.2345,0.0802,0.1155,54.2932,51.3892,0.0048
2024-11-06,30.8617,86.5731,74.7495,77.5551,55.8984,86.1723,4.0685,58.9957,195800.0,677538683800.0,1.0952,789.4906,0.0952,0.2543,55.8984,49.2469,0.0407
2024-11-07,26.6533,86.3727,78.1563,70.1403,56.9015,80.1603,6.02,57.4048,197400.0,587570180400.0,1.0534,776.1945,0.1036,0.2059,56.9015,46.6011,0.0602
2024-11-08,26.4529,86.3727,81.7635,67.5351,58.8541,81.1623,5.6579,57.9966,200500.0,607830386500.0,1.0494,779.1928,0.1198,0.1843,58.8541,46.7464,0.0566
2024-11-11,26.2525,85.9719,64.9299,67.1343,52.3454,85.9719,11.9299,55.511,192600.0,507730386600.0,1.0407,758.444,0.0748,0.1787,52.3454,49.2299,0.1193
2024-11-12,25.8517,85.1703,47.8958,48.497,47.4782,86.5731,20.9208,50.1204,185800.0,728383193200.0,1.0355,731.4588,0.0361,0.0834,47.4782,49.8345,0.2092
2024-11-13,25.0501,84.7695,40.0802,34.4689,45.5338,86.1723,26.2538,46.8381,182900.0,580310058300.0,1.0124,704.1053,0.0191,0.0333,45.5338,49.5468,0.2625
2024-11-14,25.6513,84.3687,17.2345,20.4409,39.575,87.1743,24.4442,39.4979,173000.0,1091520664000.0,1.0323,696.2198,-0.0354,-0.0489,39.575,50.7707,0.2444
2024-11-15,24.8497,84.1683,24.6493,21.0421,43.7396,86.3727,23.2041,41.0409,178200.0,771739650000.0,1.014,659.7925,-0.0074,-0.0455,43.7396,50.0745,0.232
2024-11-18,25.4509,83.9679,15.8317,6.8136,40.026,87.1743,23.0992,36.9464,171700.0,667165074800.0,1.0264,655.236,-0.0434,-0.1402,40.026,50.8374,0.231
2024-11-19,25.4509,83.5671,14.6293,8.016,39.4161,86.5731,23.381,36.7373,170600.0,695197217800.0,1.0271,653.3945,-0.0491,-0.1202,39.4161,50.6724,0.2338
2024-11-20,24.0481,83.3667,14.6293,6.6132,39.4161,81.3627,32.9928,36.9567,170600.0,629393897600.0,1.0104,641.0169,-0.0494,-0.1457,39.4161,47.5278,0.3299
2024-11-21,21.0421,82.5651,12.6253,7.8156,38.3083,80.1603,36.0452,36.3719,168800.0,645069537600.0,0.9677,608.8944,-0.0609,-0.1236,38.3083,47.0539,0.3605
2024-11-22,20.2405,82.1643,21.0421,15.8317,45.5424,85.9719,37.5642,40.9203,176700.0,692659229100.0,0.9379,587.1849,-0.0188,-0.0754,45.5424,50.2623,0.3756
2024-11-25,19.8397,80.9619,20.8417,21.2425,45.8023,85.5711,41.6043,42.0834,177000.0,777717114000.0,0.9345,572.5802,-0.0194,-0.0458,45.8023,49.8365,0.416
2024-11-26,19.2385,78.1563,20.4409,26.8537,45.895,83.5671,40.6614,42.0414,177100.0,353514268800.0,0.9063,551.7137,-0.021,-0.0139,45.895,49.0191,0.4066
2024-11-27,19.2385,79.5591,12.024,23.4469,39.4936,86.1723,46.1912,40.5674,168300.0,800572806000.0,0.9108,561.0493,-0.071,-0.0383,39.4936,50.5858,0.4619
2024-11-28,19.2385,80.3607,6.2124,11.2224,35.1712,85.9719,46.5075,37.2367,161100.0,916868107800.0,0.9119,567.9333,-0.1111,-0.1015,35.1712,50.3975,0.4651
2024-11-29,19.4389,80.7615,5.8116,19.0381,34.4936,85.3707,45.9566,38.1585,159900.0,748777801200.0,0.9175,569.6114,-0.1169,-0.0577,34.4936,50.0867,0.4596
2024-12-02,18.6373,80.1603,5.2104,14.0281,33.8498,64.3287,45.4399,33.8082,158800.0,565148238400.0,0.9077,568.1788,-0.1225,-0.0858,33.8498,42.8941,0.4544
2024-12-03,18.2365,79.9599,10.8216,19.8397,40.4836,75.9519,39.1586,37.1867,164900.0,689342188500.0,0.9056,568.0222,-0.0901,-0.0523,40.4836,46.1037,0.3916
2024-12-04,19.4389,81.1623,12.6253,29.0581,43.5801,76.7535,38.7781,39.6036,168000.0,957901056000.0,0.9206,573.7921,-0.0741,-0.0018,43.5801,46.462,0.3878
2024-12-05,19.6393,81.9639,16.8337,56.513,48.2563,81.1623,36.6392,45.4818,173000.0,808158774000.0,0.9326,581.0334,-0.0477,0.1176,48.2563,48.0007,0.3664
2024-12-06,20.2405,81.5631,11.6232,37.0741,43.6581,81.3627,35.3681,40.9536,167100.0,740964678900.0,0.9393,577.4762,-0.0805,0.0483,43.6581,48.2369,0.3537
2024-12-09,20.6413,82.3647,13.4269,47.6954,45.3684,79.3587,34.8504,42.8406,168900.0,896128000800.0,0.9617,594.3283,-0.071,0.0799,45.3684,47.2606,0.3485
2024-12-10,20.4409,82.3647,14.2285,48.6974,46.8173,75.3507,28.1342,41.6574,170400.0,538312684800.0,0.949,595.7666,-0.0616,0.0854,46.8173,46.2305,0.2813
2024-12-11,19.2385,81.7635,15.8317,53.1062,48.1981,75.1503,21.2567,41.4752,171800.0,391908270200.0,0.9372,587.7682,-0.0527,0.1048,48.1981,46.2274,0.2126
2024-12-12,18.0361,79.9599,19.8397,56.9138,52.2951,63.7275,12.0027,39.7955,176100.0,801306421200.0,0.9161,573.5469,-0.0291,0.1202,52.2951,42.7926,0.12
2024-12-13,17.0341,79.3587,19.2385,35.0701,51.6809,59.3186,7.401,34.7752,175500.0,645485490000.0,0.9075,569.9232,-0.0331,0.0397,51.6809,41.4364,0.074
2024-12-16,16.2325,77.1543,24.6493,52.1042,55.2646,56.7134,13.5148,38.9565,179300.0,587920217500.0,0.9012,561.7609,-0.0127,0.1014,55.2646,39.7972,0.1351
2024-12-17,16.0321,75.1503,37.0741,69.5391,59.2866,57.515,12.3404,44.1725,184000.0,586759440000.0,0.8928,549.4172,0.0132,0.2042,59.2866,40.5175,0.1234
2024-12-18,15.0301,72.7455,36.2725,64.7295,58.6822,57.515,13.4182,43.0012,183500.0,433770512000.0,0.8798,539.8358,0.0099,0.168,58.6822,40.5626,0.1342
2024-12-19,15.8317,74.1483,17.8357,46.6934,49.4519,65.7315,35.3873,40.4737,175000.0,845925850000.0,0.8911,545.4406,-0.0357,0.0802,49.4519,44.2195,0.3539
2024-12-20,16.0321,73.9479,13.0261,31.2625,43.7807,63.9279,32.6397,35.9574,168500.0,756111398000.0,0.8936,545.2378,-0.0697,0.0306,43.7807,43.1458,0.3264
2024-12-23,14.4289,73.7475,13.4269,30.6613,44.9317,63.9279,33.5013,35.9312,169600.0,557576281600.0,0.8786,544.8405,-0.0618,0.026,44.9317,43.2397,0.335
2024-12-24,14.4289,74.3487,13.0261,14.2285,43.9624,63.9279,29.8612,32.8033,168500.0,310875928500.0,0.8795,546.8385,-0.0653,-0.0685,43.9624,43.254,0.2986
2024-12-26,13.6273,70.9419,14.2285,13.4269,45.7941,53.9078,29.8768,31.1451,170100.0,344065862700.0,0.8515,533.891,-0.0545,-0.0745,45.7941,39.4198,0.2988
2024-12-27,11.6232,67.1343,19.4389,26.8537,50.5781,43.6874,25.6237,31.8272,174500.0,461294763500.0,0.8215,517.6619,-0.0277,-0.0006,50.5781,36.6781,0.2562
2024-12-30,9.018,64.9299,18.6373,30.8617,49.931,42.8858,28.9554,31.9717,173900.0,249407727800.0,0.7894,501.6504,-0.0296,0.0284,49.931,36.5385,0.2896
2025-01-02,8.016,64.5291,17.0341,23.4469,47.0157,44.6894,30.8922,30.618,171200.0,359892360000.0,0.7764,492.4587,-0.0426,-0.0167,47.0157,37.0196,0.3089
2025-01-03,8.2164,64.3287,40.0802,23.4469,57.5848,56.513,42.4501,39.8013,181900.0,770063827400.0,0.7801,492.0387,0.0179,-0.0162,57.5848,40.5354,0.4245
2025-01-06,10.6212,70.5411,81.1623,56.9138,68.798,87.1743,48.3557,60.6261,199800.0,1462612323600.0,0.8085,532.1849,0.1176,0.1225,68.798,51.2845,0.4836
2025-01-07,12.024,75.7515,72.5451,34.6693,63.9182,87.7756,47.3521,55.7491,195000.0,1184711775000.0,0.829,554.0801,0.0912,0.0445,63.9182,51.9491,0.4735
2025-01-08,12.2244,79.7595,72.3447,34.6693,63.6145,84.1683,46.2076,55.3968,194700.0,832496702400.0,0.8328,573.1344,0.0903,0.0468,63.6145,49.7935,0.4621
2025-01-09,13.8277,82.3647,87.976,49.0982,69.0515,87.7756,45.0597,62.101,205000.0,1371912070000.0,0.8587,604.1129,0.1468,0.0933,69.0515,52.1802,0.4506
2025-01-10,16.0321,83.3667,85.3707,37.4749,67.4703,87.976,45.0437,60.1369,203500.0,1251418162500.0,0.8998,650.5415,0.1367,0.055,67.4703,52.53,0.4504
2025-01-13,18.6373,84.1683,68.9379,29.8597,58.6061,89.1784,45.7871,55.5844,194300.0,926285224200.0,0.9313,677.1344,0.0854,0.0297,58.6061,56.0617,0.4579
2025-01-14,17.8357,84.1683,69.9399,24.0481,59.047,88.7776,45.5854,54.7465,195000.0,588734055000.0,0.9169,686.7217,0.0883,-0.0051,59.047,55.6336,0.4559
2025-01-15,18.0361,84.1683,77.5551,38.477,61.0873,88.7776,52.7741,59.7463,198200.0,717575172000.0,0.9193,693.2929,0.1042,0.0582,61.0873,55.6731,0.5277
2025-01-16,20.4409,84.9699,92.3848,51.1022,67.5145,89.98,52.8137,65.8759,210000.0,1266225450000.0,0.9575,731.4403,0.1678,0.1001,67.5145,58.4353,0.5281
2025-01-17,22.0441,85.9719,94.99,61.7234,69.5781,89.7796,52.9187,68.5229,214500.0,1081365070500.0,0.9855,764.2026,0.19,0.1422,69.5781,58.2679,0.5292
2025-01-20,23.0461,85.9719,93.5872,45.8918,67.0305,90.1804,53.164,65.86,212000.0,643681608000.0,0.9979,774.1737,0.174,0.0816,67.0305,58.5677,0.5316
2025-01-21,22.0441,85.5711,96.994,50.7014,69.8808,87.5752,52.8022,66.9124,218000.0,724460216000.0,0.9892,760.4989,0.2045,0.0999,69.8808,55.2561,0.528
2025-01-22,24.8497,86.3727,99.3988,56.3126,73.0207,86.7735,47.9551,68.2027,225500.0,1330842370000.0,1.0195,787.9969,0.2425,0.1219,73.0207,52.6501,0.4796
2025-01-23,26.8537,86.7735,96.7936,55.7114,67.003,87.3747,40.0371,66.2329,219500.0,1315854429500.0,1.061,805.4979,0.2059,0.1199,67.003,54.6335,0.4004
2025-01-24,30.4609,86.9739,97.1944,64.1283,67.7192,87.1743,42.1796,68.4997,221000.0,833517412000.0,1.0913,807.9072,0.2094,0.1613,67.7192,54.2091,0.4218
2025-01-31,44.2886,89.1784,68.1363,27.0541,50.547,95.7916,47.5342,59.8001,199200.0,2364901404000.0,1.2047,885.5401,0.0882,0.0215,50.547,68.4086,0.4753
2025-02-03,49.499,89.98,47.8958,27.4549,45.7865,96.1924,51.703,56.8832,190900.0,1513158159600.0,1.2622,910.8909,0.0408,0.0247,45.7865,70.3232,0.517
2025-02-04,53.3066,90.982,47.6954,33.6673,45.9187,95.992,48.8482,58.0013,191100.0,1118154000600.0,1.3123,930.1949,0.0405,0.0488,45.9187,70.274,0.4885
2025-02-05,57.3146,91.7836,63.5271,27.2545,50.8836,96.1924,51.9104,61.8729,198800.0,843929458400.0,1.3396,940.6366,0.0792,0.0247,50.8836,70.8785,0.5191
2025-02-06,57.3146,90.982,74.1483,35.2705,53.6789,94.99,50.9468,65.074,203500.0,820638577000.0,1.34,933.9885,0.1008,0.0533,53.6789,68.3621,0.5095
2025-02-07,49.499,88.1764,71.5431,29.6593,53.3312,90.5812,51.5241,61.6489,203000.0,447877479000.0,1.2782,879.9715,0.0942,0.0368,53.3312,59.8962,0.5152
2025-02-10,46.0922,87.1743,56.9138,22.6453,49.9184,90.5812,46.836,56.0152,198100.0,550666494000.0,1.2405,854.4684,0.0645,0.0035,49.9184,59.9027,0.4684
2025-02-11,44.6894,86.3727,59.3186,21.0421,51.0205,90.982,44.6236,55.8036,199700.0,496995387000.0,1.2199,832.5346,0.0704,-0.004,51.0205,59.9499,0.4462
2025-02-12,39.6794,84.5691,56.1122,28.6573,50.423,87.3747,45.3501,54.8809,198900.0,573641920800.0,1.1703,794.2436,0.0636,0.0327,50.423,56.9375,0.4535
2025-02-13,33.2665,82.3647,77.5551,56.1122,56.9401,89.7796,48.4402,63.5813,208500.0,745264485000.0,1.1374,748.7898,0.1112,0.1222,56.9401,59.427,0.4844
2025-02-14,31.2625,82.1643,78.7575,62.1242,57.8719,86.7735,46.7909,63.7978,210000.0,545717760000.0,1.1136,737.9976,0.1143,0.1482,57.8719,56.7308,0.4679
2025-02-17,30.6613,81.9639,79.7595,73.1463,59.1416,86.7735,46.7869,65.6677,212000.0,529559464000.0,1.1099,737.958,0.1188,0.2254,59.1416,56.7653,0.4679
2025-02-18,28.0561,81.5631,74.5491,66.5331,57.2824,86.7735,43.6253,62.5426,210000.0,406957740000.0,1.0917,732.4558,0.1025,0.1785,57.2824,56.7735,0.4363
2025-02-19,23.8477,80.7615,85.1703,80.3607,62.6555,84.7695,39.2891,65.6158,218500.0,772991820000.0,1.0603,705.0271,0.1399,0.2726,62.6555,54.7741,0.3929
2025-02-20,22.4449,79.5591,73.5471,75.1503,56.7745,85.1703,44.2615,62.3968,212000.0,653011304000.0,1.0346,680.3327,0.1006,0.2427,56.7745,55.4173,0.4426
2025-02-21,22.0441,79.1583,64.5291,73.1463,54.6499,85.1703,47.6182,60.4835,209500.0,544941134500.0,1.0282,674.3612,0.083,0.228,54.6499,55.421,0.4762
2025-02-24,21.4429,78.9579,53.9078,70.7415,50.9536,84.3687,44.0772,56.8673,205000.0,632861035000.0,1.0237,671.325,0.0562,0.2145,50.9536,54.8322,0.4408
2025-02-25,17.8357,78.5571,41.8838,58.7174,47.4941,83.3667,42.7935,51.3889,200500.0,732148406500.0,0.9892,658.3119,0.0295,0.1347,47.4941,53.4198,0.4279
2025-02-26,15.4309,77.5551,45.2906,60.7214,49.5437,82.9659,42.4138,51.9978,203000.0,781499047000.0,0.9564,650.256,0.0387,0.1469,49.5437,53.185,0.4241
2025-02-27,15.2305,77.9559,36.2725,55.7114,46.5681,82.9659,41.8913,49.0768,199200.0,795489064800.0,0.9529,653.5057,0.0162,0.1248,46.5681,53.2807,0.4189
2025-02-28,7.8156,75.5511,16.2325,56.9138,40.3821,53.3066,38.6597,38.3442,190200.0,1052381735400.0,0.8717,591.0187,-0.0315,0.1301,40.3821,41.8232,0.3866
2025-03-04,6.2124,72.5451,11.8236,62.1242,37.9114,47.495,33.4554,35.8034,186100.0,1009509871600.0,0.8399,571.9379,-0.0533,0.1552,37.9114,39.7719,0.3346
2025-03-05,4.2084,68.3367,19.2385,69.5391,44.1897,53.7074,29.3393,38.6195,193100.0,803753260800.0,0.82,553.134,-0.0195,0.2076,44.1897,42.0246,0.2934
2025-03-06,3.006,62.3246,18.2365,70.3407,43.7137,46.0922,29.0331,36.5219,192400.0,488721204400.0,0.7994,528.7643,-0.0243,0.2116,43.7137,39.4267,0.2903
2025-03-07,2.6052,57.9158,17.8357,62.9259,43.7137,41.8838,26.4708,33.8129,192400.0,519593516000.0,0.783,512.0747,-0.0252,0.1668,43.7137,38.3183,0.2647
2025-03-10,2.8056,57.7154,13.8277,51.9038,40.4639,44.489,26.2612,31.4024,187900.0,458753340400.0,0.7862,511.2793,-0.0484,0.1185,40.4639,39.0258,0.2626
2025-03-11,3.4068,58.3166,12.8257,43.2866,40.392,41.0822,27.4289,29.7167,187800.0,661394040000.0,0.793,515.1951,-0.0501,0.0855,40.392,38.2699,0.2743
2025-03-12,4.2084,62.3246,30.8617,66.5331,50.8307,57.7154,30.4292,41.3208,198900.0,808384894200.0,0.8122,529.6413,0.0029,0.1903,50.8307,43.7283,0.3043
2025-03-13,5.2104,64.3287,31.6633,65.5311,51.4901,57.7154,31.1058,41.8489,199700.0,775441690100.0,0.8235,539.3459,0.0039,0.1824,51.4901,43.7283,0.3111
2025-03-14,4.6092,69.1383,42.8858,67.5351,55.3583,50.3006,33.7564,44.457,204500.0,694780979000.0,0.8198,555.433,0.0243,0.2001,55.3583,41.1086,0.3376
2025-03-17,5.01,69.7395,44.0882,67.3347,56.5249,50.3006,34.1074,44.957,206000.0,532443874000.0,0.8204,560.7856,0.0282,0.1991,56.5249,41.1123,0.3411
2025-03-18,5.4108,67.3347,35.4709,60.1202,53.5127,50.501,33.0036,41.5343,203000.0,547326773000.0,0.8216,550.3292,0.0103,0.1528,53.5127,41.1925,0.33
2025-03-19,6.4128,66.1323,40.481,62.9259,55.6345,50.501,33.8535,43.3269,205500.0,637461000000.0,0.8347,546.221,0.0195,0.1709,55.6345,41.4022,0.3385
2025-03-20,5.4108,64.5291,47.495,62.9259,59.2406,45.0902,35.0004,44.1401,210000.0,583706970000.0,0.823,543.1536,0.0379,0.1712,59.2406,39.4998,0.35
2025-03-21,7.2144,71.5431,58.1162,62.7255,63.1799,43.2866,31.3599,46.7835,215500.0,1235220140000.0,0.8565,568.2334,0.0615,0.1712,63.1799,39.1993,0.3136
2025-03-24,6.4128,70.3407,49.499,59.3186,58.734,45.0902,35.876,44.8119,211500.0,340734960000.0,0.8452,564.6103,0.0406,0.1526,58.734,39.5684,0.3588
2025-03-25,6.012,69.9399,42.2846,65.7315,55.0816,43.2866,28.6526,42.5115,208000.0,470632448000.0,0.8356,564.2079,0.0221,0.1886,55.0816,39.2333,0.2865
2025-03-26,3.6072,65.5311,53.3066,79.7595,59.7073,44.2886,28.7257,46.6423,214000.0,440527560000.0,0.8197,546.5573,0.0496,0.27,59.7073,39.4261,0.2873
2025-03-27,2.6052,61.3226,36.8737,70.9419,52.867,50.3006,29.2212,41.754,207000.0,473454540000.0,0.8016,533.5698,0.0151,0.2205,52.867,41.3083,0.2922
2025-03-28,1.8036,58.517,19.4389,64.5291,46.5496,55.7114,32.961,37.6452,199300.0,532839112900.0,0.7863,523.7621,-0.0223,0.1828,46.5496,43.0364,0.3296
2025-03-31,0.6012,59.3186,10.4208,50.1002,40.6998,55.1102,38.8663,33.7877,190700.0,869919050500.0,0.7737,527.4233,-0.0642,0.1211,40.6998,42.7393,0.3887
2025-04-01,0.2004,53.7074,16.2325,53.1062,46.0486,56.513,39.8438,35.6716,197000.0,456498841000.0,0.7413,506.4658,-0.0334,0.1289,46.0486,43.3858,0.3984
2025-04-02,0.0,53.3066,17.4349,55.7114,46.787,50.9018,40.971,35.634,197900.0,547039731700.0,0.727,499.2979,-0.029,0.138,46.787,41.4939,0.4097
2025-04-03,0.4008,57.1142,14.6293,55.3106,44.388,52.3046,53.0706,37.2391,194600.0,812989566200.0,0.7493,520.8193,-0.0437,0.1367,44.388,41.96,0.5307
2025-04-04,3.2064,69.7395,7.2144,21.6433,36.7607,73.9479,61.9896,36.211,182200.0,1672963497400.0,0.816,563.1239,-0.1018,0.0016,36.7607,48.133,0.6199
2025-04-07,7.6152,75.1503,2.6052,5.01,29.1828,89.3788,53.8257,34.3288,164800.0,1298467440000.0,0.8636,590.1095,-0.1838,-0.1752,29.1828,59.0277,0.5383
2025-04-08,8.016,75.3507,3.8076,6.4128,33.1891,91.1824,53.0929,35.4211,169500.0,841596484500.0,0.8757,590.5329,-0.1565,-0.1308,33.1891,60.2787,0.5309
2025-04-09,10.4208,75.9519,3.006,5.8116,31.3598,85.3707,48.6696,33.8733,165000.0,1325887035000.0,0.9056,597.6838,-0.1739,-0.1525,31.3598,55.9495,0.4867
2025-04-10,14.6293,76.3527,9.6192,8.016,44.6479,95.1904,40.2498,37.7367,183200.0,1435735468800.0,0.9415,610.7865,-0.0794,-0.1063,44.6479,69.0108,0.4025
2025-04-11,13.4269,75.9519,9.018,7.6152,43.4533,94.5892,38.8732,36.9198,180800.0,582851288000.0,0.9347,607.1636,-0.0878,-0.1115,43.4533,68.2601,0.3887
2025-04-14,14.2285,75.7515,9.018,11.2224,43.1425,94.3888,38.48,37.4409,180200.0,624608158800.0,0.9396,606.8623,-0.0891,-0.0726,43.1425,68.086,0.3848
2025-04-15,12.6253,75.3507,9.6192,11.2224,43.4329,94.3888,38.7226,37.3461,180600.0,345931173000.0,0.9296,600.5531,-0.0861,-0.0738,43.4329,68.0873,0.3872
2025-04-16,12.6253,75.3507,6.2124,7.014,39.8184,94.99,38.1344,35.6739,174000.0,510416472000.0,0.924,600.6726,-0.118,-0.1221,39.8184,68.6069,0.3813
2025-04-17,12.6253,74.3487,7.6152,5.4108,40.6246,93.5872,37.8307,35.4385,175000.0,523161275000.0,0.9225,591.6975,-0.1107,-0.1667,40.6246,67.9131,0.3783
2025-04-18,7.8156,66.5331,8.016,4.8096,40.6246,92.5852,37.815,33.7728,175000.0,228401600000.0,0.8641,557.0566,-0.1082,-0.1841,40.6246,66.7576,0.3782
2025-04-21,8.016,65.9319,8.8176,5.6112,42.0649,92.5852,38.6266,34.2891,176600.0,331561731800.0,0.8646,554.8199,-0.0976,-0.167,42.0649,67.0278,0.3863
2025-04-22,7.4148,64.5291,8.016,4.6092,40.226,92.3848,38.7394,33.5509,173800.0,349057834400.0,0.8576,552.5281,-0.1097,-0.2028,40.226,67.0176,0.3874
2025-04-23,8.6172,67.7355,11.6232,4.8096,46.681,93.7876,40.4986,35.9232,181000.0,698184513000.0,0.8734,562.1978,-0.071,-0.1973,46.681,68.0486,0.405
2025-04-24,9.2184,70.5411,10.8216,5.2104,44.7302,92.5852,41.0249,35.8973,178300.0,563812414800.0,0.879,570.6876,-0.0829,-0.1877,44.7302,67.4697,0.4102
2025-04-25,10.02,72.9459,15.2305,6.6132,49.8311,93.5872,41.399,38.0667,184400.0,646840164000.0,0.8852,581.6867,-0.0492,-0.1656,49.8311,67.9658,0.414
2025-04-28,7.8156,66.3327,13.6273,11.022,47.9558,91.1824,40.1567,36.6808,182000.0,446939220000.0,0.8615,560.7766,-0.0589,-0.0863,47.9558,66.4051,0.4016
2025-04-29,7.2144,63.3267,13.0261,15.8317,47.0034,90.3808,39.5086,36.5785,180800.0,337442588800.0,0.8562,550.4476,-0.062,-0.0529,47.0034,65.1226,0.3951
2025-04-30,6.6132,61.7234,11.6232,13.4269,44.3922,90.3808,37.0809,35.0615,177500.0,417918957500.0,0.8497,546.3886,-0.076,-0.0712,44.3922,65.2192,0.3708
2025-05-02,6.6132,58.1162,19.8397,14.8297,51.817,92.5852,34.6393,37.2614,186000.0,722958564000.0,0.8467,536.4856,-0.0285,-0.0644,51.817,67.6105,0.3464
2025-05-07,2.2044,49.2986,29.8597,15.2305,55.4357,88.978,27.7977,36.577,190800.0,730782507600.0,0.7904,506.1169,-0.0012,-0.0624,55.4357,63.8887,0.278
2025-05-08,0.6012,48.6974,29.6593,15.2305,54.9725,76.3527,9.3462,31.5284,190300.0,975350299000.0,0.7696,497.8895,-0.0018,-0.0626,54.9725,51.2182,0.0935
2025-05-09,0.4008,47.495,29.8597,19.2385,54.7754,75.5511,1.2574,30.6661,190100.0,482820162200.0,0.7488,484.6886,-0.0013,-0.0404,54.7754,50.6813,0.0126
2025-05-12,0.0,45.0902,43.487,22.0441,58.6844,73.1463,11.3762,35.0598,195000.0,316852380000.0,0.6892,454.4864,0.025,-0.0235,58.6844,49.6049,0.1138
2025-05-13,0.0,41.8838,50.3006,25.4509,61.2602,27.8557,12.2101,30.202,198500.0,671924286500.0,0.6435,433.0689,0.0439,-0.002,61.2602,34.5393,0.1221
2025-05-14,0.2004,42.485,65.9319,23.6473,66.1327,30.4609,37.2277,37.7786,206000.0,686703266000.0,0.6493,434.9867,0.0826,-0.012,66.1327,35.8061,0.3723
2025-05-15,0.4008,43.8878,54.3086,18.0361,60.1573,35.2705,36.4608,34.7915,200500.0,637380878500.0,0.65,441.1126,0.0525,-0.0452,60.1573,37.6177,0.3646
2025-05-16,0.6012,45.0902,61.7234,20.0401,62.7905,35.8717,36.7828,37.1271,204500.0,494789181500.0,0.6593,455.6797,0.0715,-0.0354,62.7905,37.9384,0.3678
2025-05-19,0.6012,46.2926,49.6994,16.8337,57.5665,31.4629,35.138,32.9312,199400.0,495044996200.0,0.6581,468.6079,0.044,-0.0505,57.5665,36.3236,0.3514
2025-05-20,1.002,47.0942,56.1122,12.2244,59.4201,31.6633,31.2268,33.2914,202000.0,569750292000.0,0.6616,476.8173,0.0566,-0.0755,59.4201,36.3855,0.3123
2025-05-21,1.2024,47.495,51.9038,16.6333,57.85,32.4649,34.5918,33.6491,200500.0,345212880000.0,0.669,485.0659,0.0479,-0.0542,57.85,36.6754,0.3459
2025-05-22,1.4028,47.8958,42.6854,15.8317,54.1519,35.4709,33.0478,31.6048,196900.0,391552780300.0,0.673,490.7552,0.0281,-0.0601,54.1519,37.7072,0.3305
2025-05-23,1.4028,47.495,48.8978,22.0441,56.7178,33.2665,33.307,33.7039,200000.0,307740200000.0,0.6712,486.9741,0.0429,-0.0244,56.7178,36.9877,0.3331
2025-05-26,0.2004,46.2926,56.513,27.6553,59.1031,27.8557,33.0221,35.1522,203000.0,296379391000.0,0.6474,476.5924,0.0581,0.0125,59.1031,34.9634,0.3302
2025-05-27,0.0,44.6894,54.509,25.0501,58.5242,26.0521,30.8233,33.512,202500.0,288545490000.0,0.6312,463.8868,0.0552,-0.0025,58.5242,34.251,0.3082
2025-05-28,0.2004,44.489,66.3327,32.2645,62.8363,24.6493,31.9993,37.3661,208000.0,657527104000.0,0.6329,463.2147,0.0835,0.0442,62.8363,33.6084,0.32
2025-05-29,1.2024,46.6934,76.3527,49.0982,65.6347,23.8477,38.1164,43.3431,212000.0,811470068000.0,0.6545,478.3063,0.1036,0.1146,65.6347,33.1161,0.3812
2025-05-30,2.8056,49.499,58.517,44.8898,56.9724,30.2605,40.0557,40.0523,204500.0,987045426000.0,0.6934,507.1812,0.0644,0.0989,56.9724,36.2865,0.4006
2025-06-02,2.8056,50.7014,64.3287,38.6774,59.287,27.8557,38.3888,40.0237,207500.0,368468540000.0,0.6907,513.5646,0.0798,0.0746,59.287,35.1956,0.3839
2025-06-04,3.2064,57.515,82.7655,54.3086,65.8764,27.8557,44.6999,48.4029,217500.0,1111136595000.0,0.7134,534.754,0.131,0.1305,65.8764,35.2386,0.447
2025-06-05,3.8076,65.5311,90.5812,61.1222,69.5871,28.6573,44.859,52.395,224500.0,1295029597000.0,0.7467,556.7042,0.1663,0.1668,69.5871,35.7159,0.4486
2025-06-09,3.6072,59.519,93.988,70.5411,71.7164,28.4569,46.7646,54.3266,229000.0,839533236000.0,0.7381,542.6041,0.1875,0.2187,71.7164,35.7089,0.4676
2025-06-10,4.6092,64.5291,94.7896,72.5451,72.4098,27.6553,40.5231,54.4517,230500.0,857149977500.0,0.7614,554.263,0.1925,0.2274,72.4098,35.5196,0.4052
2025-06-11,7.2144,72.9459,99.1984,68.1363,76.3624,32.6653,37.0652,56.5327,240000.0,1015301040000.0,0.8019,583.4107,0.2383,0.2066,76.3624,36.7754,0.3707
2025-06-12,9.8196,72.3447,97.1944,63.5271,71.1619,36.4729,26.4579,54.2312,235500.0,1176143049000.0,0.8304,580.4834,0.2115,0.1793,71.1619,38.0808,0.2646
2025-06-13,11.022,63.1263,96.3928,57.9158,71.1619,31.4629,28.1407,51.9886,235500.0,965693655000.0,0.8454,553.1313,0.207,0.1516,71.1619,36.6425,0.2814
2025-06-16,13.2265,56.9138,99.7996,66.9339,76.3505,34.8697,30.5293,55.1203,248000.0,932663520000.0,0.8641,538.1228,0.2637,0.2039,76.3505,37.6736,0.3053
2025-06-17,16.8337,54.7094,99.5992,72.3447,76.7115,34.2685,31.1239,56.2476,249000.0,1256122581000.0,0.9075,530.261,0.2621,0.2266,76.7115,37.582,0.3112
2025-06-18,20.2405,54.9098,98.998,65.9319,73.6834,28.6573,30.5946,54.4726,246500.0,1005966746500.0,0.9356,531.4546,0.2433,0.1995,73.6834,36.0582,0.3059
2025-06-19,20.2405,53.9078,97.996,61.523,73.0622,29.4589,30.7075,53.5857,246000.0,570177816000.0,0.9354,529.6273,0.2344,0.1714,73.0622,36.32,0.3071
2025-06-20,22.8457,57.9158,100.0,65.3307,77.5469,34.2685,25.7259,55.7719,257000.0,924654389000.0,0.9708,540.3986,0.2799,0.1926,77.5469,37.6082,0.2573
2025-06-23,25.0501,57.3146,100.0,72.7455,78.426,27.6553,26.3967,56.3512,259500.0,881971992000.0,0.9986,539.5214,0.2803,0.227,78.426,35.8693,0.264
2025-06-24,30.0601,67.7355,100.0,92.1844,83.6616,45.2906,32.1298,65.0894,278500.0,1514012892000.0,1.067,566.4275,0.3594,0.3389,83.6616,41.1687,0.3213
2025-06-25,38.0762,73.3467,100.0,91.7836,85.1896,45.6914,30.7466,66.7983,286000.0,1563447028000.0,1.1371,588.1114,0.3797,0.3364,85.1896,41.3146,0.3075
2025-06-26,49.6994,76.5531,100.0,98.1964,86.4621,44.489,29.8543,69.6374,293000.0,1726947860000.0,1.2205,621.4564,0.3987,0.4155,86.4621,40.7159,0.2985
2025-06-27,53.507,77.1543,99.3988,99.1984,77.2696,54.1082,34.7621,71.5585,284000.0,1458301092000.0,1.2639,644.1436,0.3425,0.425,77.2696,44.1984,0.3476
2025-06-30,55.3106,77.9559,99.5992,100.0,79.3693,55.3106,32.2432,72.082,292000.0,1277587016000.0,1.2868,654.1826,0.3659,0.5312,79.3693,44.3977,0.3224
2025-07-01,55.7114,76.9539,98.998,98.998,73.4339,49.2986,33.9671,70.5346,285500.0,1052918575500.0,1.2888,649.0985,0.3225,0.4492,73.4339,42.5176,0.3397
2025-07-02,62.3246,77.3547,98.5972,97.1944,67.9607,55.9118,26.4423,70.532,279000.0,1311873624000.0,1.3418,652.5282,0.2799,0.4098,67.9607,44.7991,0.2644
2025-07-03,61.523,76.3527,98.1964,98.998,67.5436,51.503,23.9236,69.4211,278500.0,1014335990000.0,1.3341,643.7913,0.2656,0.4311,67.5436,43.4696,0.2392
2025-07-04,58.517,75.7515,95.7916,99.5992,61.0848,57.515,23.9758,68.783,270500.0,988659376500.0,1.3155,634.5917,0.2187,0.4846,61.0848,45.2116,0.2398
2025-07-07,57.515,75.9519,95.5912,100.0,61.3337,57.1142,28.1459,69.2631,271000.0,683885844000.0,1.3091,638.0689,0.2107,0.6444,61.3337,45.1071,0.2815
2025-07-08,58.3166,75.1503,97.5952,100.0,66.4213,64.1283,24.3144,70.6901,282000.0,879669390000.0,1.3129,623.2304,0.2477,0.6637,66.4213,46.4473,0.2431
2025-07-09,56.7134,73.5471,96.3928,100.0,65.5766,57.515,21.9904,68.6238,281000.0,738042004000.0,1.2995,600.7788,0.2324,0.703,65.5766,45.2481,0.2199
2025-07-10,57.515,74.1483,98.7976,99.3988,71.7642,66.5331,23.871,71.4485,297000.0,1353151305000.0,1.3072,608.7158,0.2892,0.6212,71.7642,47.0591,0.2387
2025-07-11,58.517,75.3507,97.996,99.3988,69.6573,67.7355,24.5716,71.6334,294500.0,1099230968500.0,1.3117,633.6723,0.2662,0.6289,69.6573,47.4297,0.2457
2025-07-14,57.515,76.5531,97.996,99.7996,71.6306,55.9118,23.6929,69.9555,300000.0,881092800000.0,1.3057,645.4191,0.2769,0.6648,71.6306,45.0711,0.2369
2025-07-15,57.1142,78.9579,96.994,99.3988,70.288,57.7154,24.1098,70.0741,298500.0,1252564506000.0,1.3012,673.1841,0.2579,0.6528,70.288,45.3306,0.2411
2025-07-16,56.3126,78.5571,95.992,99.7996,68.0005,56.7134,24.0689,69.3883,296000.0,924495912000.0,1.2955,671.1196,0.235,0.7011,68.0005,45.2403,0.2407
2025-07-17,70.5411,80.9619,77.5551,98.3968,49.5803,83.5671,22.3171,69.7886,269500.0,2513982779000.0,1.4044,728.7006,0.1167,0.54,49.5803,58.1355,0.2232
2025-07-18,73.5471,82.3647,76.3527,98.1964,49.3089,82.1643,22.6369,69.9196,269000.0,1441706576000.0,1.4314,749.1606,0.1074,0.5371,49.3089,56.2831,0.2264
2025-07-21,72.3447,83.1663,77.7555,98.3968,51.3178,82.1643,23.236,70.4208,272500.0,660782797500.0,1.4177,760.5512,0.1143,0.543,51.3178,56.3515,0.2324
2025-07-22,68.7375,82.3647,70.1403,98.3968,48.9311,74.1483,26.9907,67.3986,268500.0,843051873000.0,1.3806,753.6641,0.0909,0.5449,48.9311,50.49,0.2699
2025-07-23,63.7275,80.1603,67.3347,97.1944,49.2488,71.5431,21.4711,64.4983,269000.0,838279051000.0,1.3369,727.9604,0.0864,0.4862,49.2488,49.3964,0.2147
2025-07-24,56.513,79.7595,64.5291,97.3948,49.5866,68.7375,20.3761,62.2936,269500.0,988295308000.0,1.2956,705.8863,0.0823,0.5115,49.5866,48.3886,0.2038
2025-07-25,51.9038,77.9559,56.9138,96.1924,47.2176,66.5331,20.6151,59.1868,266000.0,577502758000.0,1.2476,676.2065,0.0631,0.4425,47.2176,47.4652,0.2062
2025-07-28,48.8978,76.5531,47.0942,95.992,44.5953,60.9218,19.1095,55.2718,262000.0,753867534000.0,1.217,655.6928,0.042,0.4396,44.5953,46.1686,0.1911
2025-07-29,47.2946,76.7535,44.8898,96.3928,45.0064,58.9178,20.9072,54.6808,262500.0,772846462500.0,1.2015,658.7855,0.0392,0.4519,45.0064,45.7817,0.2091
2025-07-30,43.8878,76.7535,43.8878,96.5932,45.8715,55.7114,18.6383,53.2647,263500.0,654219644500.0,1.1667,659.752,0.0379,0.4845,45.8715,45.3061,0.1864
2025-07-31,44.2886,76.1523,60.521,96.3928,53.7131,66.5331,10.6294,57.7673,273500.0,949768134000.0,1.168,656.0042,0.0712,0.4704,53.7131,47.4945,0.1063
2025-08-01,42.6854,74.5491,30.8617,89.5792,43.2535,75.3507,19.3539,51.998,258000.0,832667652000.0,1.1594,650.9769,0.006,0.3522,43.2535,50.8118,0.1935
2025-08-04,42.2846,74.5491,29.2585,89.5792,43.2535,75.1503,18.2504,51.4216,258000.0,588641964000.0,1.158,651.6185,0.0012,0.3558,43.2535,50.7957,0.1825
2025-08-05,39.479,77.5551,36.6733,92.986,47.4636,70.3407,20.0053,53.2582,263500.0,558138058500.0,1.1426,673.4245,0.0175,0.3861,47.4636,49.14,0.2001
2025-08-06,36.6733,78.3567,26.4529,86.9739,44.2495,71.3427,20.4888,49.873,258500.0,355323501500.0,1.1233,683.1834,-0.006,0.3256,44.2495,49.458,0.2049
2025-08-07,33.4669,78.1563,30.0601,86.7735,46.9573,50.9018,18.7764,47.0112,262000.0,713802756000.0,1.0939,680.8216,0.0028,0.3199,46.9573,44.7803,0.1878
2025-08-08,30.8617,77.3547,21.8437,74.7495,43.3908,52.7054,19.8317,43.1655,256500.0,686438631000.0,1.0742,675.0164,-0.0219,0.2451,43.3908,45.0909,0.1983
2025-08-11,29.4589,77.7555,35.6713,87.976,51.0365,65.1303,20.2626,50.4376,267000.0,644931291000.0,1.0607,677.4654,0.0139,0.3317,51.0365,47.3051,0.2026
2025-08-12,28.0561,75.9519,36.8737,85.9719,52.3565,65.9319,21.6229,50.443,269000.0,809326312000.0,1.0347,664.4287,0.0166,0.3154,52.3565,47.5403,0.2162
2025-08-13,28.6573,78.3567,50.501,92.986,57.8615,70.9419,20.0714,55.6205,278000.0,965408932000.0,1.0387,683.5802,0.045,0.3942,57.8615,49.3968,0.2007
2025-08-14,19.2385,68.7375,44.6894,90.7816,56.6859,23.0461,22.5558,44.8235,276500.0,580940325000.0,0.9246,604.8876,0.0348,0.3688,56.6859,36.0409,0.2256
2025-08-18,14.2285,63.5271,28.0561,87.7756,50.1076,29.6593,22.1945,40.0534,267500.0,533186350000.0,0.8767,573.7458,-0.0021,0.3342,50.1076,38.0509,0.2219
2025-08-19,13.6273,62.1242,22.0441,87.976,47.1606,30.2605,22.2023,38.4472,263000.0,449636898000.0,0.8701,569.9669,-0.0214,0.3357,47.1606,38.1542,0.222
2025-08-20,14.6293,64.1283,15.2305,79.3587,42.6576,33.2665,19.5567,35.7464,255500.0,912529747500.0,0.878,576.2785,-0.0511,0.2775,42.6576,39.1123,0.1956
2025-08-21,19.4389,71.1423,9.8196,68.3367,37.2895,40.481,19.8208,35.0187,245000.0,1543776850000.0,0.9222,637.2999,-0.0904,0.2069,37.2895,41.4885,0.1982
2025-08-22,18.0361,71.9439,13.0261,74.7495,41.7968,44.0882,21.7023,37.7657,251000.0,769079562000.0,0.9091,644.6806,-0.0692,0.2395,41.7968,42.6949,0.217
2025-08-25,20.4409,76.1523,18.2365,75.9519,47.5484,50.1002,21.1113,41.158,259500.0,826172485500.0,0.9248,671.5026,-0.0394,0.2476,47.5484,44.461,0.2111
2025-08-26,18.6373,77.5551,19.4389,73.7475,48.8297,48.6974,24.2404,41.3246,261500.0,536238437500.0,0.9124,679.4255,-0.0329,0.2335,48.8297,44.2514,0.2424
2025-08-27,18.2365,78.5571,18.4369,79.7595,47.8849,49.0982,25.4664,42.2157,260000.0,728414440000.0,0.9098,687.1555,-0.0393,0.2714,47.8849,44.2889,0.2547
2025-08-28,21.4429,79.7595,26.2525,84.3687,53.3887,57.9158,36.3065,48.5704,268500.0,1029972444000.0,0.9323,708.1979,-0.0095,0.294,53.3887,45.7724,0.3631
2025-08-29,18.0361,79.9599,26.6533,74.5491,53.6985,47.0942,36.7943,45.1675,269000.0,508982163000.0,0.9089,720.4582,-0.0093,0.2368,53.6985,43.7272,0.3679
2025-09-01,15.8317,80.3607,14.6293,55.511,45.274,43.0862,36.4606,38.1227,256000.0,470285824000.0,0.8876,730.2082,-0.0571,0.1403,45.274,42.2785,0.3646
2025-09-02,14.8297,79.5591,18.4369,54.9098,48.2977,44.6894,27.1065,37.7034,260500.0,412816955000.0,0.8785,718.8888,-0.0406,0.1376,48.2977,42.7496,0.2711
2025-09-03,15.8317,79.1583,20.4409,55.511,49.6298,42.8858,27.1816,38.1785,262500.0,639947700000.0,0.8847,715.9315,-0.0321,0.1388,49.6298,42.152,0.2718
2025-09-04,17.0341,80.7615,24.4489,45.2906,51.6424,41.2826,34.1302,38.7908,265500.0,581434114500.0,0.8989,732.2511,-0.0196,0.1062,51.6424,41.7205,0.3413
2025-09-05,18.2365,81.5631,37.2745,60.1202,56.6201,44.8898,31.7588,44.524,273500.0,848787284500.0,0.9072,739.8087,0.0114,0.1614,56.6201,42.7317,0.3176
2025-09-08,17.4349,79.7595,43.2866,63.1263,58.6266,42.2846,33.8655,46.0026,277000.0,559068823000.0,0.9007,729.4754,0.0249,0.1762,58.6266,41.9616,0.3387
2025-09-09,23.4469,81.5631,60.9218,59.9198,64.227,41.8838,35.7716,50.9167,288000.0,1197602496000.0,0.9345,740.396,0.0659,0.1613,64.227,41.8285,0.3577
2025-09-10,26.8537,82.3647,81.5631,72.1443,70.4853,57.515,35.6462,60.4215,304000.0,1600728112000.0,0.9812,754.1889,0.1236,0.2209,70.4853,45.4836,0.3565
2025-09-11,30.4609,83.3667,82.5651,76.5531,71.4923,51.9038,35.9419,61.2279,307000.0,1580463016000.0,1.0188,768.0702,0.1323,0.2454,71.4923,44.4052,0.3594
2025-09-12,34.6693,84.5691,93.5872,89.5792,77.4346,70.9419,36.2385,69.6321,328500.0,1393666506000.0,1.0663,802.5602,0.2072,0.3354,77.4346,49.4367,0.3624
2025-09-15,41.8838,86.3727,94.3888,82.7655,78.0086,62.9259,31.3651,68.1569,331000.0,1397235736000.0,1.1157,833.1149,0.211,0.2879,78.0086,46.9302,0.3137
2025-09-16,53.1062,88.5772,97.5952,90.1804,81.462,66.1323,30.668,72.536,348000.0,2032714980000.0,1.2051,885.8358,0.2661,0.341,81.462,47.7256,0.3067
2025-09-17,56.1122,89.1784,93.3868,65.3307,71.1929,71.5431,29.8701,68.1429,333500.0,1500371811000.0,1.2416,909.7523,0.2088,0.1975,71.1929,49.5615,0.2987
2025-09-18,55.511,88.3768,97.7956,74.1483,75.6402,64.3287,29.9599,69.553,353000.0,1597778958000.0,1.2403,892.6904,0.2728,0.2343,75.6402,47.2997,0.2996
2025-09-19,59.3186,88.978,97.5952,66.9339,75.6402,65.5311,25.4168,68.5609,353000.0,1548096679000.0,1.2818,908.9707,0.2677,0.2048,75.6402,47.6753,0.2542
2025-09-22,65.5311,90.1804,96.1924,74.1483,74.2762,66.3327,23.5267,70.1149,351000.0,1536524613000.0,1.3198,928.0047,0.2554,0.2359,74.2762,47.9204,0.2353
2025-09-23,70.7415,92.5852,98.5972,74.1483,76.5529,66.5331,23.7129,71.9036,361000.0,1196836296000.0,1.3569,947.5497,0.2856,0.2363,76.5529,48.0486,0.2371
2025-09-24,74.5491,94.3888,97.3948,76.7535,74.0816,67.1343,27.1877,73.1697,357500.0,1489058642500.0,1.3964,975.6832,0.2678,0.2522,74.0816,48.3097,0.2719
2025-09-25,73.7475,93.7876,95.992,80.3607,73.353,67.1343,31.6209,73.842,356500.0,765838647500.0,1.3851,963.747,0.2588,0.2778,73.353,48.3447,0.3162
2025-09-26,77.3547,93.988,88.7776,67.5351,60.5302,79.1583,35.1627,72.0889,336500.0,1240111526000.0,1.4267,971.2099,0.1826,0.2083,60.5302,54.5838,0.3516
2025-09-29,79.5591,92.986,93.5872,83.1663,64.6853,72.7455,36.2161,75.2376,349000.0,794319114000.0,1.4569,960.3747,0.2197,0.2902,64.6853,50.2589,0.3622
2025-09-30,80.7615,91.1824,91.5832,80.5611,63.8171,74.5491,36.3418,74.6486,347500.0,777918365000.0,1.4816,944.0566,0.2081,0.2823,63.8171,50.7379,0.3634
2025-10-01,82.3647,90.1804,95.1904,79.5591,67.7069,75.3507,41.4657,76.6378,360000.0,1008877320000.0,1.5021,935.2525,0.2437,0.2766,67.7069,51.1986,0.4147
2025-10-02,88.978,95.992,99.1984,94.1884,75.6975,83.5671,38.9868,82.8667,395500.0,2938866766500.0,1.6269,1005.2183,0.3545,0.4075,75.6975,58.1856,0.3899
2025-10-10,94.99,99.1984,100.0,95.3908,80.4636,88.1764,32.7887,84.6681,428000.0,2925744656000.0,1.734,1065.3574,0.45,0.4411,80.4636,61.7998,0.3279
2025-10-13,95.992,99.7996,99.5992,93.988,74.1956,89.1784,30.6281,83.7873,415000.0,1807961610000.0,1.8077,1100.467,0.3919,0.4092,74.1956,64.5764,0.3063
2025-10-14,96.1924,98.998,99.1984,92.1844,72.5568,89.3788,35.6373,84.0041,411500.0,1687674662500.0,1.8333,1072.322,0.3665,0.3717,72.5568,64.9445,0.3564
2025-10-15,95.5912,97.996,99.3988,94.1884,74.4657,88.3768,37.5777,84.486,422500.0,1135688027500.0,1.8031,1051.8829,0.3882,0.4154,74.4657,63.6265,0.3758
2025-10-16,95.7916,97.7956,100.0,97.3948,78.7972,90.7816,38.5213,86.0327,452500.0,1922190135000.0,1.8138,1049.1206,0.4686,0.5287,78.7972,66.1826,0.3852
2025-10-17,96.1924,98.7976,100.0,100.0,80.3526,88.1764,39.6117,86.5121,465500.0,2114106886500.0,1.8434,1071.7898,0.4922,0.7273,80.3526,63.8054,0.3961
2025-10-20,96.1924,98.5972,100.0,100.0,82.4817,88.3768,38.8247,86.617,485500.0,1618609906500.0,1.8486,1069.3567,0.5339,0.8048,82.4817,64.272,0.3882
2025-10-21,95.7916,97.1944,99.7996,99.7996,79.4676,88.1764,40.1008,86.2064,479000.0,1976764982000.0,1.8345,1045.7873,0.4925,0.7578,79.4676,64.175,0.401
2025-10-22,96.1924,95.1904,99.3988,99.7996,79.7738,86.1723,39.496,85.6252,481500.0,1863537894000.0,1.8497,1017.24,0.4802,0.7933,79.7738,60.5331,0.395
2025-10-23,95.7916,94.7896,98.998,99.5992,78.2657,84.1683,35.0496,84.2964,478500.0,1714940650500.0,1.8474,1012.1096,0.4514,0.7788,78.2657,59.3465,0.3505
2025-10-24,96.1924,94.99,99.7996,100.0,82.0935,86.3727,37.1324,85.6229,510000.0,2169643020000.0,1.8698,1016.3049,0.524,0.8924,82.0935,61.4568,0.3713
2025-10-27,96.1924,92.986,100.0,100.0,84.4362,86.5731,35.4581,85.4758,535000.0,1808958585000.0,1.8766,991.134,0.5725,1.0113,84.4362,61.6128,0.3546
2025-10-28,97.3948,96.1924,99.3988,99.7996,78.2612,87.5752,38.2567,85.7791,521000.0,2948343168000.0,1.9581,1031.7703,0.5088,0.9885,78.2612,63.7983,0.3826
2025-10-29,97.996,96.3928,100.0,100.0,82.0065,89.98,37.0773,86.5979,558000.0,2680091298000.0,2.0081,1039.1135,0.5894,1.1257,82.0065,65.2686,0.3708
2025-10-30,98.5972,97.996,100.0,100.0,82.8657,88.5772,34.9947,86.4115,568000.0,2776645848000.0,2.1041,1057.5795,0.5916,1.1556,82.8657,64.6263,0.3499
2025-10-31,98.7976,98.3968,99.3988,99.5992,79.2002,82.9659,30.112,84.3607,559000.0,1873661231000.0,2.126,1065.5791,0.5419,1.0439,79.2002,59.1498,0.3011
2025-11-03,100.0,100.0,100.0,100.0,84.2768,89.98,32.0488,86.732,620000.0,3587975960000.0,2.2509,1125.1877,0.6776,1.4031,84.2768,65.2949,0.3205
2025-11-04,100.0,100.0,99.1984,99.7996,73.5077,96.3928,41.3316,87.819,586000.0,3498284634000.0,2.3717,1201.0964,0.5583,1.2713,73.5077,71.147,0.4133
2025-11-05,100.0,100.0,98.3968,99.5992,71.4824,96.994,36.6697,86.817,579000.0,5197232538000.0,2.5539,1291.5685,0.5137,1.1973,71.4824,72.3101,0.3667
2025-11-06,99.7996,99.7996,98.3968,99.7996,73.0799,91.3828,37.3292,86.214,593000.0,3155497692000.0,2.5433,1287.7935,0.5226,1.294,73.0799,67.3861,0.3733
2025-11-07,99.5992,99.5992,96.994,99.3988,69.2033,88.978,41.7429,85.7369,580000.0,2777850260000.0,2.5147,1283.1896,0.4645,1.2137,69.2033,65.2256,0.4174
2025-11-10,99.7996,100.0,97.7956,99.7996,72.3611,85.7715,46.6769,86.6024,606000.0,2965548870000.0,2.5517,1316.7202,0.5038,1.3626,72.3611,63.6015,0.4668
2025-11-11,100.0,100.0,97.996,99.5992,73.8073,85.3707,42.246,86.0623,619000.0,3409883443000.0,2.6113,1402.277,0.5093,1.3184,73.8073,62.7729,0.4225
2025-11-12,100.0,100.0,96.7936,99.1984,73.173,85.5711,41.1224,85.5598,617000.0,1747025628000.0,2.6329,1442.711,0.4787,1.2937,73.173,63.2779,0.4112
2025-11-13,100.0,100.0,95.7916,98.5972,71.5181,83.5671,43.5625,85.1692,612000.0,2371831092000.0,2.6371,1458.8594,0.4429,1.2014,71.5181,61.1154,0.4356
2025-11-14,100.0,100.0,93.5872,97.5952,57.0641,95.992,41.6827,84.7143,560000.0,3235889440000.0,2.6663,1489.0469,0.3024,1.0253,57.0641,71.081,0.4168
2025-11-17,100.0,100.0,94.99,98.7976,63.9961,96.994,42.2428,86.1028,606000.0,2709393882000.0,2.699,1526.1804,0.3869,1.2654,63.9961,74.4644,0.4224
2025-11-18,99.7996,100.0,92.986,97.996,56.331,98.998,46.0359,85.6547,570000.0,2020302870000.0,2.6869,1560.2221,0.2862,1.1673,56.331,78.3814,0.4604
2025-11-19,100.0,100.0,89.5792,98.1964,54.7613,98.998,46.2988,84.9159,562000.0,2545711632000.0,2.6996,1625.8274,0.2513,1.1996,54.7613,78.7952,0.463
2025-11-20,100.0,100.0,89.5792,99.5992,56.2387,98.7976,43.9797,84.8962,571000.0,2666705327000.0,2.7243,1662.9768,0.2543,1.3306,56.2387,78.666,0.4398
2025-11-21,100.0,100.0,73.3467,96.994,47.0465,100.0,40.9108,80.0597,521000.0,3462936952000.0,2.7554,1724.3785,0.1321,1.0757,47.0465,83.4695,0.4091
2025-11-24,100.0,100.0,69.9399,96.1924,46.8814,99.3988,43.8072,79.5859,520000.0,3327564240000.0,2.8003,1805.4753,0.1181,1.0039,46.8814,81.6183,0.4381
2025-11-25,99.5992,99.7996,67.1343,95.7916,46.705,98.998,43.185,78.7134,519000.0,1928982870000.0,2.7379,1805.1997,0.105,0.9847,46.705,81.0805,0.4318
2025-11-26,99.1984,100.0,67.1343,96.3928,47.7636,97.1944,41.138,78.2918,524000.0,2686753932000.0,2.7218,1847.7636,0.1053,1.0154,47.7636,77.0442,0.4114
2025-11-27,98.3968,100.0,73.7475,96.5932,51.881,97.5952,41.1127,79.9923,544000.0,1987826048000.0,2.6725,1900.6314,0.1361,1.0261,51.881,78.0635,0.4111
2025-11-28,97.996,100.0,63.5271,95.1904,48.9712,97.996,41.5404,77.5109,530000.0,1420473140000.0,2.6439,1932.2778,0.0976,0.9703,48.9712,78.3822,0.4154
2025-12-01,96.7936,99.7996,66.5331,96.994,50.6737,91.5832,43.6463,77.7065,538000.0,1686470752000.0,2.5458,1921.9425,0.1047,1.1016,50.6737,68.0896,0.4365
2025-12-02,96.1924,99.3988,73.5471,97.1944,54.7392,88.7776,39.3352,78.3482,558000.0,1499111640000.0,2.445,1882.9473,0.136,1.142,54.7392,67.1459,0.3934
2025-12-03,95.7916,98.998,68.1363,96.7936,53.3194,88.5772,34.3899,76.1918,552000.0,1427813688000.0,2.2639,1827.0476,0.1139,1.1029,53.3194,67.1244,0.3439
2025-12-04,95.1904,98.3968,58.3166,95.992,50.9475,87.7756,36.5119,73.9182,542000.0,1549201310000.0,2.1828,1786.2758,0.0854,1.0414,50.9475,66.6018,0.3651
2025-12-05,93.988,97.996,55.9118,94.7896,51.4131,87.1743,38.8149,73.3383,544000.0,1743483552000.0,2.1277,1716.8515,0.0812,0.989,51.4131,66.3237,0.3881
2025-12-08,93.1864,97.7956,73.7475,96.3928,58.4242,90.3808,40.7193,78.4734,577000.0,2474425841000.0,2.0889,1682.447,0.1365,1.083,58.4242,67.9344,0.4072
2025-12-09,91.984,97.1944,66.3327,93.7876,55.5469,89.1784,35.7457,75.145,566000.0,1353404484000.0,1.9913,1600.6346,0.1059,0.9653,55.5469,67.5817,0.3575
2025-12-10,92.1844,97.3948,73.9479,93.5872,59.6341,92.5852,38.5322,78.0258,587000.0,2339830721000.0,2.0078,1626.6778,0.1368,0.9309,59.6341,69.1273,0.3853
2025-12-11,91.7836,96.7936,57.515,93.1864,54.0295,92.986,38.1268,73.9977,565000.0,2272377455000.0,1.9924,1596.7378,0.0854,0.8404,54.0295,70.2671,0.3813
2025-12-12,89.98,96.1924,58.517,92.1844,55.2643,81.1623,36.2112,71.7798,571000.0,1510950508000.0,1.9084,1525.1072,0.0871,0.7382,55.2643,62.82,0.3621
2025-12-15,88.3768,95.7916,44.2886,91.3828,51.0778,72.7455,39.3695,67.3258,554000.0,1375097250000.0,1.8441,1476.7354,0.0466,0.6737,51.0778,56.4808,0.3937
2025-12-16,87.5752,95.3908,26.2525,88.7776,45.8026,69.3387,38.0478,61.9307,530000.0,1742638940000.0,1.8266,1454.7378,-0.0056,0.523,45.8026,54.5071,0.3805
2025-12-17,86.5731,94.99,37.2745,90.5812,50.6093,72.5451,30.0435,63.9763,551000.0,1483636926000.0,1.775,1410.2975,0.0265,0.6522,50.6093,56.3676,0.3004
2025-12-18,85.1703,94.5892,36.2725,89.7796,50.8329,71.5431,30.3681,63.3259,552000.0,1633400568000.0,1.7236,1332.4215,0.0224,0.5637,50.8329,56.0291,0.3037
2025-12-19,81.1623,93.5872,30.2605,89.5792,49.6232,42.2846,31.8377,57.1027,547000.0,1881682735000.0,1.6478,1254.6653,0.0086,0.5496,49.6232,45.0367,0.3184
2025-12-22,74.7495,93.3868,49.2986,90.5812,56.9118,58.7174,27.3649,62.6015,580000.0,1669509120000.0,1.5683,1204.5629,0.063,0.6524,56.9118,49.1893,0.2736
2025-12-23,72.1443,92.986,49.6994,89.5792,57.7105,58.1162,23.8924,61.5693,584000.0,1174533792000.0,1.5309,1159.0724,0.0636,0.6177,57.7105,49.1132,0.2389
2025-12-24,70.3407,92.1844,50.3006,90.1804,58.5381,57.7154,24.2657,61.5077,588000.0,1270489836000.0,1.4664,1100.2117,0.0645,0.6448,58.5381,49.0955,0.2427
2025-12-26,70.7415,91.7836,53.9078,91.3828,60.8096,54.1082,24.1058,62.0916,599000.0,2541885252000.0,1.4808,1080.138,0.0787,0.6802,60.8096,47.9206,0.2411
2025-12-29,71.9439,91.5832,75.9519,93.3868,67.8744,64.9299,24.2228,69.3086,640000.0,2672736640000.0,1.5242,1079.7714,0.1453,0.9019,67.8744,51.1199,0.2422
2025-12-30,74.1483,91.7836,78.7575,92.986,69.4648,64.9299,24.5768,70.3725,651000.0,2665586553000.0,1.5553,1091.156,0.1582,0.8653,69.4648,51.1548,0.2458
2026-01-02,77.1543,92.5852,83.7675,93.5872,72.8821,65.5311,37.0464,74.2981,677000.0,2831142915000.0,1.5993,1115.2294,0.196,0.9482,72.8821,51.3492,0.3705
2026-01-05,81.3627,92.5852,87.1743,93.3868,75.0771,64.5291,36.1907,75.5215,696000.0,3018907656000.0,1.6547,1125.1596,0.2203,0.9333,75.0771,51.1306,0.3619
2026-01-06,84.9699,92.7856,90.1804,92.1844,78.0924,64.1283,40.8076,77.4374,726000.0,3506779650000.0,1.7214,1153.6211,0.262,0.8357,78.0924,50.951,0.4081
2026-01-07,86.5731,93.1864,91.984,90.982,79.5159,63.9279,39.8303,77.864,742000.0,4224291330000.0,1.803,1204.3217,0.2794,0.7336,79.5159,50.8412,0.3983
2026-01-08,89.1784,93.5872,93.1864,91.984,80.6977,53.7074,41.874,77.5773,756000.0,4911262524000.0,1.8751,1259.0631,0.2937,0.8217,80.6977,48.228,0.4187
2026-01-09,90.5812,94.1884,89.98,91.7836,76.6174,52.7054,39.4893,76.2605,744000.0,3231715032000.0,1.9334,1304.2955,0.2635,0.808,76.6174,47.9483,0.3949
2026-01-12,90.1804,93.7876,90.1804,90.982,77.1361,49.2986,39.0025,75.5479,749000.0,2494014957000.0,1.927,1290.5491,0.2638,0.7728,77.1361,47.2328,0.39
2026-01-13,90.3808,94.1884,87.1743,87.7756,73.2842,38.0762,39.3306,72.5166,738000.0,2783694672000.0,1.9318,1311.4845,0.2382,0.6309,73.2842,44.5775,0.3933
2026-01-14,91.7836,94.5892,86.9739,86.9739,73.7966,38.0762,39.4032,72.6689,742000.0,3624707842000.0,1.995,1338.8177,0.2373,0.594,73.7966,44.6579,0.394
2026-01-15,92.5852,94.1884,87.7756,85.9719,74.7108,28.0561,36.3892,70.8954,749000.0,2249557086000.0,2.02,1320.2034,0.2436,0.5427,74.7108,41.6751,0.3639
2026-01-16,92.7856,92.5852,88.1764,86.7735,75.6265,9.6192,33.4512,67.8509,756000.0,2806518456000.0,2.053,1282.0241,0.2482,0.5783,75.6265,35.4225,0.3345
2026-01-19,92.986,92.3848,88.3768,86.7735,76.6664,8.4168,33.2764,67.7984,764000.0,2591494112000.0,2.0871,1267.7772,0.2537,0.5867,76.6664,34.6023,0.3328
2026-01-20,93.1864,91.7836,84.3687,86.1723,68.4148,16.8337,36.5912,67.8111,743000.0,2052440167000.0,2.0954,1249.9683,0.2133,0.5528,68.4148,37.7194,0.3659
2026-01-21,94.7896,92.1844,81.7635,82.5651,67.3005,15.0301,38.0172,66.8615,740000.0,3780247080000.0,2.1527,1259.8543,0.2021,0.451,67.3005,37.3344,0.3802
2026-01-22,94.99,91.3828,85.1703,80.5611,69.9372,7.014,40.1947,66.58,755000.0,2676708295000.0,2.1818,1240.1365,0.2206,0.4112,69.9372,33.7144,0.4019
2026-01-23,95.3908,91.1824,85.5711,83.1663,71.89,6.8136,42.4572,67.5957,767000.0,2690844624000.0,2.2278,1233.7276,0.2341,0.4722,71.89,33.6414,0.4246
2026-01-26,95.5912,91.1824,78.1563,72.9459,60.8868,20.2405,42.3821,65.5121,736000.0,2306130880000.0,2.2553,1236.8328,0.1797,0.319,60.8868,38.8564,0.4238
2026-01-27,95.7916,92.3848,91.3828,79.7595,70.8174,46.0922,44.1168,74.4608,800000.0,4528158400000.0,2.3039,1269.7351,0.2746,0.4085,70.8174,46.5338,0.4412
2026-01-28,95.992,93.5872,93.5872,83.9679,75.1672,37.2745,46.3605,75.1321,841000.0,5641845977000.0,2.3837,1305.4408,0.328,0.5045,75.1672,44.4508,0.4636
2026-01-29,96.1924,93.988,93.7876,78.3567,76.9705,37.4749,48.1138,74.874,861000.0,5887503363000.0,2.4675,1319.0254,0.3487,0.3887,76.9705,44.5751,0.4811
2026-01-30,97.1944,94.1884,95.5912,85.9719,80.6098,44.2886,43.3563,77.2197,909000.0,7158552255000.0,2.5761,1331.8226,0.409,0.5512,80.6098,46.0045,0.4336
2026-02-02,97.996,94.5892,90.7816,80.9619,62.9719,76.3527,32.7942,77.1281,830000.0,6336378530000.0,2.652,1379.2176,0.2759,0.4335,62.9719,59.0036,0.3279
2026-02-03,98.1964,94.3888,94.5892,84.3687,69.8878,83.1663,32.6092,80.0966,907000.0,4782191966000.0,2.6709,1369.9468,0.38,0.5295,69.8878,64.5457,0.3261
2026-02-04,96.994,92.986,93.3868,85.9719,68.6328,83.7675,30.4521,79.4171,900000.0,3420686700000.0,2.6275,1315.1609,0.3537,0.5517,68.6328,64.7497,0.3045
2026-02-05,96.5932,90.1804,87.1743,77.5551,59.1543,92.7856,34.4949,77.5826,842000.0,4608872240000.0,2.59,1251.3109,0.2544,0.3894,59.1543,70.035,0.3449
2026-02-06,96.7936,89.3788,84.7695,74.1483,58.7027,92.5852,32.3867,76.1491,839000.0,4682940586000.0,2.6231,1235.1825,0.2381,0.3554,58.7027,69.6695,0.3239
2026-02-09,97.5952,88.978,92.1844,80.5611,63.5035,94.7896,31.0786,79.2887,887000.0,3750754008000.0,2.6497,1226.8807,0.295,0.4376,63.5035,71.8647,0.3108
2026-02-10,97.3948,88.1764,89.1784,80.1603,61.7324,94.5892,33.7604,78.7123,876000.0,3014646252000.0,2.6439,1197.4549,0.2667,0.4314,61.7324,71.7699,0.3376
2026-02-11,95.992,87.7756,82.9659,84.3687,59.1484,94.99,32.5171,77.4657,860000.0,2688007400000.0,2.5995,1157.8432,0.2318,0.5357,59.1484,72.4054,0.3252
2026-02-12,96.994,87.7756,87.3747,81.7635,62.1354,94.99,33.2326,78.5131,888000.0,4101977472000.0,2.6383,1159.0296,0.2593,0.4653,62.1354,72.9333,0.3323
2026-02-13,96.3928,86.3727,83.7675,85.1703,60.7682,94.99,33.4932,77.9745,880000.0,3109961360000.0,2.6298,1105.1651,0.2366,0.5439,60.7682,73.1974,0.3349
2026-02-19,95.992,82.7655,85.3707,86.7735,62.3303,94.99,32.4823,78.1194,894000.0,2936887446000.0,2.6247,1052.6269,0.2444,0.5907,62.3303,73.2491,0.3248
2026-02-20,98.3968,77.9559,92.3848,88.7776,67.7611,94.99,32.6342,80.2684,949000.0,4796562017000.0,2.6843,998.2293,0.3061,0.662,67.7611,74.1739,0.3263
2026-02-23,97.3948,70.5411,91.7836,91.984,67.9421,94.7896,32.9154,79.7676,951000.0,3351216537000.0,2.6513,929.3562,0.2944,0.8253,67.9421,74.0268,0.3292
2026-02-24,98.1964,67.1343,93.1864,93.1864,72.4408,95.3908,32.1914,80.4395,1005000.0,4122893910000.0,2.6746,878.8318,0.3521,0.9327,72.4408,75.5376,0.3219
2026-02-25,98.1964,65.3307,93.1864,93.5872,73.4083,95.1904,31.3988,80.2671,1018000.0,3524850450000.0,2.6808,838.7844,0.3531,0.9615,73.4083,75.5372,0.314
2026-02-26,99.3988,64.1283,95.5912,96.3928,78.478,95.3908,28.7689,81.3716,1099000.0,4903711624000.0,2.7327,810.8918,0.4412,1.0973,78.478,75.6511,0.2877
2026-02-27,99.7996,62.7255,93.988,93.1864,71.5831,94.3888,27.5024,79.46,1061000.0,6846698782000.0,2.7608,796.4818,0.3735,0.9504,71.5831,74.1787,0.275
2026-03-03,99.3988,61.523,77.1543,89.7796,54.9048,100.0,37.0555,76.0087,939000.0,6402409053000.0,2.7461,775.4051,0.2041,0.7717,54.9048,87.1682,0.3706
2026-03-04,99.5992,60.7214,48.0962,84.7695,46.3292,100.0,33.646,68.0265,849000.0,7856153580000.0,2.7576,761.667,0.0805,0.5781,46.3292,94.6084,0.3365
2026-03-05,97.7956,56.1122,74.3487,88.3768,54.2036,100.0,31.506,73.5531,941000.0,6062353919000.0,2.6895,724.1729,0.1852,0.6864,54.2036,99.7882,0.3151
2026-03-06,93.1864,52.505,68.9379,87.976,52.6659,99.5992,40.497,72.4934,924000.0,3459753528000.0,2.5875,679.8067,0.153,0.6739,52.6659,94.0053,0.405
2026-03-09,93.3868,52.505,34.8697,82.3647,45.4746,99.7996,32.2185,62.9373,836000.0,6064027156000.0,2.5927,680.0784,0.0358,0.5424,45.4746,95.676,0.3222
2026-03-10,93.7876,53.7074,68.5371,88.7776,53.4148,100.0,35.5255,72.1332,938000.0,4975993386000.0,2.6123,687.362,0.151,0.7243,53.4148,104.5773,0.3553
2026-03-11,92.3848,50.9018,71.1423,86.7735,54.6014,99.7996,33.5542,71.6556,955000.0,3739873590000.0,2.5701,674.7839,0.1612,0.6551,54.6014,101.4732,0.3355
2026-03-12,91.3828,49.2986,61.3226,85.5711,52.4842,99.7996,35.3091,69.2522,930000.0,3451920060000.0,2.5213,662.2394,0.1214,0.6431,52.4842,102.0946,0.3531
2026-03-13,90.982,46.2926,51.3026,82.7655,50.7875,99.3988,35.344,66.2421,910000.0,3317042820000.0,2.496,650.7616,0.0888,0.5503,50.7875,100.7047,0.3534
2026-03-16,90.982,45.491,69.7395,88.5772,55.7204,99.7996,36.4205,71.4359,974000.0,3729929104000.0,2.4997,645.6674,0.155,0.7239,55.7204,103.263,0.3642
2026-03-17,90.7816,44.2886,66.1323,87.976,55.347,99.5992,37.1827,70.5209,970000.0,3226452800000.0,2.4994,638.6451,0.1413,0.6988,55.347,102.9511,0.3718
2026-03-18,90.3808,42.8858,80.7615,92.1844,61.3449,100.0,34.3632,74.1146,1056000.0,4591365504000.0,2.4905,630.3442,0.2308,0.9061,61.3449,106.3806,0.3436
2026-03-19,90.1804,42.8858,72.5451,92.1844,57.2073,100.0,32.1734,71.699,1013000.0,3391000279000.0,2.4822,633.5517,0.1715,0.9113,57.2073,107.7168,0.3217
2026-03-20,89.98,42.485,69.7395,90.7816,56.6333,100.0,34.8373,71.1995,1007000.0,3450632522000.0,2.4811,628.8569,0.1562,0.8276,56.6333,107.7589,0.3484
2026-03-23,89.3788,44.2886,44.489,87.1743,49.9733,100.0,36.0783,65.2187,933000.0,3649721529000.0,2.4349,638.8987,0.0662,0.6902,49.9733,109.5623,0.3608
2026-03-24,89.3788,47.8958,60.7214,89.7796,54.1336,100.0,35.7157,69.5783,986000.0,4291221872000.0,2.4417,655.5002,0.1205,0.8026,54.1336,111.3618,0.3572
2026-03-25,88.978,53.1062,62.1242,87.5752,54.8207,99.7996,37.9201,70.3585,995000.0,4441549655000.0,2.4307,683.6671,0.1246,0.7155,54.8207,109.6168,0.3792
2026-03-26,88.978,55.1102,39.6794,82.9659,49.3376,100.0,42.7537,65.5853,933000.0,4348358460000.0,2.4329,708.6985,0.0501,0.5976,49.3376,111.773,0.4275
2026-03-27,88.5772,56.1122,34.4689,81.7635,48.4124,98.7976,44.1346,64.3372,922000.0,4168308524000.0,2.3952,725.3212,0.0337,0.568,48.4124,107.6119,0.4413
2026-03-30,87.7756,55.7114,22.2445,75.9519,44.4168,99.1984,46.3996,60.8605,873000.0,3927192246000.0,2.3028,721.8752,-0.0242,0.4574,44.4168,108.4615,0.464
2026-03-31,87.3747,55.9118,9.018,55.1102,39.6678,97.996,36.431,52.8984,807000.0,5805841257000.0,2.2627,724.2756,-0.0993,0.2609,39.6678,103.463,0.3643
2026-04-01,86.3727,55.511,25.4509,70.1403,47.5388,97.996,49.9477,61.0637,893000.0,5585766794000.0,2.1848,723.9861,-0.0065,0.3717,47.5388,104.1798,0.4995
2026-04-02,84.7695,56.1122,12.024,48.8978,43.1026,96.5932,53.5099,54.8919,830000.0,5085853220000.0,2.1392,726.7778,-0.0781,0.226,43.1026,100.3587,0.5351
2026-04-03,83.7675,55.1102,21.2425,54.9098,46.9922,97.1944,53.5233,57.868,876000.0,2564195664000.0,2.1076,721.9266,-0.0294,0.2586,46.9922,102.4661,0.5352
2026-04-06,81.9639,52.3046,23.6473,47.495,47.8272,95.992,53.1059,56.5262,886000.0,2747476254000.0,2.0149,689.4198,-0.0214,0.2204,47.8272,95.835,0.5311
2026-04-07,79.9599,48.497,28.8577,50.9018,50.3538,94.99,59.1764,58.4108,916000.0,3315854964000.0,1.9621,673.2709,0.0078,0.2345,50.3538,87.1338,0.5918
2026-04-08,81.9639,52.9058,63.7275,68.9379,58.7448,95.992,63.0731,70.4056,1033000.0,6930764748000.0,2.0159,703.0406,0.1296,0.3664,58.7448,97.1022,0.6307
2026-04-09,82.3647,53.507,52.1042,66.9339,55.7114,95.992,61.4425,67.3526,998000.0,5016763366000.0,2.0377,707.607,0.0858,0.3414,55.7114,97.4728,0.6144
2026-04-10,81.9639,52.3046,58.517,69.5391,57.6622,95.7916,60.5996,68.8842,1027000.0,3219563867000.0,2.0244,701.4838,0.1103,0.3712,57.6622,97.3811,0.606
2026-04-13,80.1603,51.7034,60.7214,72.5451,58.5437,94.99,60.3959,69.3827,1040000.0,2880543120000.0,1.9948,692.4144,0.1186,0.4092,58.5437,94.6567,0.604
2026-04-14,81.9639,53.9078,73.5471,77.3547,62.6071,95.3908,58.3931,73.3263,1103000.0,5244263135000.0,2.0262,715.8839,0.1797,0.4865,62.6071,96.62,0.5839
2026-04-15,81.3627,55.1102,77.7555,77.9559,64.5662,94.1884,57.9862,74.2427,1136000.0,4650446608000.0,2.0161,723.4148,0.2079,0.5167,64.5662,92.5621,0.5799
2026-04-16,80.1603,56.7134,80.5611,78.1563,65.6811,93.988,61.2642,75.387,1155000.0,3351023445000.0,2.0073,729.6859,0.2217,0.5278,65.6811,91.0838,0.6126
2026-04-17,80.5611,60.7214,73.9479,76.1523,62.6637,93.988,63.6089,74.2746,1128000.0,4036249080000.0,2.009,763.3323,0.1857,0.4764,62.6637,91.6216,0.6361
2026-04-20,80.7615,61.9238,79.5591,81.7635,65.0942,93.1864,63.1596,76.4443,1166000.0,4370184324000.0,2.0144,782.2183,0.219,0.5693,65.0942,86.7368,0.6316
2026-04-21,79.3587,62.3246,88.3768,84.9699,68.4682,92.986,62.1386,78.6726,1224000.0,4304759040000.0,2.004,792.735,0.271,0.6541,68.4682,86.3162,0.6214
2026-04-22,78.1563,60.7214,85.9719,82.9659,68.3455,92.986,61.5608,77.4514,1223000.0,3540485937000.0,1.9721,773.9356,0.26,0.6199,68.3455,86.414,0.6156
2026-04-23,79.1583,61.523,84.3687,82.3647,68.4672,91.984,60.2508,76.9364,1225000.0,6546241975000.0,2.0011,781.8447,0.2521,0.5971,68.4672,81.9106,0.6025
2026-04-24,78.1563,60.3206,82.5651,85.1703,68.0447,91.5832,52.5045,75.4617,1222000.0,3822241254000.0,1.9805,773.2634,0.2405,0.6603,68.0447,81.5899,0.525
2026-04-27,79.3587,61.1222,91.1824,82.3647,72.3346,90.1804,51.2546,77.0559,1292000.0,5895490316000.0,2.0057,778.7482,0.3006,0.615,72.3346,78.6134,0.5125
2026-04-28,76.7535,57.7154,90.982,79.1583,72.7843,82.1643,46.294,73.9019,1300000.0,3903526900000.0,1.9509,750.9733,0.2972,0.5458,72.7843,69.8354,0.4629
2026-04-29,74.9499,56.7134,88.978,75.7515,71.6863,71.3427,51.474,71.6633,1293000.0,3880561944000.0,1.9002,739.1313,0.2798,0.5017,71.6863,64.1863,0.5147
2026-04-30,73.7475,57.7154,85.7715,70.5411,70.5403,57.9158,38.4071,66.0716,1286000.0,4298251812000.0,1.8694,751.528,0.2628,0.4147,70.5403,55.2354,0.3841
2026-05-04,77.3547,63.1263,95.1904,88.5772,78.8965,70.9419,35.9884,74.1697,1447000.0,8358799527000.0,1.9697,805.3227,0.4056,0.7434,78.8965,64.1208,0.3599
2026-05-06,83.5671,66.3327,98.7976,88.7776,83.6684,81.3627,33.8421,77.8921,1601000.0,10617726334000.0,2.1049,865.468,0.5357,0.7652,83.6684,69.2813,0.3384
2026-05-07,86.3727,69.7395,99.1984,90.982,84.9313,81.1623,36.2932,79.5283,1654000.0,9693462172000.0,2.2071,919.2056,0.5655,0.8378,84.9313,69.2766,0.3629
2026-05-08,86.1723,71.3427,99.3988,94.3888,85.6526,66.7335,26.0508,76.5811,1686000.0,7212854682000.0,2.1887,934.4551,0.5754,1.0024,85.6526,60.4626,0.2605
2026-05-11,87.976,79.3587,100.0,98.3968,89.0691,69.1383,30.2619,79.7087,1880000.0,13974113320000.0,2.3232,1016.213,0.7289,1.2408,89.0691,63.2729,0.3026
2026-05-12,91.3828,86.7735,99.5992,95.5912,84.0684,74.7495,37.2546,81.8507,1835000.0,16809688155000.0,2.5326,1118.2764,0.6649,1.0688,84.0684,66.3176,0.3725
2026-05-13,97.7956,88.7776,100.0,98.3968,86.6059,77.9559,36.8527,84.1885,1976000.0,14082795896000.0,2.6967,1221.9473,0.7636,1.2557,86.6059,67.8663,0.3685
2026-05-14,99.7996,90.7816,99.5992,98.7976,85.9783,79.7595,37.08,84.9113,1970000.0,11898933960000.0,2.7778,1264.1746,0.7265,1.2907,85.9783,68.1871,0.3708
2026-05-15,100.0,93.5872,98.1964,94.99,71.8649,89.5792,41.4826,85.0922,1819000.0,13615638827000.0,2.8923,1330.5232,0.5675,1.0484,71.8649,78.3506,0.4148
2026-05-18,100.0,94.99,97.7956,95.5912,72.54,89.98,41.6059,85.3887,1840000.0,11926158720000.0,3.0037,1422.9816,0.5614,1.0909,72.54,78.4316,0.4161
2026-05-19,100.0,95.5912,94.3888,91.7836,64.9477,91.1824,42.0981,83.6912,1745000.0,7984866975000.0,3.0429,1462.5003,0.4604,0.9519,64.9477,81.3979,0.421
2026-05-20,100.0,95.992,93.3868,89.3788,64.9477,91.7836,41.6786,83.1975,1745000.0,9658789635000.0,3.0972,1518.997,0.4385,0.8388,64.9477,81.6362,0.4168
2026-05-21,100.0,96.5932,98.3968,94.1884,71.9393,92.986,47.2208,86.6919,1940000.0,9887578600000.0,3.1558,1571.1473,0.5733,1.04,71.9393,86.6693,0.4722
2026-05-22,100.0,97.3948,97.1944,90.5812,71.9702,92.7856,49.6083,86.3216,1941000.0,6085403790000.0,3.1766,1627.6268,0.5493,0.9313,71.9702,86.622,0.4961
2026-05-26,100.0,97.7956,98.998,93.5872,75.2285,93.1864,49.9454,87.6098,2052000.0,10062168732000.0,3.1961,1698.8257,0.6091,1.0157,75.2285,86.9666,0.4995
2026-05-27,100.0,98.998,99.3988,94.1884,79.6188,93.5872,48.9751,88.254,2243000.0,16925191269000.0,3.3476,1830.0002,0.7229,1.0409,79.6188,89.0605,0.4898
2026-05-28,100.0,99.5992,99.3988,96.7936,80.5145,93.3868,49.6854,88.871,2289000.0,14259323211000.0,3.4257,1909.5374,0.7234,1.1574,80.5145,88.6102,0.4969
2026-05-29,100.0,100.0,98.998,100.0,81.3584,93.1864,48.9379,89.2541,2333000.0,19872524329000.0,3.5995,2084.11,0.7212,1.4846,81.3584,88.2955,0.4894
2026-06-01,100.0,100.0,98.7976,100.0,81.933,92.986,52.5146,89.7779,2363000.0,13239645611000.0,3.6899,2156.315,0.7103,1.7833,81.933,87.5826,0.5251
2026-06-02,100.0,100.0,98.3968,99.7996,81.6619,92.7856,53.6264,89.7773,2360000.0,13775829760000.0,3.7769,2223.2708,0.6755,1.508,81.6619,87.3707,0.5363
2026-06-04,99.7996,100.0,97.7956,99.5992,76.0616,90.7816,54.4897,88.8658,2298000.0,9056571966000.0,3.7466,2277.7055,0.6021,1.487,76.0616,83.1135,0.5449
2026-06-05,99.5992,100.0,91.3828,99.1984,59.8161,93.5872,63.6902,87.6694,2070000.0,11962014570000.0,3.7136,2370.5966,0.4206,1.4761,59.8161,89.3332,0.6369
2026-06-08,99.3988,100.0,86.3727,92.5852,51.5476,94.7896,59.6728,84.3963,1911000.0,12633301863000.0,3.7026,2456.278,0.2951,1.0373,51.5476,94.7963,0.5967
2026-06-09,99.5992,100.0,92.986,98.3968,62.2827,98.3968,57.6346,87.9296,2215000.0,13019856385000.0,3.7346,2521.8586,0.4767,1.3194,62.2827,107.1102,0.5763
2026-06-10,98.7976,100.0,87.5752,96.3928,55.0651,97.996,57.0132,85.5515,2048000.0,10093094912000.0,3.6365,2537.8904,0.3453,1.2022,55.0651,105.6389,0.5701
2026-06-11,98.3968,100.0,88.5772,97.996,56.777,97.7956,55.5706,85.857,2101000.0,13920753275000.0,3.54,2618.2273,0.3591,1.3088,56.777,105.3346,0.5557
2026-06-12,98.1964,100.0,89.1784,96.1924,58.3566,96.5932,55.2746,85.6098,2150000.0,11365794400000.0,3.4565,2639.6767,0.3682,1.2074,58.3566,102.5343,0.5527
2026-06-15,97.7956,100.0,91.1824,98.5972,62.5119,97.3948,57.1134,87.1228,2288000.0,8861218080000.0,3.3829,2675.783,0.4291,1.3588,62.5119,104.5183,0.5711
2026-06-16,97.3948,99.7996,92.3848,96.3928,65.0688,95.1904,53.6607,86.3596,2382000.0,8681125158000.0,3.2852,2665.8538,0.4606,1.2557,65.0688,99.8094,0.5366
2026-06-17,97.1944,99.3988,94.5892,99.5992,68.491,95.5912,55.2003,87.8446,2521000.0,10033605210000.0,3.2252,2620.1368,0.5144,1.4886,68.491,100.9738,0.552
2026-06-18,97.1944,100.0,97.1944,99.7996,71.9792,94.5892,55.06,88.6333,2685000.0,15596534025000.0,3.2774,2683.4924,0.5787,1.6663,71.9792,98.8732,0.5506
2026-06-19,97.5952,100.0,97.3948,100.0,73.501,94.3888,54.9725,88.8725,2764000.0,20669730980000.0,3.356,2771.8964,0.59,1.9625,73.501,98.5704,0.5497
2026-06-22,97.5952,100.0,97.996,99.7996,76.2288,92.3848,54.1755,88.8153,2919000.0,15119821605000.0,3.3757,2873.9057,0.6413,1.9604,76.2288,94.4376,0.5418
2026-06-23,98.1964,100.0,89.7796,99.1984,60.4827,99.1984,61.3162,87.6906,2555000.0,20568605925000.0,3.4948,3016.8878,0.4125,1.5678,60.4827,108.9824,0.6132
2026-06-24,98.3968,100.0,89.1784,99.3988,61.0774,98.7976,58.4296,87.1968,2580000.0,19318823280000.0,3.5471,3142.8828,0.4018,1.7653,61.0774,107.8556,0.5843
2026-06-25,97.996,100.0,95.1904,100.0,68.0558,99.7996,59.3676,89.4181,2917000.0,19808918201000.0,3.5174,3212.1811,0.553,2.1638,68.0558,111.6742,0.5937
2026-06-26,97.996,100.0,88.7776,99.7996,59.7087,100.0,63.0558,87.8541,2673000.0,19960606116000.0,3.5219,3319.3184,0.3988,2.0619,59.7087,117.1616,0.6306
2026-06-29,96.994,100.0,85.7715,100.0,58.2887,100.0,60.1179,86.55,2628000.0,13712346864000.0,3.4027,3369.3525,0.3536,2.2565,58.2887,117.3988,0.6012
2026-06-30,96.3928,100.0,84.7695,99.3988,58.8045,99.7996,59.5369,86.1036,2650000.0,13539414450000.0,3.3652,3446.3116,0.344,1.9675,58.8045,117.3752,0.5954
2026-07-01,95.7916,100.0,81.5631,99.5992,55.7665,100.0,61.225,85.3816,2560000.0,10949826560000.0,3.2997,3483.3236,0.2801,2.0843,55.7665,118.2299,0.6122
2026-07-02,95.7916,100.0,45.0902,97.5952,45.3169,100.0,64.4834,77.2302,2187000.0,16809093918000.0,3.343,3576.5701,0.0821,1.4966,45.3169,131.1528,0.6448
2026-07-03,96.3928,100.0,64.7295,98.1964,51.5547,99.7996,64.5333,81.9397,2425000.0,19363416450000.0,3.3733,3669.4872,0.1851,1.737,51.5547,130.4545,0.6453
2026-07-06,95.3908,99.7996,57.515,97.5952,49.4612,99.5992,63.5077,79.843,2343000.0,9923448480000.0,3.3173,3625.3484,0.1327,1.5579,49.4612,127.3531,0.6351
2026-07-07,94.99,99.5992,38.8778,91.1824,45.9793,99.3988,61.7276,74.4282,2201000.0,13978980195000.0,3.2907,3622.7814,0.054,1.1307,45.9793,118.8358,0.6173
2026-07-08,94.99,99.7996,25.2505,89.7796,43.1028,98.5972,61.7109,71.102,2076000.0,13871674224000.0,3.2958,3668.2693,-0.0139,1.0802,43.1028,117.3005,0.6171
