date,turnover,vol_share,extension,momentum,rsi,volatility,basket_corr,score,close,dollar_vol,raw_turnover_ratio,raw_vol_share,raw_extension,raw_momentum_60d,raw_rsi14,raw_realized_vol20,raw_basket_corr
2022-01-03,,,,,,,,,78600.0,1061266003200.0,,,,,,,
2022-01-04,,,,,100.0,,,,78700.0,978037639200.0,,,,,100.0,,
2022-01-05,,,,,50.0,,,,77400.0,1971427536000.0,,,,,50.0,,
2022-01-06,,,,,41.4216,,,,76900.0,994467262600.0,,,,,41.4216,,
2022-01-07,,,,,61.3941,,,,78300.0,1187322173100.0,,,,,61.3941,,
2022-01-10,,,,,56.9159,,,,78000.0,775898916000.0,,,,,56.9159,,
2022-01-11,,,,,65.1327,,,,78900.0,1043146604700.0,,,,,65.1327,,
2022-01-12,,,,,65.1327,,,,78900.0,867939607800.0,,,,,65.1327,,
2022-01-13,,,,,52.2835,,,,77900.0,1081984337900.0,,,,,52.2835,,
2022-01-14,,,,,46.3723,,,,77300.0,780476842500.0,,,,,46.3723,,
2022-01-17,,,,,48.4639,,,,77500.0,680846955000.0,,,,,48.4639,,
2022-01-18,,,,,43.8584,,,,77000.0,738644676000.0,,,,,43.8584,,
2022-01-19,,,,,38.3621,,,,76300.0,808649527000.0,,,,,38.3621,,
2022-01-20,,,,,40.6506,,,,76500.0,742674852000.0,,,,,40.6506,,
2022-01-21,,,,,34.4518,,,,75600.0,1192581532800.0,,,,,34.4518,,
2022-01-24,,,,,31.5714,,,,75100.0,1028204163400.0,,,,,31.5714,,
2022-01-25,,,,,26.3516,,,,74000.0,1314736096000.0,,,,,26.3516,,
2022-01-26,,,,,23.6697,,,,73300.0,951194309000.0,,,,,23.6697,,
2022-01-27,,,,,18.0252,,,,71300.0,1588191600100.0,,,,,18.0252,,
2022-01-28,,,,,34.7758,,,,73300.0,1566233865100.0,,680.4591,,,34.7758,,
2022-02-03,,,,,34.7758,,42.5026,,73300.0,1300688049300.0,,690.7907,,,34.7758,19.7243,0.425
2022-02-04,,,,,39.7714,,22.0334,,74000.0,942022516000.0,,698.2025,,,39.7714,20.1988,0.2203
2022-02-07,,,,,35.579,,20.692,,73000.0,1039581174000.0,,694.5388,,,35.579,19.9543,0.2069
2022-02-08,,,,,39.0392,,23.3026,,73500.0,862644951000.0,,708.1313,,,39.0392,20.1975,0.233
2022-02-09,,,,,46.4704,,28.0101,,74700.0,724524413400.0,,695.049,,,46.4704,19.9605,0.2801
2022-02-10,,,,,50.278,,27.3649,,75400.0,1338050888200.0,,714.1736,,,50.278,20.3734,0.2736
2022-02-11,,,,,47.6697,,27.9895,,74900.0,914184984300.0,,718.0954,,,47.6697,19.8283,0.2799
2022-02-14,,,,,42.0336,,27.9034,,73700.0,1031302893500.0,,720.7252,,,42.0336,20.3687,0.279
2022-02-15,,,,,42.0336,,22.7304,,73700.0,686910900500.0,,712.2743,,,42.0336,20.0938,0.2273
2022-02-16,,,,,48.5061,,23.7121,,74800.0,805400472800.0,,723.4278,,,48.5061,20.9319,0.2371
2022-02-17,,,,,49.6079,,22.7449,,75000.0,1020403650000.0,,736.5216,,,49.6079,20.9342,0.2274
2022-02-18,,,,,45.9058,,21.1569,,74300.0,752081391800.0,,741.7108,,,45.9058,21.0483,0.2116
2022-02-21,,,,,45.3847,,21.1918,,74200.0,778337001400.0,,739.5374,,,45.3847,20.8685,0.2119
2022-02-22,,,,,41.3419,,22.2872,,73400.0,858227224600.0,,727.4202,,,41.3419,21.071,0.2229
2022-02-23,,,,,39.4496,,22.4437,,73000.0,759051372000.0,,713.3682,,,39.4496,20.799,0.2244
2022-02-24,,,,,33.2953,,16.5633,,71500.0,1126788734500.0,,689.4007,,,33.2953,21.8185,0.1656
2022-02-25,,,,,36.1556,,23.3996,,71900.0,946813999600.0,,676.0877,,,36.1556,21.4897,0.234
2022-02-28,,,,,37.5965,,27.3253,,72100.0,1282066554300.0,,678.6626,,,37.5965,21.3199,0.2733
2022-03-02,,,,,35.8537,,29.9415,,71700.0,894918531000.0,,652.1981,,,35.8537,18.9404,0.2994
2022-03-03,,,,,44.2091,,29.2746,,72900.0,964659310200.0,,621.2362,,,44.2091,17.14,0.2927
2022-03-04,,,,,37.9916,,38.7829,,71500.0,958788831000.0,,592.7018,,,37.9916,18.4323,0.3878
2022-03-07,,,,,32.9943,,49.2017,,70100.0,1305061373800.0,,603.4349,,,32.9943,19.0865,0.492
2022-03-08,,,,,31.1059,,44.744,,69500.0,1100064695500.0,,600.2159,,,31.1059,18.7876,0.4474
2022-03-10,,,,,41.3487,,39.8464,,71200.0,1506538457600.0,,618.3861,,,41.3487,20.822,0.3985
2022-03-11,,,,,37.15,,40.5746,,70000.0,1105135850000.0,,618.1414,,,37.15,20.3909,0.4057
2022-03-14,,,,,38.275,,37.3343,,70200.0,634677708600.0,,591.6276,,,38.275,19.9868,0.3733
2022-03-15,,,,,35.8559,,34.2079,,69500.0,712970059000.0,,580.8404,,,35.8559,20.0911,0.3421
2022-03-16,,,,,41.0176,,40.8821,,70400.0,716372800000.0,,566.346,,,41.0176,20.3525,0.4088
2022-03-17,,,,,45.2361,,42.9372,,71200.0,1256417628000.0,,585.2406,,,45.2361,20.9088,0.4294
2022-03-18,,,,,43.1584,,47.0772,,70700.0,1018789686600.0,,581.3402,-0.0462,,43.1584,20.0369,0.4708
2022-03-21,,,,,39.9934,,46.046,,69900.0,780713239800.0,,579.8851,-0.0547,,39.9934,20.1468,0.4605
2022-03-22,,,,,42.2729,,47.6862,,70300.0,661007419800.0,,578.6019,-0.0472,,42.2729,20.2763,0.4769
2022-03-23,,,,,43.4301,,46.5798,,70500.0,874060762500.0,,563.6613,-0.0427,,43.4301,20.3695,0.4658
2022-03-24,,,,,40.3793,,43.8396,,69800.0,2648446318600.0,,600.4166,-0.0503,,40.3793,20.3253,0.4384
2022-03-25,,,,,40.3793,,43.1712,,69800.0,906423498000.0,,601.4724,-0.0481,,40.3793,20.3127,0.4317
2022-03-28,,,,,39.9147,,44.2086,,69700.0,879564443300.0,,600.5571,-0.0473,,39.9147,19.0976,0.4421
2022-03-29,,,,,43.4197,,44.8339,,70200.0,960771801600.0,,597.0783,-0.0382,,43.4197,19.1802,0.4483
2022-03-30,,,,,41.8426,,43.8009,,69900.0,885646071300.0,,575.3193,-0.04,,41.8426,19.1499,0.438
2022-03-31,,,,,40.2674,,45.6456,,69600.0,870721473600.0,,552.9933,-0.0419,,40.2674,19.1201,0.4565
2022-04-01,,,,,37.7188,,47.9653,,69100.0,1099854058600.0,1.0225,529.9165,-0.0466,,37.7188,17.9663,0.4797
2022-04-04,,,,,39.3718,,45.438,,69300.0,769777816500.0,1.0174,515.3939,-0.0417,-0.1183,39.3718,16.9278,0.4544
2022-04-05,,,,,38.817,,43.0598,,69200.0,585933561600.0,0.9888,463.7996,-0.041,-0.1207,38.817,15.5027,0.4306
2022-04-06,,,,,35.09,,43.9624,,68500.0,1062935598000.0,0.9861,440.4605,-0.0487,-0.115,35.09,15.6191,0.4396
2022-04-07,,,,,32.6765,,52.1388,,68000.0,1406466236000.0,0.9752,428.3259,-0.0534,-0.1157,32.6765,12.6882,0.5214
2022-04-08,,,,,31.7362,,49.3214,,67800.0,1047726349800.0,0.972,423.0686,-0.0541,-0.1341,31.7362,11.4491,0.4932
2022-04-11,,,,,32.7778,,50.4446,,67900.0,832707606500.0,0.9844,424.4319,-0.0508,-0.1295,32.7778,11.3883,0.5044
2022-04-12,,,,,28.555,,56.1658,,67000.0,932934063000.0,0.9964,422.474,-0.0615,-0.1508,28.555,11.7663,0.5617
2022-04-13,,,,,43.3906,,47.1488,,68700.0,1193911125300.0,1.0173,432.1582,-0.0365,-0.1293,43.3906,14.3073,0.4715
2022-04-14,,,,,37.4751,,49.7167,,67500.0,1107640845000.0,1.0087,426.0547,-0.0523,-0.1335,37.4751,14.6296,0.4972
2022-04-15,,,,,33.7578,,50.0036,,66600.0,877549239000.0,1.0037,422.0111,-0.0632,-0.1384,33.7578,15.0517,0.5
2022-04-18,,,,,34.5349,,53.4424,,66700.0,674950840100.0,1.0033,407.9076,-0.06,-0.1394,34.5349,14.7912,0.5344
2022-04-19,,,,,39.1471,,57.6116,,67300.0,872169908200.0,1.0156,395.5096,-0.0498,-0.126,39.1471,15.0681,0.5761
2022-04-20,,,,,39.907,,56.3584,,67400.0,1125127948200.0,1.0265,383.3066,-0.0469,-0.1166,39.907,15.0158,0.5636
2022-04-21,,,,,42.2374,,55.8933,,67700.0,869772229600.0,0.9402,349.7032,-0.041,-0.115,42.2374,14.9032,0.5589
2022-04-22,,,,,38.487,,66.4089,,67000.0,790029026000.0,0.9371,336.9432,-0.0489,-0.1138,38.487,15.2153,0.6641
2022-04-25,,,,,35.1279,,63.3769,,66300.0,730392226200.0,0.9331,330.6784,-0.0564,-0.1172,35.1279,15.5046,0.6338
2022-04-26,,,,,34.2092,,57.2083,,66100.0,855791610300.0,0.9296,326.6969,-0.0569,-0.1068,34.2092,15.0796,0.5721
2022-04-27,,,,,29.6208,,48.343,,65000.0,1177935460000.0,0.9421,328.8145,-0.0703,-0.1132,29.6208,15.8525,0.4834
2022-04-28,,,,,28.8628,,48.7563,,64800.0,1094830149600.0,0.9521,335.301,-0.0708,-0.0912,28.8628,15.8516,0.4876
2022-04-29,,,,,47.6265,,42.8359,,67400.0,1765232286000.0,0.976,352.8505,-0.0314,-0.0805,47.6265,21.8949,0.4284
2022-05-02,,,,,47.1118,,40.2299,,67300.0,949346183200.0,0.9856,359.0867,-0.0307,-0.0819,47.1118,21.8403,0.4023
2022-05-03,,,,,48.3149,,33.3592,,67500.0,956399062500.0,1.0046,379.8587,-0.0259,-0.0878,48.3149,21.8969,0.3336
2022-05-04,,,,,50.7289,,32.3201,,67900.0,781206339200.0,0.9934,377.788,-0.0184,-0.0699,50.7289,21.7712,0.3232
2022-05-06,,,,,43.1351,,33.0002,,66500.0,954684374000.0,0.9717,363.5587,-0.0367,-0.0952,43.1351,22.8396,0.33
2022-05-09,,,,,41.2358,,33.9989,,66100.0,783862449600.0,0.9611,360.202,-0.0406,-0.1151,41.2358,22.8987,0.34
2022-05-10,,,,,39.369,,33.1022,,65700.0,1132379248500.0,0.9745,364.5302,-0.0448,-0.1286,39.369,22.9353,0.331
2022-05-11,,,,,39.369,,32.7481,,65700.0,810141444000.0,0.9706,366.0652,-0.043,-0.1228,39.369,22.5181,0.3275
2022-05-12,,,,,35.6277,,31.4826,,64900.0,1065280801200.0,0.9636,361.5872,-0.0527,-0.1194,35.6277,20.6101,0.3148
2022-05-13,,,,,46.5649,,38.7734,,66500.0,967677144000.0,0.957,357.3347,-0.0279,-0.0977,46.5649,21.9602,0.3877
2022-05-16,,,,,45.5237,,33.0944,,66300.0,791459896500.0,0.955,354.7103,-0.0289,-0.1136,45.5237,21.4686,0.3309
2022-05-17,,,,,52.8964,,38.5254,,67600.0,1059998217200.0,0.9736,365.0298,-0.0087,-0.0987,52.8964,22.5733,0.3853
2022-05-18,,,,,55.3968,,35.3223,,68100.0,1122718323900.0,0.9848,377.7117,-0.0008,-0.0834,55.3968,22.5031,0.3532
2022-05-19,,,,,51.8406,,37.6207,,67500.0,1152476572500.0,0.9846,400.9197,-0.009,-0.0903,51.8406,22.7463,0.3762
2022-05-20,,,,,54.464,,36.5501,,68000.0,823457628000.0,0.9842,406.0794,-0.0008,-0.0736,54.464,22.8448,0.3655
2022-05-23,,,,,53.8324,,34.431,,67900.0,929149575200.0,0.9919,423.2701,-0.0016,-0.0699,53.8324,22.5121,0.3443
2022-05-24,,,,,45.8211,,39.8587,,66500.0,1029591304000.0,1.0065,434.1263,-0.0211,-0.0699,45.8211,23.4703,0.3986
2022-05-25,,,,,45.3025,,43.7355,,66400.0,1005992536000.0,1.014,442.1956,-0.0217,-0.0765,45.3025,23.4493,0.4374
2022-05-26,,,,,42.7002,,39.8282,,65900.0,1052481651000.0,1.0072,451.9742,-0.0278,-0.086,42.7002,22.7811,0.3983
2022-05-27,,,,,46.6598,,42.1922,,66500.0,758469407500.0,0.9929,452.9593,-0.0176,-0.0725,46.6598,22.922,0.4219
2022-05-30,,,,,53.5704,,42.116,,67700.0,965096266800.0,0.9534,448.7823,0.001,-0.0713,53.5704,19.1546,0.4212
2022-05-31,,,,,51.7648,,47.2915,,67400.0,1642201134800.0,0.9817,471.0932,-0.0027,-0.0573,51.7648,19.2182,0.4729
2022-06-02,,,,,47.7229,,51.2779,,66700.0,997794848100.0,0.9839,483.255,-0.012,-0.0485,47.7229,19.5371,0.5128
2022-06-03,,,,,48.3434,,50.6055,,66800.0,549288584400.0,0.9767,497.743,-0.0094,-0.0388,48.3434,19.4046,0.5061
2022-06-07,,,,,41.4546,,48.0084,,65500.0,1267801952500.0,0.9898,534.9048,-0.0274,-0.0801,41.4546,19.2469,0.4801
2022-06-08,,,,,40.4984,,45.0627,,65300.0,815151654000.0,0.9931,547.7684,-0.0291,-0.0671,40.4984,19.1676,0.4506
2022-06-09,,,,,40.0016,,45.4245,,65200.0,1681555270000.0,1.014,563.56,-0.0293,-0.0712,40.0016,19.0635,0.4542
2022-06-10,,,,,33.7581,,48.974,,63800.0,1415948617600.0,1.0401,578.3441,-0.0483,-0.082,33.7581,20.5081,0.4897
2022-06-13,,,,,28.0358,,57.0494,,62100.0,1376000373600.0,1.0519,597.3814,-0.0715,-0.1179,28.0358,22.1411,0.5705
2022-06-14,,,,,27.4463,,57.6452,,61900.0,1523137336100.0,1.0743,619.434,-0.0724,-0.1306,27.4463,19.7931,0.5765
2022-06-15,,,,,24.1636,,48.7471,,60700.0,1627441296800.0,1.1093,648.0985,-0.0881,-0.1414,24.1636,20.587,0.4875
2022-06-16,,,,,25.7574,,45.7492,,60900.0,1424749105500.0,1.1231,674.9185,-0.0827,-0.1288,25.7574,18.832,0.4575
2022-06-17,,,,,22.9061,,34.7498,,59800.0,1737396310000.0,1.1459,708.007,-0.0968,-0.1494,22.9061,18.7544,0.3475
2022-06-20,,,,,20.4662,,34.8274,,58700.0,2002333662200.0,1.1772,740.8023,-0.1107,-0.1674,20.4662,19.2272,0.3483
2022-06-21,,,,,20.048,,38.8179,,58500.0,1471164376500.0,1.2038,779.9708,-0.1112,-0.1619,20.048,18.5266,0.3882
2022-06-22,,,,,18.2419,,38.7562,,57600.0,1344077971200.0,1.2206,804.1618,-0.1222,-0.1748,18.2419,18.5881,0.3876
2022-06-23,,,,,17.8569,,39.9667,,57400.0,1626636099200.0,1.2432,835.4922,-0.1224,-0.1765,17.8569,18.0395,0.3997
2022-06-24,,,,,26.2392,,45.69,,58400.0,1358156415200.0,1.2567,855.2839,-0.1048,-0.1681,26.2392,19.975,0.4569
2022-06-27,,,,,29.3451,,44.7792,,58800.0,1065587476800.0,1.2573,864.8755,-0.0959,-0.1588,29.3451,20.5115,0.4478
2022-06-28,,,,,33.8448,,42.4335,,59400.0,804307957200.0,1.262,871.7425,-0.0844,-0.1466,33.8448,20.6188,0.4243
2022-06-29,,,,,29.1757,,50.8143,,58000.0,851274004000.0,1.2587,875.1814,-0.1036,-0.1606,29.1757,19.5989,0.5081
2022-06-30,,,,,26.3766,,44.9281,,57000.0,1078163094000.0,1.2318,873.9276,-0.1164,-0.1775,26.3766,19.848,0.4493
2022-07-01,,,,,24.3629,,47.0272,,56200.0,1403993851400.0,1.2476,892.7892,-0.1258,-0.1879,24.3629,19.9419,0.4703
2022-07-04,,,,,30.7666,,47.2489,,57100.0,1016786894600.0,1.2701,921.8432,-0.1089,-0.1664,30.7666,21.4983,0.4725
2022-07-05,,,,,31.461,,53.1987,,57200.0,813186030800.0,1.251,925.924,-0.1044,-0.1588,31.461,21.2804,0.532
2022-07-06,,,,,28.9588,,55.2116,,56400.0,948674000400.0,1.2583,949.6345,-0.114,-0.1681,28.9588,21.3847,0.5521
2022-07-07,,,,,40.4374,,63.527,,58200.0,1240988880600.0,1.2357,981.0616,-0.0834,-0.1429,40.4374,25.3915,0.6353
2022-07-08,,,,,43.1836,,66.3751,,58700.0,900415207700.0,1.2128,995.8244,-0.0734,-0.1239,43.1836,25.1288,0.6638
2022-07-11,,,,,43.7422,,66.2786,,58800.0,766906291200.0,1.1865,1002.1931,-0.07,-0.1441,43.7422,23.693,0.6628
2022-07-12,,,,,40.7236,,63.1888,,58100.0,542425144100.0,1.1443,994.5986,-0.0791,-0.1393,40.7236,23.9198,0.6319
2022-07-13,,,,,40.2958,,56.7162,,58000.0,628796270000.0,1.1001,995.6576,-0.0779,-0.1291,40.2958,23.1216,0.5672
2022-07-14,,,,,38.1384,,56.8709,,57500.0,866353190000.0,1.0748,998.3157,-0.083,-0.1379,38.1384,23.1292,0.5687
2022-07-15,,,,,51.9814,,63.8005,,60000.0,1121134980000.0,1.0448,1006.9312,-0.0409,-0.1085,51.9814,27.4398,0.638
2022-07-18,,,,,59.4147,,65.1052,,61900.0,1289532802300.0,1.0089,1004.0063,-0.0086,-0.0816,59.4147,28.5923,0.6511
2022-07-19,,,,,54.6221,,61.8684,,60900.0,928619094900.0,0.9839,994.8155,-0.0228,-0.1004,54.6221,29.3108,0.6187
2022-07-20,,,,,52.7879,,61.4252,,60500.0,1015325399000.0,0.9684,1000.7408,-0.0275,-0.097,52.7879,28.7702,0.6143
2022-07-21,,,,,57.7532,,59.5759,,61800.0,759606913200.0,0.9288,1008.8781,-0.0054,-0.0679,57.7532,29.426,0.5958
2022-07-22,,,,,55.3424,,61.7974,,61300.0,629018303000.0,0.8965,1004.1508,-0.012,-0.0726,55.3424,29.252,0.618
2022-07-25,,,,,54.3648,,60.6791,,61100.0,561733909100.0,0.8752,1001.2735,-0.014,-0.06,54.3648,29.2699,0.6068
2022-07-26,,,,,56.8285,,61.0407,,61700.0,407047918700.0,0.8599,999.5103,-0.0028,-0.0478,56.8285,29.256,0.6104
2022-07-27,,,,,57.2429,,60.4167,,61800.0,452437614600.0,0.8439,988.0825,0.0003,-0.0831,57.2429,27.6347,0.6042
2022-07-28,,,,,57.6803,,57.349,,61900.0,665134193800.0,0.8259,964.937,0.0037,-0.0802,57.6803,26.5614,0.5735
2022-07-29,,,,,54.669,,56.27,,61400.0,926717568000.0,0.8033,937.6975,-0.0022,-0.0904,54.669,26.0942,0.5627
2022-08-01,,,,,54.0611,,51.087,,61300.0,806390220800.0,0.7942,919.544,-0.0018,-0.0972,54.0611,25.8129,0.5109
2022-08-02,,,,,56.1609,,52.3062,,61700.0,840039021500.0,0.7965,891.6772,0.0068,-0.0722,56.1609,25.8241,0.5231
2022-08-03,,,,,53.5261,,51.65,,61300.0,616301679300.0,0.7824,862.7052,0.0024,-0.0726,53.5261,25.2624,0.5165
2022-08-04,,,,,54.6712,,47.5673,,61500.0,561214498500.0,0.7514,817.3546,0.0073,-0.0639,54.6712,23.1203,0.4757
2022-08-05,,,,,54.6712,,43.2992,,61500.0,588408630000.0,0.7382,798.3833,0.0089,-0.0639,54.6712,23.0351,0.433
2022-08-08,,,,,49.7002,,42.7375,,60800.0,687839520000.0,0.7359,787.4425,-0.0009,-0.0632,49.7002,23.5497,0.4274
2022-08-09,,,,,44.6982,,48.5137,,60000.0,1095070200000.0,0.7628,805.6569,-0.0119,-0.0977,44.6982,23.6514,0.4851
2022-08-10,,,,,39.8402,,41.551,,59100.0,1068785025900.0,0.7842,808.7622,-0.024,-0.1086,39.8402,24.3683,0.4155
2022-08-11,,,,,45.5093,,43.7415,,59900.0,907002265900.0,0.7867,792.108,-0.0083,-0.1139,45.5093,24.4766,0.4374
2022-08-12,,,,,47.507,,34.2337,,60200.0,649356811600.0,0.7652,754.346,-0.0012,-0.116,47.507,19.3181,0.3423
2022-08-16,,,,,52.5072,,34.4064,,61000.0,917240347000.0,0.7473,727.6953,0.014,-0.0963,52.5072,16.311,0.3441
2022-08-17,,,,,48.7561,,39.7429,,60400.0,547315687200.0,0.7305,700.9343,0.0058,-0.1118,48.7561,15.646,0.3974
2022-08-18,,,,,55.0905,,39.2946,,61500.0,1006924371000.0,0.7301,695.18,0.0254,-0.0943,55.0905,16.7603,0.3929
2022-08-19,,,,,51.3611,,37.318,,60900.0,421652051100.0,0.716,665.5247,0.0168,-0.0842,51.3611,15.2992,0.3732
2022-08-22,,,,,46.2981,,35.1843,,60000.0,495591900000.0,0.7116,655.4701,0.0031,-0.0964,46.2981,15.9089,0.3518
2022-08-23,,,,,41.8549,,36.3127,,59100.0,534360273900.0,0.7124,643.2152,-0.011,-0.1032,41.8549,16.6636,0.3631
2022-08-24,,,,,41.3797,,36.3297,,59000.0,524420674000.0,0.7204,647.5507,-0.0117,-0.1128,41.3797,16.1076,0.3633
2022-08-25,,,,,46.0012,,42.0103,,59700.0,344343749400.0,0.7179,635.4695,0.0004,-0.1182,46.0012,16.82,0.4201
2022-08-26,,,,,47.8971,,37.4758,,60000.0,569999700000.0,0.715,628.5569,0.0057,-0.1098,47.8971,16.9522,0.3748
2022-08-29,,,,,40.7133,,40.5115,,58600.0,576701879400.0,0.699,616.6765,-0.0174,-0.1214,40.7133,18.563,0.4051
2022-08-30,,,,,42.0505,,38.7853,,58800.0,569774587200.0,0.6888,616.285,-0.0141,-0.1198,42.0505,18.6741,0.3879
2022-08-31,,,,,47.7603,,36.2508,,59700.0,847949666400.0,0.6898,624.1317,0.0006,-0.0885,47.7603,19.4425,0.3625
2022-09-01,,,,,41.4129,,35.3233,,58400.0,870497376800.0,0.7032,629.1484,-0.0214,-0.1057,41.4129,20.6957,0.3532
2022-09-02,,,,,37.6795,,36.9118,,57500.0,864817825000.0,0.7192,644.3475,-0.0365,-0.1181,37.6795,21.0827,0.3691
2022-09-05,,,,,36.1209,,36.9346,,57100.0,652423286700.0,0.7239,652.2873,-0.0428,-0.105,36.1209,21.0806,0.3693
2022-09-06,,,,,36.1209,,38.0882,,57100.0,428426210600.0,0.713,650.3305,-0.0423,-0.0805,36.1209,20.9144,0.3809
2022-09-07,,,,,31.9109,,36.8819,,56000.0,973551824000.0,0.7068,651.9267,-0.0596,-0.0953,31.9109,21.4222,0.3688
2022-09-08,,,,,30.518,,33.8802,,55600.0,1000800889600.0,0.7032,654.2671,-0.0656,-0.084,30.518,21.0305,0.3388
2022-09-13,,,,,46.2961,,22.1652,,58100.0,997378356100.0,0.7077,670.6181,-0.024,-0.046,46.2961,26.3328,0.2217
2022-09-14,,,,,41.073,,20.4036,,56800.0,711417784800.0,0.712,674.0754,-0.046,-0.0502,41.073,27.2357,0.204
2022-09-15,,,,,38.2157,,18.4011,,56000.0,653229864000.0,0.6998,660.9274,-0.0591,-0.046,38.2157,26.8191,0.184
2022-09-16,,,,,39.3516,,16.026,,56200.0,756255468600.0,0.7114,671.1428,-0.0554,-0.0393,39.3516,26.8709,0.1603
2022-09-19,,,,,40.5291,,16.8209,,56400.0,692516029200.0,0.6964,656.0313,-0.052,-0.0208,40.5291,25.7928,0.1682
2022-09-20,,,,,38.137,,16.0185,,55800.0,783513747000.0,0.7158,678.6949,-0.0614,-0.0279,38.137,25.8198,0.1602
2022-09-21,,,,,36.2185,,15.829,,55300.0,656062610000.0,0.7255,691.7434,-0.0687,-0.0531,36.2185,25.5853,0.1583
2022-09-22,,,,,33.0005,,14.1146,,54400.0,695586144000.0,0.735,703.3631,-0.0825,-0.0748,33.0005,25.6634,0.1411
2022-09-23,,,,,33.7053,,12.2468,,54500.0,575300038000.0,0.7393,706.3833,-0.0797,-0.0825,33.7053,25.7386,0.1225
2022-09-26,,,,,31.5601,,12.4877,,53900.0,808955401100.0,0.7641,717.8542,-0.0886,-0.0707,31.5601,25.1545,0.1249
2022-09-27,,,,,33.8279,,5.042,,54200.0,901415863800.0,0.7816,741.4945,-0.0825,-0.0491,33.8279,25.1839,0.0504
2022-09-28,,,,,29.2975,,5.819,,52900.0,1057530724100.0,0.8062,757.6006,-0.1023,-0.0587,29.2975,25.2501,0.0582
2022-09-29,,,,,28.3538,,5.0011,,52600.0,730197408000.0,0.8156,755.1418,-0.1046,-0.0788,28.3538,25.0485,0.05
2022-09-30,,,,,32.2696,,8.8314,,53100.0,1194922521900.0,0.8326,737.3845,-0.0937,-0.0717,32.2696,24.4951,0.0883
2022-10-04,,,,,45.6944,,34.0006,,55200.0,1056993612000.0,0.8418,762.522,-0.0561,-0.0213,45.6944,28.3762,0.34
2022-10-05,,,,,49.7783,,38.8008,,56000.0,1257702320000.0,0.8608,747.5026,-0.0405,-0.0378,49.7783,28.585,0.388
2022-10-06,,,,,51.2585,,38.19,,56300.0,841372309800.0,0.8712,736.5546,-0.0337,-0.0409,51.2585,28.5961,0.3819
2022-10-07,,,,,50.7219,,37.1244,,56200.0,949038890600.0,0.8983,751.2319,-0.0338,-0.0442,50.7219,28.5973,0.3712
2022-10-11,,,,,46.5252,,35.4563,,55400.0,1187658385800.0,0.9083,729.3163,-0.0455,-0.0465,46.5252,28.2096,0.3546
2022-10-12,,,,,48.806,,35.0931,,55800.0,1027217178000.0,0.9094,717.2711,-0.0366,-0.0379,48.806,28.2226,0.3509
2022-10-13,,,,,45.6601,,56.5228,,55200.0,760910030400.0,0.8981,684.7755,-0.0448,-0.04,45.6601,23.198,0.5652
2022-10-14,,,,,51.7948,,50.4562,,56300.0,727639553800.0,0.9001,684.7858,-0.024,-0.0617,51.7948,23.2106,0.5046
2022-10-17,,,,,53.3419,,49.3894,,56600.0,772130294800.0,0.9072,687.0833,-0.0172,-0.0856,53.3419,22.7059,0.4939
2022-10-18,,,,,52.7343,,49.0225,,56500.0,837369663000.0,0.912,683.3677,-0.0172,-0.0722,52.7343,22.6904,0.4902
2022-10-19,,,,,48.5646,,48.0462,,55800.0,706464381600.0,0.914,656.9626,-0.0275,-0.0777,48.5646,23.0916,0.4805
2022-10-20,,,,,46.8546,,44.2741,,55500.0,949474741500.0,0.9227,628.6649,-0.0307,-0.1019,46.8546,22.8576,0.4427
2022-10-21,,,,,49.4122,,45.0016,,55900.0,640393754000.0,0.9234,616.6452,-0.0218,-0.0881,49.4122,22.7593,0.45
2022-10-24,,,,,58.0985,,42.1873,,57500.0,974308922500.0,0.9379,627.4055,0.0074,-0.0589,58.0985,23.8392,0.4219
2022-10-25,,,,,59.0452,,41.7632,,57700.0,1004307620600.0,0.9601,642.428,0.0117,-0.0648,59.0452,23.8378,0.4176
2022-10-26,,,,,66.0635,,32.1287,,59400.0,1237003039800.0,0.981,660.0116,0.0414,-0.0388,66.0635,24.9558,0.3213
2022-10-27,,,,,66.428,,36.4185,,59500.0,1294524364000.0,0.9997,667.7027,0.0433,-0.0388,66.428,24.9794,0.3642
2022-10-28,,,,,52.9544,,31.2359,,57300.0,1198998890100.0,1.0059,680.2835,0.0057,-0.0668,52.9544,27.3761,0.3124
2022-10-31,,,,,61.0712,,26.5875,,59400.0,1128571131600.0,1.0257,698.7926,0.0432,-0.031,61.0712,29.3479,0.2659
2022-11-01,,,,,63.0336,,26.9401,,60000.0,1032098820000.0,1.0169,709.4418,0.0539,-0.0276,63.0336,29.3577,0.2694
2022-11-02,,,,,60.832,,17.1556,,59600.0,786893972400.0,1.0038,696.5558,0.0475,-0.0277,60.832,26.9861,0.1716
2022-11-03,,,,,58.6267,,15.8804,,59200.0,1035535990400.0,0.9918,704.1284,0.0411,-0.0374,58.6267,26.932,0.1588
2022-11-04,,,,,59.4189,,20.5954,,59400.0,739282955400.0,0.9876,711.2241,0.0449,-0.0341,59.4189,26.9162,0.206
2022-11-07,,,,,62.5108,,22.6069,,60200.0,748722209200.0,0.9783,704.4137,0.0585,-0.0099,62.5108,27.1202,0.2261
2022-11-08,,,,,67.7957,,24.8081,,61800.0,1129326896400.0,0.9744,720.7183,0.0856,0.03,67.7957,27.4152,0.2481
2022-11-09,,,,,68.3954,,25.978,,62000.0,870826704000.0,0.9667,709.2333,0.0882,0.0491,68.3954,27.4181,0.2598
2022-11-10,,,,,58.9388,,22.8026,,60400.0,1273693033200.0,0.9919,716.6108,0.06,0.0083,58.9388,29.0996,0.228
2022-11-11,,,,,66.6888,,33.3065,,62900.0,1260337552700.0,1.0181,716.5246,0.1022,0.0449,66.6888,31.3937,0.3331
2022-11-14,,,,,61.6744,,35.1833,,61900.0,988754450400.0,1.0292,706.3218,0.0835,0.0148,61.6744,32.3147,0.3518
2022-11-15,,,,,63.1658,,34.9801,,62400.0,768205526400.0,1.0266,698.2802,0.0912,0.0331,63.1658,32.2509,0.3498
2022-11-16,,,,,64.0692,,34.6633,,62700.0,809410602000.0,1.0327,711.2917,0.0948,0.0195,64.0692,31.5886,0.3466
2022-11-17,,,,,57.4891,,35.0762,,61400.0,816515374400.0,1.0265,712.2379,0.0707,0.0082,57.4891,32.7821,0.3508
2022-11-18,,,,,58.8882,,34.3656,,61800.0,756215885400.0,1.0335,715.6324,0.0759,0.03,58.8882,32.777,0.3437
2022-11-21,,,,,56.8725,,35.0747,,61400.0,575815155800.0,1.0146,693.2028,0.0673,0.0389,56.8725,31.8199,0.3507
2022-11-22,,,,,52.9674,,34.7672,,60600.0,570324113400.0,0.9938,671.141,0.0517,0.0271,52.9674,32.3471,0.3477
2022-11-23,,,,,54.6443,,39.6277,,61000.0,534668050000.0,0.9591,649.0955,0.0567,0.0218,54.6443,30.8465,0.3963
2022-11-24,,,,,56.3215,,39.9736,,61400.0,498875614000.0,0.9194,624.6831,0.0624,0.0233,56.3215,30.9019,0.3997
2022-11-25,,,,,54.1645,,37.4031,,61000.0,407353913000.0,0.8801,594.3516,0.0539,0.041,54.1645,27.4393,0.374
2022-11-28,,,,,49.5651,,48.377,,60100.0,516200823200.0,0.8497,574.16,0.0369,0.0221,49.5651,25.2081,0.4838
2022-11-29,,,,,52.0035,,50.6389,,60600.0,425058096000.0,0.8197,553.6379,0.044,0.0151,52.0035,25.1278,0.5064
2022-11-30,,,,,58.8584,,51.9495,,62200.0,1229625766600.0,0.842,561.1099,0.0694,0.0651,58.8584,26.5351,0.5195
2022-12-01,,,,,60.3817,,51.0915,,62600.0,1041128457000.0,0.8419,562.5627,0.0738,0.0887,60.3817,26.3621,0.5109
2022-12-02,,,,,49.5209,,51.9025,,60400.0,926003513600.0,0.8518,566.8186,0.0342,0.0578,49.5209,29.6992,0.519
2022-12-05,,,,,49.0887,,50.2671,,60300.0,830197556100.0,0.8566,569.6404,0.0304,0.056,49.0887,29.3343,0.5027
2022-12-06,,,,,44.4889,,48.6335,,59200.0,822187360000.0,0.8409,565.1585,0.01,0.0571,44.4889,28.3189,0.4863
2022-12-07,,,,,43.2973,,47.4284,,58900.0,712728991800.0,0.8334,577.1206,0.0032,0.0594,43.2973,28.2631,0.4743
2022-12-08,,,,,44.887,,53.1361,,59200.0,768819448000.0,0.8074,587.1275,0.0066,0.0189,44.887,26.9507,0.5314
2022-12-09,,,,,50.8258,,59.1008,,60400.0,635989772800.0,0.7754,588.6696,0.0244,0.0634,50.8258,23.5234,0.591
2022-12-12,,,,,46.7564,,43.7726,,59500.0,537670084000.0,0.7529,585.231,0.0067,0.0625,46.7564,23.4461,0.4377
2022-12-13,,,,,47.7574,,43.7025,,59700.0,539740118100.0,0.7421,587.1806,0.0079,0.0623,47.7574,23.2384,0.437
2022-12-14,,,,,51.6714,,42.7088,,60500.0,496552842500.0,0.727,590.069,0.0195,0.0727,51.6714,23.7695,0.4271
2022-12-15,,,,,46.093,,51.1663,,59300.0,516861112700.0,0.7123,612.8352,-0.0018,0.0627,46.093,23.6734,0.5117
2022-12-16,,,,,47.1177,,53.5876,,59500.0,775498962000.0,0.7139,627.0793,0.0005,0.0759,47.1177,23.5549,0.5359
2022-12-19,,,,,47.1177,,52.1003,,59500.0,457923126500.0,0.7091,638.1817,-0.0006,0.0938,47.1177,23.4995,0.521
2022-12-20,,,,,42.8652,,50.0414,,58600.0,544086994600.0,0.7089,651.3472,-0.0168,0.0752,42.8652,23.6497,0.5004
2022-12-21,,,,,40.2567,,51.3396,,58000.0,600704318000.0,0.7135,667.0983,-0.0276,0.0761,40.2567,23.6267,0.5134
2022-12-22,,,,,46.6648,,46.8208,,59100.0,633589233000.0,0.7217,669.5374,-0.0104,0.0904,46.6648,24.6286,0.4682
2022-12-23,,,,,42.2302,,45.6859,,58100.0,571088546700.0,0.7317,685.2176,-0.0277,0.0983,42.2302,25.1687,0.4569
2022-12-26,,,,,41.3832,,45.5626,,57900.0,391196196900.0,0.7267,673.9033,-0.0315,0.1008,41.3832,24.7436,0.4556
2022-12-27,,,,,42.6226,,41.2003,,58100.0,619754268700.0,0.7382,693.8181,-0.0287,0.0942,42.6226,24.5392,0.412
2022-12-28,,,,,36.4054,,44.0052,,56600.0,830062206000.0,0.7169,692.639,-0.054,0.0254,36.4054,23.5708,0.4401
2022-12-29,,,,,32.043,,32.0749,,55300.0,624665205500.0,0.6953,685.5914,-0.0757,-0.0125,32.043,24.0586,0.3207
2023-01-02,,,,,33.3659,,32.3923,,55500.0,556745364000.0,0.6764,679.3106,-0.0722,-0.0142,33.3659,21.5701,0.3239
2023-01-03,,,,,33.0197,,32.9342,,55400.0,750505462000.0,0.6726,675.8022,-0.0732,-0.0142,33.0197,21.5679,0.3293
2023-01-04,,,,,47.1811,,48.1162,,57800.0,1166870503800.0,0.6905,692.7501,-0.0331,0.0433,47.1811,26.5065,0.4812
2023-01-05,,,,,49.1122,,47.9539,,58200.0,912740473200.0,0.7014,696.6764,-0.026,0.043,49.1122,26.6145,0.4795
2023-01-06,,,,,52.8269,,51.4523,,59000.0,1022764351000.0,0.7153,707.3731,-0.0125,0.0688,52.8269,27.0278,0.5145
2023-01-09,,,,,59.5793,,49.1745,,60700.0,1131454494900.0,0.7417,731.9978,0.0148,0.0782,59.5793,28.0004,0.4917
2023-01-10,,,,,58.0015,,49.5249,,60400.0,897531738800.0,0.7648,765.1063,0.0095,0.0671,58.0015,27.4965,0.4952
2023-01-11,,,,,58.397,,51.2506,,60500.0,744800435500.0,0.7768,784.4504,0.011,0.0708,58.397,27.4817,0.5125
2023-01-12,,,,,58.397,,52.7405,,60500.0,974204940500.0,0.8036,793.7258,0.0107,0.0842,58.397,27.0725,0.5274
2023-01-13,,,,,59.7169,,52.5853,,60800.0,760627942400.0,0.8169,758.952,0.0151,0.0955,59.7169,26.0536,0.5259
2023-01-16,,,,,61.0477,,53.009,,61100.0,613442289200.0,0.8096,740.776,0.0196,0.093,61.0477,26.0762,0.5301
2023-01-17,,,,,60.3322,,51.5621,,61000.0,599718816000.0,0.8183,729.0759,0.0176,0.0609,60.3322,26.0938,0.5156
2023-01-18,,,,,56.0848,,45.1041,,60400.0,699676076400.0,0.8282,721.3383,0.0081,0.0468,56.0848,25.7113,0.451
2023-01-19,,,,,61.4439,,43.5199,,61500.0,787722135000.0,0.8385,726.349,0.0266,0.0354,61.4439,25.9524,0.4352
2023-01-20,,,,,62.778,,45.1254,,61800.0,596143008600.0,0.8367,745.0576,0.0311,0.0387,62.778,25.2861,0.4513
2023-01-25,,,,,68.9491,,45.6953,,63400.0,1066559814000.0,0.8627,751.3922,0.0577,0.1065,68.9491,25.4973,0.457
2023-01-26,,,,,70.59,,43.5725,,63900.0,848481900300.0,0.8876,765.525,0.0653,0.0758,70.59,25.3531,0.4357
2023-01-27,,,,,72.7603,,45.7714,,64600.0,1211907757200.0,0.9181,785.3801,0.0762,0.0767,72.7603,25.4331,0.4577
2023-01-30,,,,,63.4026,,49.8255,,63300.0,1328998312200.0,0.9448,799.7586,0.0543,0.0621,63.4026,24.5457,0.4983
2023-01-31,,,,,50.924,,50.6676,,61000.0,1814550591000.0,1.0063,828.3883,0.0161,0.0304,50.924,27.0508,0.5067
2023-02-01,,,,,54.2936,,45.8004,,61800.0,1147634219400.0,1.0393,823.0932,0.0295,0.0404,54.2936,27.1973,0.458
2023-02-02,,,,,60.5002,,52.7504,,63500.0,1478659920500.0,1.0765,825.9643,0.057,0.0548,60.5002,28.1088,0.5275
2023-02-03,,85.9438,,,61.4939,,53.7502,65.1609,63800.0,969415352400.0,1.0686,807.5894,0.0609,0.0324,61.4939,24.7651,0.5375
2023-02-06,,84.0,,,51.3014,89.9598,54.7308,70.4675,61600.0,956608329600.0,1.0739,796.0836,0.0241,-0.0065,51.3014,28.5243,0.5473
2023-02-07,,82.0717,,,52.4586,88.4,55.522,70.0827,61900.0,896995314100.0,1.0689,784.8421,0.0289,0.0248,52.4586,28.2516,0.5552
2023-02-08,,80.1587,,,56.8731,83.2669,48.482,66.931,63100.0,772541187500.0,1.05,763.4062,0.0481,0.0032,56.8731,27.3006,0.4848
2023-02-09,,74.3083,,,56.4031,82.5397,51.1265,66.2421,63000.0,766386495000.0,1.0441,738.4987,0.0455,0.0178,56.4031,27.2139,0.5113
2023-02-10,,64.9606,,,55.4166,83.004,50.5271,64.1348,62800.0,589225772800.0,1.0368,711.3457,0.0414,0.0064,55.4166,27.2786,0.5053
2023-02-13,,61.1765,,,55.8326,82.6772,49.435,63.0354,62900.0,674939769800.0,1.0206,704.8446,0.0428,0.0032,55.8326,27.27,0.4943
2023-02-14,,72.6562,,,57.1248,82.3529,49.6216,65.5486,63200.0,576805164800.0,1.0139,731.0326,0.0476,0.0293,57.1248,27.2673,0.4962
2023-02-15,,77.4319,,,51.6952,86.7188,50.4115,66.9645,62200.0,821544006600.0,1.0257,748.3061,0.0304,0.0065,51.6952,27.9618,0.5041
2023-02-16,,81.3953,,,58.1247,92.2179,46.5121,69.523,63700.0,878985534700.0,1.0418,769.3396,0.054,0.0375,58.1247,29.0945,0.4651
2023-02-17,,81.0811,,,52.596,95.7364,48.5634,70.0254,62600.0,675533189000.0,1.0406,768.7531,0.0347,0.033,52.596,29.6265,0.4856
2023-02-20,,80.7692,,,53.0334,91.5058,48.7136,68.8263,62700.0,809336177100.0,1.0417,767.2395,0.035,0.0279,53.0334,28.9978,0.4871
2023-02-21,,75.8621,,,50.0496,92.3077,49.4744,67.7169,62100.0,475999356600.0,1.0376,747.4217,0.0241,0.0114,50.0496,29.1945,0.4947
2023-02-22,,75.1908,,,45.4589,86.2069,49.0775,64.7153,61100.0,730700276800.0,1.0191,742.9927,0.0074,0.0016,45.4589,28.1375,0.4908
2023-02-23,,76.4259,,,49.9118,88.9313,50.6376,67.1382,62000.0,808920138000.0,1.0168,748.1481,0.0214,0.0316,49.9118,28.5466,0.5064
2023-02-24,,71.2121,,,46.7171,87.8327,52.3787,65.6493,61300.0,631889165900.0,0.9857,735.5786,0.0094,0.0116,46.7171,28.3562,0.5238
2023-02-27,,66.0377,,,43.3056,84.0909,53.3156,63.0906,60500.0,674919668500.0,0.9499,717.6508,-0.0038,-0.0273,43.3056,27.8712,0.5332
2023-02-28,,49.2481,,,43.8575,60.3774,51.9176,52.3096,60600.0,831181176600.0,0.8966,682.7454,-0.0026,-0.0319,43.8575,24.6732,0.5192
2023-03-02,,50.5618,,,45.0104,57.8947,55.2401,53.0549,60800.0,796217465600.0,0.8777,685.041,0.0003,0.0066,45.0104,24.2119,0.5524
2023-03-03,,45.1493,,,43.5652,40.824,52.8514,45.8455,60500.0,648040002500.0,0.8339,672.5671,-0.005,0.0033,43.5652,21.8637,0.5285
2023-03-06,,45.3532,,,49.3977,44.7761,45.5597,46.0509,61500.0,838282023000.0,0.8268,672.7516,0.0105,0.0389,49.3977,22.7446,0.4556
2023-03-07,,43.3333,,,45.359,20.8178,46.3097,37.8767,60700.0,696428096000.0,0.8133,669.222,-0.0035,0.0306,45.359,19.6019,0.4631
2023-03-08,,43.1734,,,43.4463,20.3704,36.8745,34.4974,60300.0,853959977100.0,0.8113,668.4767,-0.0105,0.0186,43.4463,19.5905,0.3687
2023-03-09,,43.3824,,,42.4817,11.0701,34.2995,30.7837,60100.0,861503389900.0,0.8179,668.8761,-0.0144,-0.005,42.4817,18.0325,0.343
2023-03-10,,49.8168,,,39.6385,11.7647,41.0172,33.7256,59500.0,708197024500.0,0.8161,682.6056,-0.0248,0.0,39.6385,18.2279,0.4102
2023-03-13,,65.3285,,,43.0586,13.5531,39.925,37.7208,60000.0,766783440000.0,0.8287,714.9476,-0.0172,0.005,43.0586,18.6568,0.3992
2023-03-14,,68.0,,,38.3753,19.708,37.7218,38.504,59000.0,716693414000.0,0.8325,718.835,-0.0343,-0.0248,38.3753,19.2829,0.3772
2023-03-15,,64.8551,,,43.6551,25.8182,35.5035,40.0985,59800.0,626832510200.0,0.8354,714.5179,-0.0227,0.0084,43.6551,19.9944,0.355
2023-03-16,,63.1769,,,44.2976,20.6522,33.3914,37.708,59900.0,635655146100.0,0.8252,711.682,-0.0225,0.0067,44.2976,19.4235,0.3339
2023-03-17,,64.3885,,,52.4685,19.8556,35.8909,40.0953,61300.0,863723743000.0,0.8238,713.9938,-0.0015,0.0303,52.4685,19.2973,0.3589
2023-03-20,,69.8925,48.1928,,46.6751,20.5036,39.0309,43.1793,60200.0,579004141800.0,0.8209,724.7149,-0.0202,0.0273,46.6751,19.372,0.3903
2023-03-21,,63.5714,48.4,,47.2454,20.7885,37.7644,42.2066,60300.0,501606394200.0,0.8054,713.2702,-0.0193,0.0397,47.2454,19.3736,0.3776
2023-03-22,,66.548,57.7689,,51.6959,25.0,30.8362,45.3623,61100.0,548591910100.0,0.8104,717.0647,-0.0069,0.0338,51.6959,19.8612,0.3084
2023-03-23,,65.6028,76.1905,,57.4892,29.5374,35.2524,53.2368,62300.0,958239851100.0,0.8221,716.1627,0.0121,0.0723,57.4892,20.2218,0.3525
2023-03-24,,70.6714,79.8419,,60.4677,25.5319,30.5914,53.5726,63000.0,1151551926000.0,0.8404,727.353,0.0226,0.0881,60.4677,19.9483,0.3059
2023-03-27,,69.3662,71.6535,,55.1204,29.682,28.4477,50.7126,62100.0,685542455100.0,0.851,721.4208,0.0074,0.0688,55.1204,20.2207,0.2845
2023-03-28,,60.3509,79.2157,,58.6231,26.4085,23.5917,50.3437,62900.0,730528022200.0,0.8549,709.7926,0.0196,0.1113,58.6231,19.9699,0.2359
2023-03-29,,57.6923,76.9531,,57.4166,28.0702,23.4708,49.4752,62700.0,703243701600.0,0.8483,705.8473,0.0157,0.1338,57.4166,20.053,0.2347
2023-03-30,,55.4007,80.1556,,59.6522,29.3706,24.6508,50.9138,63200.0,991252626400.0,0.8593,698.4226,0.0232,0.1387,59.6522,20.1694,0.2465
2023-03-31,,47.2222,85.2713,,62.9993,32.0557,21.9543,51.6828,64000.0,902046656000.0,0.8737,682.1976,0.0351,0.1552,62.9993,20.335,0.2195
2023-04-03,43.3735,35.6401,78.7645,,57.2458,34.7222,25.6236,47.764,63100.0,755504692300.0,0.8694,650.2647,0.0196,0.0917,57.2458,20.5199,0.2562
2023-04-04,44.0,31.0345,81.9231,95.5823,59.4609,24.5675,24.2678,53.6968,63600.0,707264690400.0,0.8716,625.2324,0.027,0.0928,59.4609,19.9129,0.2427
2023-04-05,41.4343,27.1478,83.908,93.2,60.774,22.7586,25.6037,53.0233,63900.0,586355921100.0,0.857,601.611,0.0312,0.0831,60.774,19.642,0.256
2023-04-06,42.0635,23.2877,66.4122,72.51,51.2409,46.3918,23.0743,48.3412,62300.0,934048138100.0,0.8598,588.0998,0.0057,0.0264,51.2409,21.9853,0.2307
2023-04-07,50.9881,30.0341,90.4943,92.0635,62.0571,71.9178,23.983,63.1509,65000.0,1785947800000.0,0.9183,618.7981,0.0489,0.0762,62.0571,25.7967,0.2398
2023-04-10,55.5118,28.2313,93.9394,93.6759,64.2701,73.0375,26.5182,65.3495,65700.0,1233659806200.0,0.9457,615.8023,0.0598,0.086,64.2701,25.8576,0.2652
2023-04-11,59.2157,27.7966,94.717,94.4882,64.9,62.9252,27.0355,64.7627,65900.0,1075697759700.0,0.966,610.5958,0.0622,0.0893,64.9,24.6145,0.2704
2023-04-12,67.9688,25.0,94.3609,92.9412,65.23,61.3559,28.8994,65.57,66000.0,991406658000.0,0.986,597.0332,0.0621,0.0855,65.23,24.4685,0.289
2023-04-13,75.0973,21.5488,94.7566,91.7969,65.5786,61.4865,28.6837,66.2237,66100.0,997516554200.0,1.0063,581.5469,0.0622,0.0818,65.5786,24.4713,0.2868
2023-04-14,80.6202,16.443,87.6866,86.7704,59.1884,61.9529,29.9887,64.0003,65100.0,1053089499000.0,1.0178,561.5064,0.0456,0.0672,59.1884,24.4788,0.2999
2023-04-17,85.3282,15.3846,88.8476,91.4729,60.0273,53.0201,31.8221,64.5572,65300.0,880676155400.0,1.036,550.6565,0.0483,0.0811,60.0273,23.1756,0.3182
2023-04-18,89.6154,15.0,89.6296,85.7143,61.312,52.8428,33.2226,64.7664,65600.0,971015136000.0,1.0623,540.9844,0.0518,0.0667,61.312,23.1586,0.3322
2023-04-19,90.4215,14.2857,88.9299,82.6923,60.6127,51.0,33.3362,63.8933,65500.0,671767017500.0,1.0694,525.4617,0.049,0.0599,60.6127,22.991,0.3334
2023-04-20,88.5496,13.9073,86.0294,71.6475,59.1594,45.515,34.4407,60.5355,65300.0,620426335700.0,1.0513,501.0991,0.045,0.03,59.1594,22.2947,0.3444
2023-04-21,82.8897,13.2013,89.011,70.9924,61.165,45.0331,29.9081,59.5623,65700.0,692387465400.0,1.0272,471.5295,0.0505,0.0282,61.165,22.1005,0.2991
2023-04-24,84.4697,12.5,83.5766,64.2586,57.3724,41.5842,30.0207,56.7525,65200.0,846725081200.0,1.0365,461.2285,0.0417,0.0093,57.3724,21.5559,0.3002
2023-04-25,89.0566,12.459,72.3636,60.9848,47.2713,54.6053,32.8924,56.0766,63600.0,1029892035600.0,1.0524,458.0041,0.0159,0.0047,47.2713,23.232,0.3289
2023-04-26,89.0977,11.4379,76.087,80.7547,50.2208,55.082,39.1375,60.9941,64100.0,811797078100.0,1.0582,444.2375,0.0236,0.0508,50.2208,23.3258,0.3914
2023-04-27,88.764,10.7492,79.7834,79.6992,53.0491,54.902,42.5211,62.2195,64600.0,954762224600.0,1.0557,440.3293,0.0308,0.0453,53.0491,23.3191,0.4252
2023-04-28,92.1642,12.013,85.2518,73.4082,57.7072,55.3746,46.874,64.1955,65500.0,1290316005500.0,1.0773,447.9152,0.0446,0.0315,57.7072,23.4053,0.4687
2023-05-02,92.1933,13.2686,86.7384,70.8955,58.688,47.0779,48.3217,63.3166,65700.0,945879483600.0,1.0889,454.978,0.0467,0.0298,58.688,22.6977,0.4832
2023-05-03,91.8519,12.5806,81.7857,83.6431,56.5687,47.2492,49.8003,64.1538,65400.0,580539384600.0,1.0875,450.2373,0.0411,0.0617,56.5687,22.7013,0.498
2023-05-04,92.2509,11.8971,81.1388,80.7407,54.4512,48.7097,50.7564,63.7313,65100.0,637398266400.0,1.092,446.702,0.0353,0.0517,54.4512,22.7615,0.5076
2023-05-08,90.4412,11.2179,86.5248,78.5978,58.8724,35.0482,47.5126,62.054,65900.0,619813553500.0,1.0756,441.3942,0.0464,0.0444,58.8724,20.8316,0.4751
2023-05-09,72.5275,7.6677,80.9187,75.0,54.5924,3.5256,47.5927,52.2066,65300.0,611656023300.0,1.0088,409.5536,0.0358,0.0365,54.5924,15.0701,0.4759
2023-05-10,64.2336,7.0064,74.2958,69.2308,50.0232,2.8754,44.0023,47.6134,64600.0,843529164200.0,0.9869,402.4638,0.0236,0.0287,50.0232,15.0181,0.44
2023-05-11,55.6364,6.6667,70.1754,65.3285,47.5729,3.5032,42.4721,44.5001,64200.0,747859701000.0,0.9681,397.9646,0.0161,0.0207,47.5729,15.0598,0.4247
2023-05-12,51.087,6.3291,68.1818,62.9091,46.9537,3.1746,42.4673,42.9103,64100.0,557279823300.0,0.9456,390.6557,0.0134,0.0142,46.9537,15.0228,0.4247
2023-05-15,47.2924,6.3091,71.4286,75.3623,49.7701,5.3797,42.3147,45.446,64500.0,527095354500.0,0.9197,388.2756,0.0185,0.037,49.7701,15.2378,0.4231
2023-05-16,44.2446,6.6038,78.8194,67.509,55.4954,5.0473,39.7432,45.4554,65400.0,806686567800.0,0.9065,389.2499,0.0312,0.0267,55.4954,15.1881,0.3974
2023-05-17,43.0108,6.8966,74.3945,75.8993,52.6244,6.2893,39.1032,45.4764,65000.0,698457760000.0,0.897,390.4501,0.0237,0.0383,52.6244,15.3109,0.391
2023-05-18,42.1429,8.125,81.7241,81.7204,59.4088,9.4044,47.7774,50.255,66200.0,955378804800.0,0.8955,398.7674,0.0408,0.0558,59.4088,16.6015,0.4778
2023-05-19,49.8221,12.1495,96.9072,98.2143,68.3557,29.0625,44.2901,60.6403,68400.0,1391895198000.0,0.9358,428.6115,0.0727,0.1014,68.3557,20.1286,0.4429
2023-05-22,54.2553,15.528,96.5753,98.9324,68.6935,27.7259,42.2025,61.2046,68500.0,991216098000.0,0.9578,449.4073,0.0714,0.1211,68.6935,20.0367,0.422
2023-05-23,53.3569,17.3375,95.2218,97.8723,67.9128,27.6398,43.0508,60.8574,68400.0,585616381200.0,0.9541,458.8493,0.0669,0.1032,67.9128,20.0307,0.4305
2023-05-24,50.3521,14.5062,94.898,98.5866,68.3008,23.2198,42.4233,59.4476,68500.0,561213376000.0,0.9387,445.7293,0.0656,0.1175,68.3008,19.7069,0.4242
2023-05-25,49.1228,14.1538,95.2542,99.2958,69.4925,10.4938,34.2757,56.3937,68800.0,979103808000.0,0.9355,442.6445,0.067,0.1372,69.4925,16.859,0.3428
2023-05-26,56.6434,19.3252,98.6486,100.0,74.6286,11.6923,42.1343,60.6956,70300.0,1374330623300.0,0.9667,472.1648,0.0868,0.1601,74.6286,17.9505,0.4213
2023-05-30,78.7456,20.4893,100.0,100.0,79.5678,24.2331,37.4626,66.0719,72300.0,1986579653100.0,1.0219,503.8594,0.1134,0.1891,79.5678,19.7742,0.3746
2023-05-31,86.1111,21.0366,99.3289,99.6516,72.7083,36.0856,41.4865,68.7405,71400.0,1832558611800.0,1.0494,521.928,0.0961,0.1802,72.7083,20.5233,0.4149
2023-06-01,87.5433,21.2766,97.3244,98.6111,69.142,39.0244,40.2253,68.3173,70900.0,1040053086400.0,1.0535,525.162,0.0849,0.1528,69.142,20.9135,0.4023
2023-06-02,89.6552,22.7273,99.3333,100.0,72.8682,41.6413,38.1367,69.8412,72200.0,878081815600.0,1.071,545.3041,0.1008,0.1895,72.8682,21.2597,0.3814
2023-06-05,92.4399,25.0755,98.0066,99.3103,69.3972,42.7273,40.38,70.2772,71700.0,909645639300.0,1.0903,563.1422,0.0896,0.1891,69.3972,21.4155,0.4038
2023-06-07,93.4932,28.9157,95.6954,98.9691,64.7473,45.6193,40.0461,70.2245,71000.0,1050559523000.0,1.1149,580.1497,0.0761,0.1814,64.7473,21.8311,0.4005
2023-06-08,94.5392,35.7357,94.3894,100.0,64.0866,42.4699,39.4065,70.3225,70900.0,1358838771200.0,1.1537,609.3235,0.0721,0.1916,64.0866,21.3943,0.3941
2023-06-09,94.5578,37.7246,96.7105,100.0,67.9594,39.6396,37.6962,70.6945,72000.0,1083615048000.0,1.1685,617.4816,0.0854,0.2,67.9594,20.9915,0.377
2023-06-12,94.5763,39.403,92.7869,100.0,61.4698,45.2096,34.0081,69.7137,71000.0,856564377000.0,1.1745,623.6251,0.0678,0.2034,61.4698,21.7314,0.3401
2023-06-13,95.2703,42.5595,95.7516,100.0,65.0627,45.6716,31.1647,70.7285,72000.0,952364520000.0,1.2013,638.5026,0.0798,0.204,65.0627,21.8063,0.3116
2023-06-14,96.2963,42.73,94.4625,99.3243,64.4158,47.619,38.1076,71.8092,71900.0,901701207400.0,1.2258,639.9324,0.0755,0.2003,64.4158,21.9542,0.3811
2023-06-15,96.9799,43.787,91.5584,96.633,61.7703,48.368,39.5797,71.1015,71500.0,973472071000.0,1.2377,645.7506,0.0671,0.1664,61.7703,22.0486,0.3958
2023-06-16,99.6656,45.4277,92.233,98.6577,62.9977,44.6746,39.9986,71.7386,71800.0,1103831372800.0,1.2637,650.9035,0.0688,0.1927,62.9977,21.6924,0.4
2023-06-19,99.0,41.7647,86.7742,96.6555,58.9231,44.5428,40.2403,69.4894,71200.0,790383154400.0,1.259,637.6382,0.0575,0.1808,58.9231,21.5872,0.4024
2023-06-20,95.3488,35.7771,87.1383,96.0,59.8551,14.1176,38.7357,63.6212,71400.0,825232846200.0,1.2294,613.0332,0.0581,0.1686,59.8551,18.661,0.3874
2023-06-21,94.702,34.5029,77.8846,93.3555,53.9252,20.5279,44.2306,62.3421,70500.0,749175511500.0,1.2209,602.7108,0.0422,0.1316,53.9252,19.3912,0.4423
2023-06-22,96.3696,34.9854,84.345,93.3775,57.9163,23.0994,43.5538,64.6192,71300.0,813604799100.0,1.2412,607.3566,0.0521,0.1317,57.9163,19.6642,0.4355
2023-06-23,99.6711,43.6047,85.6688,94.7195,59.3387,23.3236,43.8355,66.6605,71600.0,882791054400.0,1.2637,642.5585,0.0547,0.153,59.3387,19.6769,0.4384
2023-06-26,97.0492,48.6957,89.8413,94.0789,62.9364,25.8721,45.9524,68.5743,72400.0,763233632400.0,1.2544,657.8474,0.0644,0.151,62.9364,19.9189,0.4595
2023-06-27,93.1373,43.0636,90.1899,95.082,63.7987,13.6232,42.2922,65.3444,72600.0,685561582200.0,1.2189,641.0739,0.0653,0.1579,63.7987,18.6132,0.4229
2023-06-28,89.5765,34.5821,89.5899,93.4641,64.2466,7.2254,31.1235,61.0093,72700.0,638530861100.0,1.1425,606.5078,0.0647,0.1503,64.2466,15.7798,0.3112
2023-06-29,86.6883,27.8736,86.1635,91.5309,61.7771,4.611,31.4675,58.3424,72400.0,885449610800.0,1.0867,580.6019,0.058,0.1313,61.7771,15.1452,0.3147
2023-06-30,85.1133,28.9398,83.0721,93.1818,60.118,2.2989,25.3004,56.4044,72200.0,844362033000.0,1.0748,582.2513,0.053,0.1442,60.118,14.9311,0.253
2023-07-03,83.871,26.2857,88.75,93.2039,64.2534,1.1461,29.03,57.8916,73000.0,782719213000.0,1.0694,576.7893,0.0624,0.1478,64.2534,14.0228,0.2903
2023-07-04,82.3151,24.7863,87.2274,92.5806,64.2534,1.1429,28.8629,57.0847,73000.0,745647550000.0,1.0613,565.6194,0.0601,0.1424,64.2534,13.744,0.2886
2023-07-05,81.4103,22.7273,76.7081,94.8553,55.857,1.7094,31.524,54.6249,72000.0,886363920000.0,1.0541,557.7998,0.0435,0.1557,55.857,14.22,0.3152
2023-07-06,75.7188,22.0963,73.065,88.4615,52.8802,2.2727,31.9055,51.8645,71600.0,1058080957200.0,1.0358,550.9985,0.0359,0.1015,52.8802,14.3778,0.3191
2023-07-07,78.0255,22.8814,58.3333,76.9968,42.5112,8.7819,31.8862,47.5595,69900.0,1209890502300.0,1.0414,554.8756,0.01,0.0639,42.5112,15.7065,0.3189
2023-07-10,77.1429,22.8169,52.3077,72.293,40.499,5.9322,30.8269,44.7224,69500.0,814117857000.0,1.0395,554.3782,0.0025,0.0546,40.499,15.0965,0.3083
2023-07-11,75.6329,23.3146,69.0184,83.1746,52.5843,13.2394,36.4579,52.6693,71500.0,870683528000.0,1.0364,557.2799,0.0291,0.0833,52.5843,17.647,0.3646
2023-07-12,73.817,21.8487,71.2538,84.1772,54.5716,13.4831,42.4751,53.9857,71900.0,746004273900.0,1.0278,550.809,0.0327,0.0877,54.5716,17.7654,0.4248
2023-07-13,74.2138,22.3464,69.8171,88.959,54.5716,13.1653,37.1123,53.6728,71900.0,1036602360100.0,1.0303,552.877,0.0308,0.1045,54.5716,17.643,0.3711
2023-07-14,74.2947,24.234,81.459,90.2516,61.5758,18.7151,37.4969,57.9865,73400.0,1165776894600.0,1.0309,559.7766,0.05,0.124,61.5758,19.0389,0.375
2023-07-17,73.125,26.6667,78.7879,89.3417,60.9017,17.5487,37.5072,57.1428,73300.0,737401591700.0,1.0272,566.0818,0.0462,0.1174,60.9017,18.7351,0.3751
2023-07-18,73.5202,28.8089,67.0695,86.875,52.8076,29.1667,35.7021,55.3651,72000.0,842248800000.0,1.0284,578.0221,0.0256,0.0992,52.8076,19.9392,0.357
2023-07-19,74.5342,33.4254,63.8554,86.2928,51.1192,24.0997,35.4832,54.287,71700.0,781272740400.0,1.032,590.1612,0.0197,0.098,51.1192,19.4195,0.3548
2023-07-20,72.7554,35.2617,56.1562,80.4348,47.3175,22.9282,33.858,50.9856,71000.0,691023830000.0,1.0276,598.744,0.0081,0.0807,47.3175,19.3589,0.3386
2023-07-21,79.321,38.1868,44.9102,80.1858,43.8089,25.3444,32.7935,49.8283,70300.0,1161983497800.0,1.0432,609.5654,-0.0035,0.0782,43.8089,19.5791,0.3279
2023-07-24,82.1538,38.6301,44.4776,88.8889,44.4427,19.2308,31.6097,50.4853,70400.0,944669228800.0,1.0545,612.7656,-0.0038,0.1069,44.4427,19.0855,0.3161
2023-07-25,84.9693,38.5246,40.7738,84.3077,42.3834,19.1781,32.6664,49.4138,70000.0,1002046150000.0,1.0722,612.7484,-0.0111,0.092,42.3834,19.0771,0.3267
2023-07-26,90.8257,46.8665,38.2789,79.7546,41.3517,18.8525,30.6479,49.4897,69800.0,2095132225800.0,1.1517,642.7037,-0.0154,0.0805,41.3517,19.0421,0.3065
2023-07-27,92.378,54.6196,57.6923,85.6269,53.0454,48.7738,63.4631,65.8412,71700.0,1739526534300.0,1.1959,671.0182,0.0096,0.0947,53.0454,21.5955,0.6346
2023-07-28,94.2249,61.2466,43.3628,76.8293,47.1802,53.2609,64.0364,62.768,70600.0,1371100219800.0,1.2216,688.497,-0.0075,0.0746,47.1802,22.2339,0.6404
2023-07-31,94.5455,65.9459,35.5882,75.076,43.4201,52.3035,63.4102,60.8545,69800.0,909872316000.0,1.2264,702.375,-0.0197,0.0673,43.4201,22.0334,0.6341
2023-08-01,95.1662,74.124,46.9208,84.2424,50.3454,61.6216,60.7038,67.0912,71100.0,874476959400.0,1.2328,717.1899,-0.0022,0.0922,50.3454,23.2239,0.607
2023-08-02,95.4819,70.9677,35.6725,70.997,44.8841,63.8814,60.3538,62.3268,69900.0,967067898000.0,1.2373,712.7872,-0.0194,0.0607,44.8841,23.4808,0.6035
2023-08-03,96.997,67.5603,25.656,68.3735,40.5426,67.7419,56.2519,59.3461,68800.0,1381991792000.0,1.253,707.0582,-0.035,0.0536,40.5426,23.997,0.5625
2023-08-04,94.012,61.4973,21.8023,69.97,38.7097,54.4236,55.1819,55.4193,68300.0,844201181900.0,1.2315,691.9356,-0.0419,0.0573,38.7097,22.6567,0.5518
2023-08-07,93.4328,61.6,24.3478,74.2515,39.8805,54.2781,55.786,56.6799,68500.0,751342592500.0,1.227,692.4991,-0.039,0.067,39.8805,22.6331,0.5579
2023-08-08,94.0476,62.5,15.896,68.0597,36.5015,35.4667,58.268,51.4556,67600.0,991334328400.0,1.2316,693.719,-0.0509,0.0546,36.5015,20.2295,0.5827
2023-08-09,97.0326,76.9231,27.6657,75.2976,43.8961,46.5426,55.0022,58.6963,68900.0,1189191469700.0,1.254,722.0612,-0.0318,0.0682,43.8961,21.4952,0.55
2023-08-10,94.3787,70.1058,20.6897,64.095,40.3893,49.6021,55.8881,54.782,68000.0,695457148000.0,1.2341,711.5372,-0.0435,0.0398,40.3893,21.8265,0.5589
2023-08-11,90.2655,59.8945,16.9054,62.7219,38.547,31.746,58.9631,49.7797,67500.0,660220065000.0,1.207,688.6659,-0.0496,0.0385,38.547,20.0283,0.5896
2023-08-14,89.7059,56.8421,15.7143,51.9174,37.8041,31.6623,57.3294,47.1997,67300.0,629412683900.0,1.2032,681.3485,-0.0511,0.0166,37.8041,20.0064,0.5733
2023-08-16,90.0293,54.0682,14.245,44.1176,36.6628,22.6316,59.7052,44.3947,67000.0,882696726000.0,1.2057,672.7674,-0.0541,-0.0205,36.6628,19.3506,0.5971
2023-08-17,89.1813,49.2147,12.5,43.1085,35.5083,22.8346,60.0406,43.2471,66700.0,718936088400.0,1.2016,655.615,-0.0572,-0.0263,35.5083,19.3521,0.6004
2023-08-18,90.379,46.7363,11.0482,41.8129,33.9723,21.466,58.6889,42.1325,66300.0,778693897800.0,1.2075,649.5134,-0.0616,-0.0307,33.9723,19.2375,0.5869
2023-08-21,87.5,43.75,13.8418,42.2741,36.2014,21.9321,59.3045,42.4151,66600.0,647356462200.0,1.1768,639.4843,-0.0559,-0.0277,36.2014,19.274,0.593
2023-08-22,86.6667,42.8571,14.3662,40.9884,36.2014,21.6146,59.8506,42.1471,66600.0,699316117200.0,1.1641,635.8104,-0.0548,-0.032,36.2014,19.2402,0.5985
2023-08-23,84.9711,42.487,20.7865,37.6812,40.1096,25.974,59.892,43.6947,67100.0,640761519200.0,1.1417,635.1516,-0.0463,-0.0455,40.1096,19.5408,0.5989
2023-08-24,81.5562,40.0517,30.8123,35.2601,47.7002,40.4145,49.9306,46.0119,68200.0,1026032376600.0,1.0763,621.4142,-0.0297,-0.0567,47.7002,20.5945,0.4993
2023-08-25,57.7586,28.0928,22.3464,34.0058,41.9715,14.2119,25.5667,31.2071,67100.0,471878200200.0,1.0025,580.4149,-0.0441,-0.0602,41.9715,18.3833,0.2557
2023-08-28,42.4069,19.7943,20.0557,35.0575,40.5415,12.8866,26.9488,27.6397,66800.0,389085150400.0,0.9456,548.6817,-0.047,-0.0578,40.5415,17.8259,0.2695
2023-08-29,39.1429,18.9744,21.6667,27.7937,40.5415,12.0823,28.8554,26.466,66800.0,608838713600.0,0.9268,539.7264,-0.0459,-0.0748,40.5415,17.5511,0.2886
2023-08-30,36.7521,18.9258,26.5928,32.8571,42.8017,9.4872,29.711,27.8124,67100.0,616060063300.0,0.9115,537.9663,-0.0404,-0.0642,42.8017,16.0032,0.2971
2023-08-31,37.5,21.6837,24.3094,35.6125,41.6646,5.6266,27.4757,27.1289,66900.0,1068033747000.0,0.9153,553.5652,-0.0423,-0.0577,41.6646,15.1106,0.2748
2023-09-01,43.9093,33.0789,64.7383,48.0114,63.2303,79.8469,30.4835,52.9163,71000.0,2111414685000.0,0.951,595.9481,0.0165,0.0014,63.2303,25.892,0.3048
2023-09-04,59.6045,49.4924,65.6593,46.7422,63.9308,77.6081,30.4934,56.6414,71200.0,1871598444000.0,1.0058,652.0899,0.0195,-0.0111,63.9308,25.6806,0.3049
2023-09-05,61.9718,52.1519,62.1918,47.7401,60.8117,79.6954,30.0451,56.6526,70700.0,871747897300.0,1.0127,664.2313,0.0128,-0.0042,60.8117,25.8802,0.3005
2023-09-06,57.8652,55.0505,54.918,43.0986,56.6451,76.962,29.5422,53.2734,70000.0,799023400000.0,1.0019,671.2027,0.0036,-0.0278,56.6451,25.6569,0.2954
2023-09-07,54.6218,53.6524,60.218,45.2247,58.3992,72.4747,21.768,52.3622,70400.0,967383366400.0,0.9877,669.2679,0.01,-0.0209,58.3992,24.8888,0.2177
2023-09-08,55.0279,59.799,59.2391,45.9384,57.7699,69.0176,22.1572,52.4259,70300.0,751374695400.0,0.9895,683.9505,0.0091,-0.0168,57.7699,24.3419,0.2216
2023-09-11,57.9387,70.6767,65.0407,46.648,60.0857,68.593,20.3409,55.1125,70800.0,834410709600.0,1.0001,710.6153,0.0167,-0.0139,60.0857,24.1702,0.2034
2023-09-12,62.2222,82.0,62.4324,47.6323,58.0295,68.9223,19.3577,56.2096,70500.0,824046229500.0,1.0121,739.5368,0.0131,-0.0098,58.0295,24.212,0.1936
2023-09-13,67.313,88.0299,66.0377,47.7778,59.9953,68.25,20.766,58.6261,70900.0,1131266007300.0,1.0258,771.8134,0.0195,-0.007,59.9953,24.1018,0.2077
2023-09-14,79.0055,92.5373,73.1183,54.8476,63.6612,68.3292,22.0027,63.8713,71700.0,1508668881900.0,1.0673,834.5881,0.0311,0.017,63.6612,24.1143,0.22
2023-09-15,84.2975,93.5484,75.3351,53.0387,64.958,67.1642,21.3637,64.7973,72000.0,1283292864000.0,1.0931,866.8427,0.0353,0.0098,64.958,23.8444,0.2136
2023-09-18,85.1648,94.3069,58.5561,45.1791,52.7861,80.6452,22.0056,61.3697,70200.0,1126059035400.0,1.1186,885.7464,0.0093,-0.0196,52.7861,26.0308,0.2201
2023-09-19,85.4795,94.321,53.6,40.3846,50.5206,81.6832,22.055,59.6445,69800.0,825049122400.0,1.1251,891.5782,0.0035,-0.0359,50.5206,26.186,0.2206
2023-09-20,85.5191,94.8276,52.3936,37.8082,49.3794,81.4815,19.9671,58.6158,69600.0,756761844000.0,1.1318,909.5443,0.0012,-0.0413,49.3794,26.1746,0.1997
2023-09-21,84.4687,94.5946,44.8276,35.2459,45.5052,79.803,21.7356,56.1635,68900.0,743867550400.0,1.1153,901.8551,-0.0081,-0.0523,45.5052,25.9186,0.2174
2023-09-22,85.3261,95.5882,44.1799,35.6948,44.9624,73.9558,26.6449,56.1343,68800.0,680971392000.0,1.1273,927.2299,-0.0086,-0.0497,44.9624,25.1699,0.2664
2023-09-25,87.2629,96.088,52.7704,39.6739,48.9004,74.2647,25.0325,58.988,69400.0,942626610400.0,1.1569,959.2797,0.0012,-0.0388,48.9004,25.2061,0.2503
2023-09-26,87.8378,96.3415,43.6842,32.5203,44.3445,76.5281,28.3804,56.5954,68600.0,901642042000.0,1.1731,976.4922,-0.009,-0.0603,44.3445,25.6545,0.2838
2023-09-27,88.9488,97.8102,42.5197,32.1622,43.2594,77.0732,27.9439,56.5301,68400.0,1018235984400.0,1.1953,996.9345,-0.0109,-0.063,43.2594,25.6685,0.2794
2023-10-04,92.2043,100.0,35.0785,32.345,38.6733,81.5085,17.4725,54.4126,67500.0,1576877557500.0,1.2214,1030.2319,-0.0227,-0.0625,38.6733,26.1318,0.1747
2023-10-05,86.5952,96.368,28.7206,29.8387,35.1102,2.1845,17.6763,39.3362,66700.0,1074424477100.0,1.1607,989.0799,-0.0331,-0.0684,35.1102,14.3917,0.1768
2023-10-06,82.6203,94.9275,23.1771,35.3887,32.3056,2.4213,10.8126,37.0452,66000.0,949510782000.0,1.1097,953.1741,-0.042,-0.0558,32.3056,14.4422,0.1081
2023-10-10,84.5333,95.4217,27.5325,38.5027,35.4774,3.1401,9.8203,38.9959,66400.0,1320643012800.0,1.1338,974.7357,-0.0351,-0.0446,35.4774,14.794,0.0982
2023-10-11,88.2979,99.7596,45.3368,37.6,47.4172,13.9759,16.2714,47.2068,68200.0,1719277601800.0,1.1835,1018.9043,-0.0084,-0.0462,47.4172,17.9507,0.1627
2023-10-12,89.3899,99.7602,53.7468,39.0957,51.1992,15.1442,16.673,49.8907,68900.0,1330554082000.0,1.2014,1020.8376,0.002,-0.0417,51.1992,18.2531,0.1667
2023-10-13,88.8889,96.89,43.5567,35.2785,46.5621,17.7458,19.7471,47.3056,68000.0,661237848000.0,1.1978,996.3641,-0.01,-0.0542,46.5621,18.7504,0.1975
2023-10-16,88.9182,94.0334,37.7892,22.2222,43.279,17.4641,21.8658,43.8596,67300.0,847932822700.0,1.2004,957.8703,-0.0193,-0.0831,43.279,18.6925,0.2187
2023-10-17,91.8421,94.2857,62.5641,35.6201,53.803,52.2673,15.5222,56.6094,69400.0,1200568158200.0,1.2208,960.0674,0.0115,-0.0532,53.803,22.0827,0.1552
2023-10-18,91.3386,91.924,72.1228,47.1053,58.18,56.1905,14.942,60.8714,70500.0,1162769472000.0,1.2203,913.3077,0.0277,-0.0208,58.18,22.7514,0.1494
2023-10-19,87.4346,88.8626,63.5204,44.0945,53.2414,57.2447,21.1085,58.3968,69500.0,971958334000.0,1.1887,862.698,0.0132,-0.0307,53.2414,22.8423,0.2111
2023-10-20,85.9008,88.4161,54.1985,43.7173,50.0393,58.2938,21.803,56.1425,68800.0,1046069256000.0,1.1739,849.9094,0.003,-0.031,50.0393,22.9299,0.218
2023-10-23,84.375,88.2075,47.7157,45.953,48.2534,44.6809,26.284,53.3832,68400.0,795215595600.0,1.1555,841.1791,-0.0029,-0.027,48.2534,21.3192,0.2628
2023-10-24,84.6753,88.2353,50.1266,46.0938,48.7459,44.3396,30.3254,54.5386,68500.0,876232135000.0,1.1575,847.6032,-0.0014,-0.027,48.7459,21.2742,0.3033
2023-10-25,84.1969,88.0282,43.9394,44.1558,46.3696,45.4118,32.3486,53.1446,68000.0,721527804000.0,1.1567,846.8405,-0.0088,-0.0286,46.3696,21.3863,0.3235
2023-10-26,85.5297,88.5246,32.7456,38.601,40.8005,52.5822,47.6448,53.1353,66700.0,1035025520800.0,1.171,850.8328,-0.0271,-0.0444,40.8005,22.1324,0.4764
2023-10-27,86.3402,88.3178,37.9397,32.0413,44.1354,53.3958,50.5913,54.1885,67300.0,762827059800.0,1.1768,850.7299,-0.0182,-0.0614,44.1354,22.4491,0.5059
2023-10-30,84.5758,87.4126,38.0952,37.1134,44.1354,52.8037,48.6671,54.2479,67300.0,682372871000.0,1.1638,842.4347,-0.0181,-0.0467,44.1354,22.1568,0.4867
2023-10-31,85.1282,88.1395,34.25,39.5887,42.2933,50.5828,46.1684,53.1135,66900.0,969306874800.0,1.169,850.5052,-0.0238,-0.0415,42.2933,21.9064,0.4617
2023-11-01,84.6547,87.935,52.8678,42.8205,51.5489,66.5116,53.2893,61.6134,68600.0,944982561600.0,1.1667,850.2377,0.0005,-0.0352,51.5489,23.7991,0.5329
2023-11-02,81.3776,86.5741,65.4229,52.1739,56.4197,67.2854,54.7249,65.7182,69700.0,1139597160700.0,1.1423,836.976,0.0157,-0.0029,56.4197,23.8731,0.5472
2023-11-03,79.8982,84.9885,64.268,57.1429,55.8698,62.5,55.627,65.2146,69600.0,718427486400.0,1.1243,812.6533,0.0132,0.0116,55.8698,23.37,0.5563
2023-11-06,83.5025,85.2535,74.7525,67.43,61.1682,64.4342,53.2598,69.8867,70900.0,1575999870100.0,1.1569,817.3643,0.0309,0.0381,61.1682,23.5545,0.5326
2023-11-07,82.0253,84.5977,73.5802,66.2437,61.1682,64.7465,53.5421,69.2763,70900.0,1221517027900.0,1.1491,809.5623,0.0296,0.035,61.1682,23.5684,0.5354
2023-11-08,77.7778,81.1927,64.532,66.0759,55.2503,54.023,52.2404,64.0683,69900.0,901801569000.0,1.1036,775.9742,0.0142,0.034,55.2503,22.6238,0.5224
2023-11-09,75.5668,80.0915,67.5676,59.0909,57.0407,52.7523,54.0382,63.444,70300.0,864786521900.0,1.0768,767.2224,0.0194,0.0203,57.0407,22.4424,0.5404
2023-11-10,75.8794,82.4201,69.3627,67.0025,57.9466,48.0549,54.2753,64.691,70500.0,682746463500.0,1.0783,789.6133,0.0213,0.0368,57.9466,21.8138,0.5428
2023-11-13,72.9323,85.4214,67.2372,70.1005,57.296,43.8356,54.3431,63.9009,70400.0,650983097600.0,1.0695,821.595,0.0188,0.043,57.296,21.38,0.5434
2023-11-14,67.0,84.7727,70.2439,72.4311,59.2662,15.9453,59.3452,60.6609,70800.0,677413267200.0,1.0408,816.8346,0.0234,0.052,59.2662,18.6264,0.5935
2023-11-15,70.8229,90.7029,80.0487,82.25,65.3003,19.0909,58.7055,66.2405,72200.0,1454734479400.0,1.0565,876.514,0.0421,0.0776,65.3003,19.0756,0.5871
2023-11-16,71.6418,92.5339,84.7087,86.2843,67.5209,14.5125,53.5965,66.8525,72800.0,1154640832800.0,1.0673,920.2393,0.049,0.0915,67.5209,18.3136,0.536
2023-11-17,70.4715,92.7765,81.3559,87.5622,65.2717,12.8959,53.0324,65.6703,72500.0,833361690000.0,1.056,922.3321,0.0442,0.0935,65.2717,17.8922,0.5303
2023-11-20,70.0495,93.018,83.0918,86.1042,66.0829,11.9639,51.1529,65.419,72700.0,771358413900.0,1.0547,926.9502,0.0466,0.0916,66.0829,17.6118,0.5115
2023-11-21,67.9012,93.2584,83.3735,87.3762,66.5042,12.1622,51.0849,65.4296,72800.0,707097736800.0,1.0456,927.4145,0.0474,0.0931,66.5042,17.6128,0.5108
2023-11-22,68.4729,93.2735,82.6923,83.7037,66.5042,11.6854,50.3223,64.6439,72800.0,808454410400.0,1.0506,928.8804,0.0466,0.0849,66.5042,17.2285,0.5032
2023-11-23,58.7224,91.2752,77.458,74.6305,62.881,7.1749,49.7866,59.4544,72400.0,490554453600.0,1.021,915.9963,0.0402,0.0616,62.881,15.4172,0.4979
2023-11-24,52.6961,91.0714,72.7273,78.1327,57.0258,9.6197,36.0172,55.825,71700.0,478718314500.0,1.0053,914.9682,0.0298,0.0686,57.0258,16.0489,0.3602
2023-11-27,51.5892,91.314,69.6897,77.6961,53.9352,10.2679,35.4079,54.707,71300.0,649818004100.0,1.0031,918.8626,0.0239,0.0674,53.9352,16.316,0.3541
2023-11-28,50.9756,90.2222,80.2381,84.8411,61.749,12.0267,38.1785,59.148,72700.0,965679988700.0,1.0009,908.4103,0.0433,0.0883,61.749,16.9679,0.3818
2023-11-29,45.9854,87.8049,79.3349,83.1707,61.749,5.3333,38.051,56.7034,72700.0,674941929100.0,0.9849,866.2867,0.0428,0.0835,61.749,15.096,0.3805
2023-11-30,44.4175,84.0708,80.5687,84.6715,62.2791,1.5521,19.738,53.3056,72800.0,1149054379200.0,0.9821,833.6099,0.0439,0.0882,62.2791,14.2957,0.1974
2023-12-01,43.8257,84.5475,74.4681,54.6117,55.6369,3.7611,19.3302,47.1413,72000.0,710732448000.0,0.9808,836.2969,0.0324,0.0141,55.6369,15.0074,0.1933
2023-12-04,34.2995,80.6167,77.1226,56.9007,59.1553,1.1038,19.794,46.2164,72600.0,742644784200.0,0.9326,798.9108,0.0403,0.0197,59.1553,13.8865,0.1979
2023-12-05,31.5663,78.4615,66.8235,52.4155,49.3252,9.2511,35.9191,45.5162,71200.0,863633358400.0,0.914,783.6896,0.0198,0.0071,49.3252,15.7076,0.3592
2023-12-06,29.3269,77.8509,70.1878,58.3133,52.3694,3.7363,34.4353,45.9314,71700.0,582425337900.0,0.8978,774.0918,0.0264,0.0243,52.3694,14.9095,0.3444
2023-12-07,28.0576,75.2735,67.4473,55.2885,51.0484,3.5088,35.3926,44.4588,71500.0,633634215500.0,0.886,757.1439,0.0227,0.0156,51.0484,14.8794,0.3539
2023-12-08,28.4689,74.2358,76.8692,63.3094,57.4116,9.8468,39.5469,49.7144,72600.0,788397013800.0,0.8921,750.139,0.0374,0.0327,57.4116,15.7298,0.3955
2023-12-11,28.8783,71.8954,78.7879,62.4402,59.4745,10.0437,41.2595,50.2878,73000.0,719923080000.0,0.8964,740.7344,0.042,0.0311,59.4745,15.753,0.4126
2023-12-12,32.619,74.1304,84.4186,68.2578,61.9553,10.4575,42.0498,53.4999,73500.0,1011260481000.0,0.914,748.9302,0.0477,0.0426,61.9553,15.7959,0.4205
2023-12-13,27.791,69.1974,76.1021,59.0476,56.7204,3.4783,39.5609,47.2939,72800.0,954900564800.0,0.8851,729.0185,0.0364,0.0268,56.7204,14.8202,0.3956
2023-12-14,34.8341,75.5411,76.6204,56.2945,58.3448,2.82,41.3795,49.0119,73100.0,2015191048300.0,0.9278,757.2164,0.039,0.0195,58.3448,14.5993,0.4138
2023-12-15,37.3522,76.2419,76.6744,55.4502,59.4379,2.8139,39.2833,49.1378,73300.0,1130272439500.0,0.942,762.6993,0.0399,0.0181,59.4379,14.5321,0.3928
2023-12-18,36.5566,74.569,73.2719,66.6667,56.2583,3.4557,41.305,49.9347,72900.0,706441167900.0,0.9377,753.5816,0.0322,0.0385,56.2583,14.6593,0.413
2023-12-19,35.7647,72.6882,76.092,70.7547,59.1966,4.3103,39.5197,50.9593,73400.0,653820188800.0,0.934,746.4333,0.0372,0.0516,59.1966,14.8474,0.3952
2023-12-20,40.3756,74.6781,88.3028,79.7647,66.0694,12.9032,31.2422,56.3782,74800.0,1261887668800.0,0.9562,753.6374,0.055,0.0747,66.0694,16.2286,0.3124
2023-12-21,46.8384,75.1606,88.3295,85.446,66.9265,12.4464,32.3261,58.4331,75000.0,1010907450000.0,0.9841,756.6766,0.056,0.0885,66.9265,16.0282,0.3233
2023-12-22,58.6449,78.2051,93.1507,90.6323,70.5334,11.5632,29.4918,62.0538,75900.0,1101734647200.0,1.0158,772.93,0.0663,0.1032,70.5334,15.812,0.2949
2023-12-26,65.2681,78.8913,95.672,90.8879,72.9999,10.0427,30.1386,63.7741,76600.0,1008432029400.0,1.0336,780.2886,0.0734,0.1037,72.9999,15.6347,0.3014
2023-12-27,73.2558,82.766,98.6364,93.7063,77.124,9.3817,30.9236,66.8064,78000.0,1610781276000.0,1.0645,814.1397,0.0904,0.137,77.124,15.4615,0.3092
2023-12-28,79.3503,87.2611,99.093,94.6512,78.3933,9.3617,31.4182,68.6013,78500.0,1397106576000.0,1.1005,853.1051,0.0949,0.1477,78.3933,15.435,0.3142
2024-01-02,79.6296,89.4068,99.7738,97.2158,80.9038,12.1019,29.7633,69.7924,79600.0,1364570621200.0,1.1085,884.4689,0.1071,0.1793,80.9038,15.807,0.2976
2024-01-03,84.0647,93.6575,93.4537,95.6019,62.4376,37.5,37.5655,72.5101,77000.0,1675030588000.0,1.1548,930.0608,0.0685,0.1544,62.4376,20.073,0.3757
2024-01-04,87.5576,91.5612,89.4144,96.5358,60.1624,39.1121,37.5665,72.171,76600.0,1173852027400.0,1.1754,919.2392,0.0606,0.1606,60.1624,20.2041,0.3757
2024-01-05,87.3563,90.3158,88.3146,95.1613,60.1624,20.4641,31.1757,67.8344,76600.0,865910605600.0,1.1753,908.4929,0.0582,0.1536,60.1624,18.4811,0.3118
2024-01-08,88.7615,92.437,86.0987,91.2644,59.5335,20.6316,30.8537,67.1434,76500.0,848287386000.0,1.1886,925.6018,0.0543,0.1217,59.5335,18.5169,0.3085
2024-01-09,97.254,93.9203,67.7852,81.6514,49.5016,43.9076,32.9403,66.2622,74700.0,1943637900300.0,1.2521,944.5012,0.0273,0.0842,49.5016,20.7887,0.3294
2024-01-10,100.0,94.5607,55.8036,80.778,44.56,46.1216,26.5214,63.0859,73600.0,1491101334400.0,1.2858,958.9587,0.0104,0.0824,44.56,21.0218,0.2652
2024-01-11,100.0,100.0,49.8886,82.6484,42.8835,46.6527,24.1816,62.2885,73200.0,4223000671200.0,1.4548,1060.8337,0.0033,0.0877,42.8835,21.0486,0.2418
2024-01-12,99.7727,99.1667,46.4444,69.0205,42.4535,44.6764,23.2168,58.9539,73100.0,953146440900.0,1.4515,1017.8026,0.0002,0.0533,42.4535,20.9036,0.2322
2024-01-15,99.7732,95.2183,55.2106,67.7273,47.0297,45.8333,23.1802,60.744,73900.0,976391852100.0,1.4529,979.3962,0.0097,0.0482,47.0297,20.9579,0.2318
2024-01-16,99.3213,92.7386,39.3805,66.8934,41.2844,54.4699,20.9026,57.5165,72600.0,1071606129000.0,1.4032,935.6987,-0.0089,0.0446,41.2844,21.9077,0.209
2024-01-17,99.3228,89.648,25.6071,60.4072,35.5312,64.5228,19.4581,54.196,71000.0,1610539860000.0,1.4244,915.1722,-0.0311,0.032,35.5312,23.2034,0.1946
2024-01-18,99.3243,90.9091,31.7181,67.9458,39.5033,67.0807,25.1722,58.3133,71700.0,1280088564900.0,1.4514,921.9202,-0.0217,0.0482,39.5033,23.497,0.2517
2024-01-19,100.0,93.4021,61.7582,84.6847,52.8976,91.1157,33.5489,73.384,74700.0,1745247996900.0,1.5041,949.7404,0.0181,0.0905,52.8976,27.7224,0.3355
2024-01-22,100.0,94.6502,64.693,89.6629,54.3489,86.8041,33.5906,74.3471,75100.0,1477470462500.0,1.5109,974.195,0.0221,0.1044,54.3489,26.9612,0.3359
2024-01-23,100.0,95.6879,64.5514,91.704,54.7245,86.4198,34.0827,74.7825,75200.0,1111924044800.0,1.513,988.7372,0.0221,0.1274,54.7245,26.9491,0.3408
2024-01-24,99.3304,95.9016,50.655,87.9195,49.4652,87.885,36.0592,71.3468,74000.0,951688914000.0,1.503,991.5597,0.0049,0.0996,49.4652,27.1567,0.3606
2024-01-25,99.1091,96.728,50.7625,88.1696,49.8974,85.6557,33.2674,70.7453,74100.0,869767052700.0,1.4947,995.8319,0.0052,0.101,49.8974,26.8981,0.3327
2024-01-26,98.6667,94.0816,41.7391,86.8597,46.8757,82.2086,34.5882,67.792,73400.0,819148550800.0,1.4531,974.7006,-0.005,0.0972,46.8757,25.976,0.3459
2024-01-29,97.7827,93.6864,53.5792,80.8889,51.4032,84.2857,33.8792,69.7503,74400.0,1039853162400.0,1.4319,967.3699,0.008,0.0845,51.4032,26.4394,0.3388
2024-01-30,97.3451,91.8699,51.7316,73.1707,50.9357,79.6334,31.678,66.901,74300.0,909760257400.0,1.4091,947.7093,0.0062,0.066,50.9357,25.7138,0.3168
2024-01-31,96.9095,91.0751,34.9892,65.4867,44.0351,71.3415,36.5116,61.0462,72700.0,1141648812000.0,1.3796,931.3775,-0.0155,0.0445,44.0351,24.2357,0.3651
2024-02-01,96.9163,91.498,42.2414,62.0309,48.2797,74.2394,31.5809,62.1412,73600.0,1463244028800.0,1.3932,944.2974,-0.0036,0.0381,48.2797,24.8025,0.3158
2024-02-02,97.1429,91.7172,61.7204,70.7048,54.8375,83.4008,32.7133,69.5938,75200.0,1124682251200.0,1.4079,946.3289,0.0174,0.0606,54.8375,26.1694,0.3271
2024-02-05,97.807,91.9355,50.4292,72.5275,50.926,84.4444,33.6531,67.6368,74300.0,1413633360300.0,1.4397,949.3726,0.0048,0.0629,50.926,26.466,0.3365
2024-02-06,96.4989,92.3541,50.9636,69.9561,51.3413,74.7984,31.2761,65.4417,74400.0,1083208497600.0,1.3952,951.3901,0.0057,0.0583,51.3413,25.1203,0.3128
2024-02-07,96.0699,91.1647,58.3333,72.8665,53.8642,73.0382,28.822,66.789,75000.0,1242483375000.0,1.3836,945.8036,0.0129,0.0638,53.8642,24.6607,0.2882
2024-02-08,91.7211,84.5691,45.8422,67.4672,49.7014,74.498,30.763,62.2629,74100.0,1542073462800.0,1.2407,877.5804,-0.0001,0.0526,49.7014,24.9982,0.3076
2024-02-13,95.4348,87.976,59.5745,71.6776,54.3455,77.7555,23.0883,66.3405,75200.0,1651899224000.0,1.2734,920.714,0.0141,0.0621,54.3455,25.478,0.2309
2024-02-14,95.2278,90.5812,43.0998,53.6957,49.0274,81.5631,22.4609,60.5229,74000.0,920185930000.0,1.2704,939.8377,-0.0024,0.0249,49.0274,25.9431,0.2246
2024-02-15,94.8052,90.3808,34.322,45.1193,45.0694,77.9559,26.3088,57.0378,73000.0,1030803800000.0,1.2669,939.1088,-0.016,0.0027,45.0694,25.6053,0.2631
2024-02-16,90.0648,90.5812,32.3467,45.8874,44.2992,69.7395,26.0725,54.722,72800.0,978780056800.0,1.233,943.0695,-0.0189,0.0041,44.2992,24.2241,0.2607
2024-02-19,86.6379,90.1804,40.7173,50.108,48.9932,70.3407,26.1756,57.0501,73800.0,939208615200.0,1.2136,939.2968,-0.0057,0.0151,48.9932,24.4409,0.2618
2024-02-20,82.5806,84.5691,35.5789,47.1983,46.8665,30.0601,19.6803,47.1873,73300.0,1076152264100.0,1.177,900.0524,-0.013,0.0069,46.8665,19.5908,0.1968
2024-02-21,77.0386,81.3627,33.1933,44.9462,45.5879,29.2585,11.1959,43.6996,73000.0,839755135000.0,1.1429,856.7514,-0.0174,0.0027,45.5879,19.4753,0.112
2024-02-22,76.2313,80.9619,34.3816,48.4979,46.1156,29.4589,23.623,46.2557,73100.0,1111773075400.0,1.1415,855.2451,-0.0165,0.0097,46.1156,19.476,0.2362
2024-02-23,77.9915,81.3627,32.0084,50.9636,45.172,21.6433,23.6573,45.1935,72900.0,1182814601400.0,1.152,859.8061,-0.0192,0.0167,45.172,18.7036,0.2366
2024-02-26,79.5309,79.7595,30.8977,53.2051,44.6797,21.4429,24.9092,45.4867,72800.0,1067928825600.0,1.1603,850.2744,-0.0205,0.021,44.6797,18.688,0.2491
2024-02-27,80.4255,77.3547,32.2917,44.7761,45.3214,19.2385,25.8094,44.2634,72900.0,962424414900.0,1.1669,831.1868,-0.019,0.0028,45.3214,18.4204,0.2581
2024-02-28,78.3439,76.7535,35.5509,47.234,47.2966,17.0341,23.135,44.3773,73200.0,863456878800.0,1.156,823.2524,-0.0151,0.0069,47.2966,17.7712,0.2313
2024-02-29,83.2627,78.7575,36.722,47.7707,48.6289,17.2345,22.0345,45.6284,73400.0,1554347980200.0,1.1851,843.4989,-0.0125,0.0082,48.6289,17.8138,0.2203
2024-03-04,86.4693,82.3647,53.8302,63.9831,57.3394,15.8317,27.3617,53.7833,74900.0,1738464502600.0,1.211,866.9305,0.0073,0.0403,57.3394,17.4312,0.2736
2024-03-05,85.865,83.7675,39.0496,50.5285,50.0308,18.6373,27.2066,48.5254,73700.0,1437527712500.0,1.2057,888.6038,-0.0091,0.0152,50.0308,18.0069,0.2721
2024-03-06,88.4211,87.7756,30.9278,54.2194,45.8362,13.8277,25.3254,46.8158,72900.0,1570842274500.0,1.2239,924.5798,-0.0197,0.0239,45.8362,16.502,0.2533
2024-03-07,85.2941,85.3707,25.5144,46.9474,42.4802,13.8277,22.4824,43.1707,72200.0,1048124728600.0,1.2043,914.1217,-0.0284,0.007,42.4802,16.3213,0.2248
2024-03-08,86.7925,86.9739,36.345,55.042,48.8216,16.2325,19.3567,47.4621,73300.0,1412589881700.0,1.2179,921.1994,-0.0132,0.0252,48.8216,17.3335,0.1936
2024-03-11,83.0544,84.7695,27.8689,42.9769,44.4989,16.6333,24.7275,43.6094,72400.0,705212489600.0,1.1906,911.535,-0.0244,-0.0028,44.4989,17.4743,0.2473
2024-03-12,78.2881,82.9659,38.0368,44.9791,49.3303,17.8357,25.1465,45.7744,73300.0,953754238200.0,1.1604,890.3346,-0.0114,0.0041,49.3303,17.7126,0.2515
2024-03-13,73.9583,81.5631,48.5714,47.3904,53.2278,16.0321,22.6057,47.1914,74100.0,1129516229400.0,1.1321,874.842,0.0005,0.0082,53.2278,17.3178,0.2261
2024-03-14,79.0021,83.5671,51.9348,53.3333,54.1768,14.0281,31.7277,50.875,74300.0,1675133547700.0,1.1662,896.0818,0.0043,0.0206,54.1768,16.3671,0.3173
2024-03-15,83.195,86.9739,30.4878,41.1642,44.4619,21.6433,31.6463,45.8885,72300.0,1632574126500.0,1.1927,921.522,-0.0208,-0.0109,44.4619,18.4818,0.3165
2024-03-18,82.1946,89.3788,36.714,41.9087,47.0197,23.0461,31.7469,47.8171,72800.0,838681334400.0,1.1851,933.2814,-0.0129,-0.0068,47.0197,18.6412,0.3175
2024-03-19,83.0579,84.7695,37.8543,43.0642,47.0197,19.2385,29.3803,46.9609,72800.0,1119377604800.0,1.1924,914.6411,-0.0119,-0.0014,47.0197,17.9325,0.2938
2024-03-20,95.8763,98.7976,80.8081,67.3554,63.1565,84.3687,28.5821,73.7844,76900.0,3853174239300.0,1.3144,1008.8756,0.0437,0.0477,63.1565,26.4497,0.2858
2024-03-21,97.5309,100.0,95.7661,71.7526,69.0912,92.3848,38.3143,81.0597,79300.0,3534385060700.0,1.4307,1078.8293,0.0754,0.0602,69.0912,28.15,0.3831
2024-03-22,98.9733,100.0,93.9638,68.5185,67.1498,93.3868,36.9788,80.1863,78900.0,2108583642900.0,1.4708,1107.9121,0.0688,0.052,67.1498,28.3258,0.3698
2024-03-25,98.9754,100.0,88.5542,58.5216,63.7726,94.99,35.3524,77.264,78200.0,1462652487200.0,1.4809,1108.7256,0.058,0.0303,63.7726,28.5987,0.3535
2024-03-26,100.0,100.0,96.5932,65.5738,67.9838,95.992,39.2371,81.2374,79900.0,2441064370600.0,1.5361,1165.5867,0.079,0.0431,67.9838,29.2269,0.3924
2024-03-27,100.0,100.0,95.7916,53.9877,67.4869,96.5932,41.6715,79.7449,79800.0,1390482681000.0,1.5514,1185.5005,0.0757,0.0231,67.4869,29.2808,0.4167
2024-03-28,100.0,100.0,97.7956,57.1429,69.8596,97.3948,42.0459,81.0326,80800.0,2026852809600.0,1.5979,1226.491,0.0872,0.0293,69.8596,29.4147,0.4205
2024-03-29,100.0,100.0,99.5992,61.3035,73.2264,97.996,42.1907,82.466,82400.0,2235212558400.0,1.6224,1249.0349,0.1058,0.0352,73.2264,29.8534,0.4219
2024-04-01,99.7972,99.7996,98.998,75.0,71.0885,97.3948,39.7493,83.6796,82000.0,1649554066000.0,1.6151,1245.2497,0.0972,0.0649,71.0885,29.5704,0.3975
2024-04-02,100.0,100.0,100.0,91.0751,76.6052,97.996,37.8292,86.6956,85000.0,3151625240000.0,1.6804,1283.144,0.1333,0.1097,76.6052,30.5041,0.3783
2024-04-03,100.0,100.0,99.7996,87.8543,72.1569,97.7956,33.4236,85.0366,84100.0,2564490482700.0,1.7151,1284.9677,0.1185,0.0979,72.1569,30.4831,0.3342
2024-04-04,100.0,100.0,99.7996,91.3131,74.2998,97.5952,31.7309,85.4858,85300.0,2153734070200.0,1.7569,1319.5346,0.1314,0.115,74.2998,29.9097,0.3173
2024-04-05,100.0,99.7996,99.3988,92.5403,70.4093,97.5952,30.4446,84.9877,84500.0,1595677044000.0,1.7615,1304.703,0.118,0.1312,70.4093,30.4356,0.3044
2024-04-08,100.0,99.7996,99.1984,94.7686,70.4093,96.7936,32.8046,85.5156,84500.0,1601548104000.0,1.7981,1306.503,0.1149,0.1481,70.4093,29.6946,0.328
2024-04-09,100.0,100.0,97.996,93.7751,65.9067,97.3948,30.2791,84.4072,83600.0,1983489921600.0,1.8372,1332.5036,0.1003,0.1421,65.9067,30.3394,0.3028
2024-04-11,100.0,100.0,98.3968,94.99,67.163,97.1944,30.7415,84.8345,84100.0,2147746556900.0,1.8739,1358.3611,0.1038,0.1505,67.163,30.2975,0.3074
2024-04-12,99.7996,100.0,97.1944,92.5852,65.0964,97.996,32.4934,84.3796,83700.0,1428070149000.0,1.857,1362.6415,0.0958,0.1326,65.0964,30.5311,0.3249
2024-04-15,99.7996,100.0,92.986,92.3848,57.9011,94.99,33.6416,82.5097,82200.0,2191762058400.0,1.8738,1383.9967,0.074,0.1322,57.9011,29.3542,0.3364
2024-04-16,100.0,100.0,76.7535,91.1824,49.295,98.7976,33.9813,78.8744,80000.0,2555987600000.0,1.9459,1422.7019,0.0432,0.1268,49.295,31.6735,0.3398
2024-04-17,100.0,100.0,67.3347,87.1743,45.6421,99.3988,34.7507,76.2297,78900.0,1784057685900.0,1.972,1482.564,0.0275,0.1004,45.6421,32.3216,0.3475
2024-04-18,99.1984,99.7996,72.1443,73.3467,48.2692,79.7595,36.5362,72.5619,79600.0,1701067124000.0,1.871,1442.8191,0.0354,0.0656,48.2692,26.3044,0.3654
2024-04-19,98.5972,99.3988,52.7054,58.517,42.0204,73.7475,40.2948,65.3565,77600.0,2430242888800.0,1.8121,1413.1953,0.0085,0.0333,42.0204,25.6382,0.4029
2024-04-22,98.5972,99.5992,34.2685,46.8938,38.0427,80.1603,26.9058,58.5015,76100.0,2318727199700.0,1.8129,1437.7107,-0.0114,0.012,38.0427,26.437,0.2691
2024-04-23,98.1964,99.7996,27.4549,50.3006,36.5522,79.9599,28.0354,57.6,75500.0,1413186274500.0,1.8084,1446.7595,-0.0193,0.0203,36.5522,26.4039,0.2804
2024-04-24,97.7956,99.3988,62.5251,70.3407,47.9083,93.5872,27.9005,70.6793,78600.0,1742259390000.0,1.772,1440.5897,0.0197,0.0607,47.9083,29.2742,0.279
2024-04-25,97.5952,99.7996,35.2705,61.7234,41.9142,97.996,19.8318,62.7975,76300.0,1186398924200.0,1.7616,1461.0286,-0.0104,0.0395,41.9142,31.0193,0.1983
2024-04-26,96.7936,98.5972,38.2766,56.3126,43.2441,97.3948,20.884,62.5472,76700.0,978356744300.0,1.7134,1420.2317,-0.0059,0.0309,43.2441,30.6693,0.2088
2024-04-29,96.3928,98.1964,38.0762,57.1142,43.2441,94.7896,22.3771,62.3603,76700.0,1124765155800.0,1.6615,1384.4814,-0.0068,0.0323,43.2441,29.5554,0.2238
2024-04-30,96.1924,97.7956,46.0922,73.5471,46.1064,95.992,21.2505,66.6559,77500.0,1473043042500.0,1.6491,1370.6502,0.0023,0.066,46.1064,29.9601,0.2125
2024-05-02,95.3908,97.1944,51.503,69.1383,47.8757,79.9599,22.5737,64.867,78000.0,1474249920000.0,1.572,1348.4599,0.0077,0.0598,47.8757,26.533,0.2257
2024-05-03,94.3888,96.7936,45.491,56.3126,46.5588,78.7575,28.5363,62.1327,77600.0,1020586586400.0,1.5043,1331.8829,0.0014,0.0319,46.5588,26.43,0.2854
2024-05-07,93.7876,96.5932,80.1603,85.3707,58.0525,98.1964,30.9377,77.7405,81300.0,2133219968400.0,1.4965,1323.6509,0.0469,0.0942,58.0525,31.4212,0.3094
2024-05-08,93.1864,96.5932,78.1563,83.9679,58.0525,97.7956,31.9419,77.1296,81300.0,1064182528800.0,1.4727,1328.1492,0.0447,0.0927,58.0525,31.3197,0.3194
2024-05-09,92.7856,97.1944,63.1263,71.1423,52.4004,98.7976,30.586,71.5815,79700.0,1495166819500.0,1.467,1352.5584,0.0223,0.0627,52.4004,31.9457,0.3059
2024-05-10,91.3828,95.7916,57.1142,74.7495,50.738,98.5972,29.2721,70.176,79200.0,1344509020800.0,1.4372,1309.6653,0.0143,0.0688,50.738,31.8413,0.2927
2024-05-13,89.98,94.7896,45.491,61.7234,48.1081,98.1964,25.454,64.691,78400.0,1462343769600.0,1.403,1273.0868,0.0026,0.0426,48.1081,31.7733,0.2545
2024-05-14,89.1784,94.5892,42.0842,67.7355,47.7747,98.1964,26.76,64.9338,78300.0,921120573600.0,1.3797,1261.5491,0.0,0.0581,47.7747,31.7792,0.2676
2024-05-16,88.7776,93.988,39.0782,75.3507,47.4209,96.7936,24.057,64.7033,78200.0,1641400639600.0,1.351,1242.8811,-0.0025,0.0712,47.4209,31.301,0.2406
2024-05-17,88.3768,93.5872,29.2585,71.1423,44.5763,94.5892,26.6327,61.7792,77400.0,1232068757400.0,1.291,1186.4229,-0.0133,0.0632,44.5763,30.0903,0.2663
2024-05-20,87.976,92.986,47.0942,74.9499,50.5642,95.7916,26.8351,66.6067,78900.0,1535140178700.0,1.2772,1152.5653,0.0045,0.0691,50.5642,30.5958,0.2684
2024-05-21,84.3687,92.7856,37.8758,74.9499,48.6764,95.1904,27.4158,64.0101,78400.0,1073341707200.0,1.2488,1116.6551,-0.0033,0.0696,48.6764,30.4891,0.2742
2024-05-22,77.5551,92.5852,28.6573,71.3427,46.0824,90.1804,17.1831,58.0374,77700.0,1516821016200.0,1.2056,1114.8825,-0.0136,0.0644,46.0824,29.2556,0.1718
2024-05-23,70.5411,91.7836,35.2705,75.1503,48.6103,87.1743,19.4012,58.9335,78300.0,1466409212100.0,1.1654,1076.506,-0.0072,0.0711,48.6103,28.4224,0.194
2024-05-24,74.7495,91.984,13.8277,59.9198,40.4424,95.5912,20.8846,53.6799,75900.0,2116948000200.0,1.1901,1094.7787,-0.0385,0.0412,40.4424,30.5493,0.2088
2024-05-27,84.1683,92.7856,20.6413,67.5351,45.7589,83.1663,19.9159,56.2006,77200.0,3383305594400.0,1.2484,1130.4604,-0.023,0.0604,45.7589,27.4737,0.1992
2024-05-28,85.5711,92.5852,24.8497,71.1423,47.3173,67.5351,21.4535,55.8155,77600.0,1438631987200.0,1.257,1126.2268,-0.0188,0.0645,47.3173,25.33,0.2145
2024-05-29,88.3768,93.1864,10.2204,49.6994,39.9087,83.7675,20.9719,51.7759,75200.0,2274414600000.0,1.3076,1176.002,-0.0494,0.0273,39.9087,27.7163,0.2097
2024-05-30,88.5772,93.5872,6.6132,35.6713,35.6507,88.5772,27.4023,50.2806,73500.0,2098518565500.0,1.3434,1225.7577,-0.0711,0.0014,35.6507,28.7765,0.274
2024-05-31,88.7776,93.3868,6.6132,31.8637,35.6507,86.5731,28.4151,49.5708,73500.0,1925610036000.0,1.3563,1225.2838,-0.0713,-0.0187,35.6507,28.4117,0.2842
2024-06-03,88.1764,92.3848,12.2244,49.2986,44.5328,94.99,26.5926,54.9953,75700.0,1188964487600.0,1.3416,1164.0023,-0.0442,0.0271,44.5328,30.4924,0.2659
2024-06-04,88.1764,91.5832,10.8216,54.1082,43.3609,94.99,25.4576,55.0686,75300.0,1061583390900.0,1.3429,1119.0406,-0.0489,0.0329,43.3609,30.495,0.2546
2024-06-05,87.7756,89.98,22.4449,75.3507,50.6965,78.9579,31.7551,59.6325,77400.0,1793974723200.0,1.327,1073.3472,-0.0219,0.072,50.6965,27.0651,0.3176
2024-06-07,88.5772,89.5792,21.8437,64.1283,50.362,78.7575,37.0414,58.6385,77300.0,1637936677700.0,1.3524,1059.3308,-0.0227,0.0546,50.362,27.0534,0.3704
2024-06-10,87.5752,89.3788,13.2265,61.3226,45.2209,79.3587,35.1331,55.6137,75700.0,1105125753500.0,1.3394,1039.2401,-0.0424,0.0456,45.2209,27.1442,0.3513
2024-06-11,87.3747,89.3788,11.2224,47.495,43.719,79.3587,34.9426,52.9299,75200.0,1276232360000.0,1.3355,1039.9484,-0.0475,0.0259,43.719,27.1505,0.3494
2024-06-12,87.1743,89.3788,18.0361,53.1062,48.5077,83.1663,36.3384,56.3636,76500.0,1472374462500.0,1.3333,1050.8492,-0.0303,0.0324,48.5077,27.8615,0.3634
2024-06-13,89.7796,90.3808,38.8778,65.7315,55.1468,92.1844,37.0536,65.0407,78600.0,2653834994400.0,1.3971,1082.0749,-0.0031,0.0579,55.1468,29.6177,0.3705
2024-06-14,89.7796,89.7796,53.7074,87.3747,57.9285,93.1864,37.2965,71.6579,79600.0,1824958315200.0,1.4011,1076.1677,0.0103,0.101,57.9285,29.9366,0.373
2024-06-17,89.7796,89.5792,35.4709,75.5511,52.6535,95.1904,35.7211,65.7538,78100.0,1259210283100.0,1.4026,1074.9626,-0.0077,0.0728,52.6535,30.5242,0.3572
2024-06-18,89.3788,89.3788,57.515,85.5711,57.3893,95.992,33.2374,71.8067,79800.0,1452966320400.0,1.3975,1073.8233,0.0152,0.0962,57.3893,30.7253,0.3324
2024-06-19,90.7816,90.3808,70.3407,64.1283,60.8613,96.5932,32.8879,71.851,81200.0,1962511675600.0,1.4289,1092.192,0.0338,0.0559,60.8613,31.1687,0.3289
2024-06-20,90.982,88.7776,73.1463,48.2966,61.8186,96.1924,33.1313,69.9792,81600.0,1655575300800.0,1.4313,1069.4803,0.0398,0.029,61.8186,30.9239,0.3313
2024-06-21,90.3808,87.976,61.7234,39.479,55.9263,98.3968,34.4937,66.1474,80000.0,1432601840000.0,1.4274,1049.4869,0.0206,0.0139,55.9263,31.8323,0.3449
2024-06-24,87.976,86.5731,66.9339,50.3006,57.5599,90.3808,34.5333,67.2787,80600.0,1245610696200.0,1.3907,1014.4168,0.0293,0.0307,57.5599,29.5175,0.3453
2024-06-25,84.9699,78.5571,69.7395,38.2766,58.1172,86.7735,34.6996,64.3233,80800.0,1542347406400.0,1.3138,946.6253,0.0326,0.0113,58.1172,29.0518,0.347
2024-06-26,84.7695,76.7535,72.9459,41.8838,59.5473,86.7735,33.9086,65.3196,81300.0,1445777574600.0,1.3113,938.7692,0.0397,0.0188,59.5473,29.0672,0.3391
2024-06-27,81.7635,70.1403,77.5551,37.8758,60.4206,70.9419,31.4871,61.8773,81600.0,957961152000.0,1.2573,902.3429,0.0441,0.0099,60.4206,26.1905,0.3149
2024-06-28,72.3447,62.9259,75.7515,29.6593,59.956,56.3126,29.7246,55.6447,81500.0,770658213500.0,1.2034,845.8095,0.043,-0.0109,59.956,24.295,0.2972
2024-07-01,65.1303,60.521,79.1583,31.4629,60.9267,55.9118,24.9169,54.5897,81800.0,925747123600.0,1.1624,825.0719,0.0464,-0.0024,60.9267,24.2263,0.2492
2024-07-02,65.1303,62.1242,78.5571,22.2445,60.9267,43.2866,23.7888,51.184,81800.0,1183801747200.0,1.161,839.4237,0.0456,-0.0376,60.9267,22.5307,0.2379
2024-07-03,63.3267,65.9319,77.9559,25.4509,60.9267,42.6854,23.9567,51.59,81800.0,935818830400.0,1.1553,863.7739,0.045,-0.0273,60.9267,22.3221,0.2396
2024-07-04,75.7515,79.9599,94.1884,29.8597,69.5354,48.8978,22.7114,60.3703,84600.0,3710321573400.0,1.2209,958.2883,0.0789,-0.0082,69.5354,23.2629,0.2271
2024-07-05,84.3687,88.5772,98.7976,50.3006,74.8611,59.1182,17.992,67.8703,87100.0,3988412910300.0,1.3012,1067.5949,0.1076,0.0308,74.8611,24.7268,0.1799
2024-07-08,85.7715,90.5812,98.7976,53.507,75.4165,43.2866,12.1127,65.5609,87400.0,2100729706600.0,1.3355,1105.5576,0.1081,0.0343,75.4165,22.6378,0.1211
2024-07-09,86.9739,91.984,98.7976,61.3226,76.1723,40.6814,12.7441,66.8335,87800.0,1873318447800.0,1.3547,1132.6186,0.1106,0.0502,76.1723,22.0736,0.1274
2024-07-10,86.9739,91.984,98.1964,58.9178,76.1723,39.6794,15.9387,66.6814,87800.0,1564055766600.0,1.355,1137.1007,0.1074,0.044,76.1723,21.9442,0.1594
2024-07-11,84.7695,91.984,97.1944,60.1202,74.838,32.0641,17.8679,65.3443,87600.0,2161758460800.0,1.3297,1143.193,0.1018,0.0466,74.838,20.8064,0.1787
2024-07-12,85.5711,92.7856,85.3707,45.2906,57.4865,64.3287,12.668,63.2801,84400.0,2223466178400.0,1.3397,1180.9375,0.0595,0.0268,57.4865,25.5065,0.1267
2024-07-15,87.1743,93.7876,94.3888,79.1583,63.9552,63.7275,8.7123,70.4679,86700.0,2184240036000.0,1.3709,1230.257,0.0859,0.0837,63.9552,25.4721,0.0871
2024-07-16,86.9739,92.986,95.992,89.7796,66.3524,59.3186,7.2058,71.6239,87700.0,1417818537600.0,1.3687,1212.5729,0.0957,0.1115,66.3524,24.8605,0.0721
2024-07-17,85.7715,92.7856,93.1864,81.5631,61.9178,60.1202,24.8732,71.9568,86700.0,1576768683000.0,1.3505,1209.618,0.0808,0.0892,61.9178,25.0196,0.2487
2024-07-18,86.7735,93.7876,93.1864,90.3808,62.4582,60.1202,22.9601,73.297,86900.0,2148323551000.0,1.3642,1238.251,0.0818,0.1198,62.4582,25.0141,0.2296
2024-07-19,86.7735,94.5892,79.7595,88.978,52.4404,71.3427,25.7032,71.5745,84400.0,1567233896800.0,1.3659,1268.0663,0.0498,0.1091,52.4404,26.3431,0.257
2024-07-22,87.1743,95.1904,65.5311,85.9719,47.8153,76.9539,21.7416,68.1831,83000.0,1575967480000.0,1.3764,1296.5561,0.0316,0.0993,47.8153,27.1471,0.2174
2024-07-23,86.5731,96.1924,71.3427,71.3427,50.8183,78.7575,21.774,67.7367,83900.0,1322800037100.0,1.3673,1327.3494,0.0415,0.0674,50.8183,27.3475,0.2177
2024-07-24,85.9719,96.7936,54.1082,74.3487,44.9389,85.7715,17.0663,64.4687,82000.0,1389004806000.0,1.3624,1335.1512,0.017,0.0747,44.9389,28.6591,0.1707
2024-07-25,87.7756,97.1944,32.8657,59.1182,40.6716,90.1804,30.787,60.5389,80400.0,1634034404400.0,1.3849,1356.054,-0.0033,0.0482,40.6716,29.497,0.3079
2024-07-26,88.7776,98.1964,38.8778,61.9238,42.5088,90.7816,34.5517,63.2513,80900.0,1173724220600.0,1.3986,1386.5474,0.0022,0.0548,42.5088,29.5984,0.3455
2024-07-29,88.978,98.1964,41.8838,58.517,43.6366,90.7816,33.5579,63.3352,81200.0,1039127443200.0,1.4015,1392.1672,0.005,0.0477,43.6366,29.5989,0.3356
2024-07-30,88.1764,98.1964,38.2766,53.1062,43.0306,90.7816,36.2062,62.0186,81000.0,1066740516000.0,1.3974,1410.3051,0.002,0.0385,43.0306,29.6078,0.3621
2024-07-31,90.1804,97.996,68.3367,76.9539,53.1839,98.7976,46.9514,75.7178,83900.0,1740448699700.0,1.4246,1409.1337,0.0364,0.0812,53.1839,32.2043,0.4695
2024-08-01,83.5671,94.7896,60.3206,40.2806,50.5095,92.1844,49.3382,66.3996,83100.0,1736818087800.0,1.3466,1323.7723,0.0252,0.0221,50.5095,30.0198,0.4934
2024-08-02,79.5591,91.5832,20.2405,22.4449,40.835,96.5932,58.5986,55.8693,79600.0,2053701890000.0,1.2733,1235.8855,-0.0183,-0.0209,40.835,31.3471,0.586
2024-08-05,81.7635,92.7856,0.0,2.4048,27.5305,100.0,54.7548,47.8701,71400.0,3899067606000.0,1.3328,1271.6774,-0.1185,-0.1041,27.5305,48.2837,0.5475
2024-08-06,86.5731,94.3888,0.4008,5.01,30.7882,100.0,54.4065,49.4963,72500.0,3428903885000.0,1.3829,1321.84,-0.1038,-0.0846,30.7882,48.8625,0.5441
2024-08-07,89.7796,96.5932,1.8036,13.4269,36.8978,100.0,52.072,52.0016,74700.0,2443468971600.0,1.4094,1359.6673,-0.076,-0.0472,36.8978,50.7549,0.5207
2024-08-08,88.3768,96.5932,1.002,9.6192,34.9353,100.0,50.1284,50.5719,73400.0,2085641108600.0,1.4014,1360.3591,-0.0917,-0.0626,34.9353,50.813,0.5013
2024-08-09,84.3687,93.7876,2.2044,14.6293,38.4602,99.5992,53.4119,51.467,74700.0,1224200183400.0,1.3633,1321.288,-0.0758,-0.0448,38.4602,50.4752,0.5341
2024-08-12,79.9599,92.5852,3.6072,22.0441,40.5931,99.3988,54.1331,52.3697,75500.0,742864054500.0,1.3122,1290.1626,-0.0664,-0.0245,40.5931,49.3851,0.5413
2024-08-13,78.9579,93.3868,4.6092,17.8357,42.2108,99.1984,55.9955,52.2797,76100.0,815507462100.0,1.2899,1313.8181,-0.0591,-0.0355,42.2108,49.2255,0.56
2024-08-14,77.7555,94.5892,8.4168,23.8477,45.1593,99.3988,54.3405,53.9596,77200.0,1022604169600.0,1.2683,1327.6281,-0.0459,-0.0153,45.1593,49.7713,0.5434
2024-08-16,75.5511,95.992,28.8577,48.0962,52.3063,100.0,55.9894,62.5469,80200.0,1769330535600.0,1.2513,1356.0918,-0.0095,0.0322,52.3063,52.1141,0.5599
2024-08-19,74.1483,95.1904,13.2265,27.6553,48.0365,99.7996,54.5844,55.3961,78300.0,1107676039500.0,1.2345,1344.8271,-0.0332,0.0,48.0365,51.812,0.5458
2024-08-20,69.5391,92.7856,16.2325,53.7074,49.4401,99.5992,56.4351,59.3612,78900.0,842954660400.0,1.2068,1313.938,-0.0266,0.0395,49.4401,51.7243,0.5644
2024-08-21,64.9299,91.3828,12.6253,35.0701,48.0426,99.3988,57.8279,55.0516,78300.0,611178323400.0,1.1806,1287.6657,-0.0347,0.0142,48.0426,51.5081,0.5783
2024-08-22,58.517,90.1804,12.2244,32.4649,48.0426,99.1984,59.2899,53.6877,78300.0,638074608300.0,1.1527,1262.3054,-0.0352,0.009,48.0426,50.9999,0.5929
2024-08-23,55.511,89.1784,10.2204,49.2986,46.5176,98.5972,56.3275,54.5738,77700.0,731957776200.0,1.1198,1240.8032,-0.0423,0.0332,46.5176,50.6334,0.5633
2024-08-26,55.3106,90.3808,4.4088,50.7014,42.6314,98.998,56.3778,53.3912,76100.0,1191416881800.0,1.1188,1268.1603,-0.0613,0.0354,42.6314,50.9803,0.5638
2024-08-27,54.509,91.3828,4.008,46.493,41.9242,98.7976,55.1194,52.3701,75800.0,843664991000.0,1.1114,1289.8786,-0.0644,0.0313,41.9242,50.9181,0.5512
2024-08-28,53.507,91.5832,5.6112,31.8637,43.9277,99.1984,53.3718,50.3645,76400.0,748300869600.0,1.0993,1294.0201,-0.0562,0.0092,43.9277,51.0767,0.5337
2024-08-29,52.1042,92.7856,1.4028,21.6433,38.2443,97.5952,48.8693,46.4153,74000.0,1249451446000.0,1.0793,1317.0933,-0.0842,-0.0173,38.2443,49.9794,0.4887
2024-08-30,47.6954,94.3888,2.2044,13.4269,39.3015,97.5952,48.5993,44.9074,74300.0,1215438036000.0,1.0582,1328.9408,-0.0789,-0.0401,39.3015,50.0939,0.486
2024-09-02,37.2745,92.7856,2.4048,15.0301,39.6722,96.1924,48.6796,43.3032,74400.0,940518374400.0,1.0174,1320.641,-0.0764,-0.0375,39.6722,48.134,0.4868
2024-09-03,23.4469,88.5772,0.8016,12.2244,35.2652,84.7695,42.8281,37.0349,72500.0,1182808427500.0,0.9152,1253.9254,-0.0981,-0.0423,35.2652,29.4407,0.4283
2024-09-04,16.6333,85.9719,0.0,5.01,30.469,92.986,32.4392,33.7044,70000.0,1915659410000.0,0.8556,1192.8976,-0.1269,-0.0691,30.469,31.5033,0.3244
2024-09-05,12.6253,84.9699,0.0,1.6032,28.7828,84.5691,31.3366,30.8954,69000.0,1772387061000.0,0.8281,1173.5183,-0.1367,-0.098,28.7828,29.4581,0.3134
2024-09-06,8.6172,84.1683,0.2004,0.0,28.6122,81.3627,35.0499,30.0726,68900.0,1310636401100.0,0.7982,1152.0362,-0.1352,-0.1234,28.6122,29.0244,0.3505
2024-09-09,9.4188,85.9719,0.0,0.0,26.266,79.7595,39.3946,30.5097,67500.0,1570272615000.0,0.8096,1204.7904,-0.1498,-0.152,26.266,28.5631,0.3939
2024-09-10,16.8337,88.978,0.0,0.0,24.2754,78.5571,37.5022,31.2593,66200.0,2029121091200.0,0.8567,1266.976,-0.1629,-0.1524,24.2754,28.3636,0.375
2024-09-11,22.2445,96.7936,0.0,0.0,22.4436,76.9539,34.3738,31.9595,64900.0,2324049984300.0,0.9104,1365.3383,-0.1758,-0.1867,22.4436,28.1934,0.3437
2024-09-12,28.2565,98.998,0.4008,0.2004,28.6846,81.1623,28.2432,33.5278,66300.0,2379116227800.0,0.9556,1438.8703,-0.1547,-0.1835,28.6846,29.0241,0.2824
2024-09-13,27.4549,98.998,0.2004,0.0,25.666,51.1022,22.4259,27.6539,64400.0,1612906694000.0,0.9477,1439.6086,-0.1747,-0.2108,25.666,24.4162,0.2243
2024-09-19,36.2725,100.0,0.0,0.0,23.819,49.499,13.1225,27.216,63100.0,3117311190300.0,1.014,1555.446,-0.1863,-0.2113,23.819,24.1952,0.1312
2024-09-20,46.2926,100.0,0.2004,0.0,23.6779,44.8898,15.4844,28.4079,63000.0,2063001528000.0,1.0539,1624.4178,-0.1825,-0.2184,23.6779,23.4746,0.1548
2024-09-23,53.1062,100.0,0.4008,0.0,23.0885,45.491,16.9278,29.7178,62600.0,1786752737600.0,1.093,1712.3925,-0.1823,-0.2252,23.0885,23.5047,0.1693
2024-09-24,56.1122,100.0,1.002,0.2004,26.0616,50.7014,18.4515,31.6264,63200.0,1703714000000.0,1.1282,1798.2906,-0.1691,-0.2226,26.0616,24.3361,0.1845
2024-09-25,61.3226,100.0,0.6012,0.0,24.3707,51.1022,19.968,32.4162,62200.0,1782181643600.0,1.1634,1828.136,-0.1768,-0.2377,24.3707,24.3767,0.1997
2024-09-26,68.5371,100.0,2.004,1.2024,35.617,87.3747,41.5953,43.7689,64700.0,2430521170500.0,1.2043,1900.7593,-0.1392,-0.2061,35.617,29.9401,0.416
2024-09-27,74.1483,100.0,2.004,0.8016,34.5116,86.7735,40.8428,44.2369,64200.0,1825400526000.0,1.2372,1914.5248,-0.1407,-0.2152,34.5116,29.9003,0.4084
2024-09-30,78.5571,100.0,1.2024,0.0,29.2353,93.1864,42.1843,45.2532,61500.0,2010691024500.0,1.2787,1964.7713,-0.171,-0.2482,29.2353,31.6459,0.4218
2024-10-02,79.1583,100.0,1.6032,0.0,28.8831,90.5812,44.4954,45.3442,61300.0,1745427756800.0,1.2928,1977.7069,-0.168,-0.2506,28.8831,30.7372,0.445
2024-10-04,79.1583,99.5992,1.2024,0.0,27.6283,87.7756,42.0621,44.3126,60600.0,1469403226800.0,1.2992,1957.7492,-0.1716,-0.2837,27.6283,30.3268,0.4206
2024-10-07,81.5631,100.0,2.2044,0.0,29.5127,89.98,41.0051,45.2744,61000.0,2139058513000.0,1.336,2001.9947,-0.1608,-0.2997,29.5127,30.6461,0.4101
2024-10-08,82.7655,100.0,2.004,0.0,28.1322,86.9739,35.6978,44.0296,60300.0,1652930695800.0,1.3488,2024.8445,-0.1652,-0.3101,28.1322,30.0743,0.357
2024-10-10,84.9699,99.7996,0.6012,0.0,25.5574,79.5591,36.1858,42.7632,58900.0,2665944404600.0,1.3684,2018.4404,-0.1789,-0.3292,25.5574,29.0136,0.3619
2024-10-11,84.3687,99.3988,2.004,0.2004,27.5964,82.7655,35.946,43.5924,59300.0,1756701361700.0,1.3646,1987.1226,-0.168,-0.3246,27.5964,29.4259,0.3595
2024-10-14,83.5671,98.998,3.4068,0.6012,34.8077,92.7856,34.7882,45.8233,60800.0,1269883939200.0,1.3623,1975.0745,-0.1423,-0.3059,34.8077,31.5729,0.3479
2024-10-15,83.3667,98.3968,4.4088,1.2024,35.7269,91.3828,34.7774,45.9035,61000.0,1385629579000.0,1.3566,1920.5804,-0.1346,-0.2773,35.7269,31.275,0.3478
2024-10-16,79.7595,97.7956,3.2064,0.4008,32.0742,93.1864,32.9686,44.5756,59500.0,1386544446000.0,1.3332,1864.8234,-0.1507,-0.3137,32.0742,31.6649,0.3297
2024-10-17,77.7555,97.3948,3.6072,0.4008,33.057,91.5832,32.9696,44.173,59700.0,1395360518100.0,1.2994,1810.7359,-0.1426,-0.3193,33.057,31.3247,0.3297
2024-10-18,72.7455,96.994,3.6072,0.6012,31.8176,84.7695,39.9155,43.3074,59200.0,853679392000.0,1.2483,1753.1012,-0.1437,-0.3172,31.8176,29.856,0.3992
2024-10-21,70.7415,96.7936,4.4088,0.4008,31.3119,76.7535,43.767,42.4417,59000.0,1092379395000.0,1.2324,1752.9989,-0.1406,-0.3211,31.3119,28.548,0.4377
2024-10-22,61.7234,96.3928,3.2064,1.002,28.177,77.7555,50.0663,41.6803,57700.0,1591511807900.0,1.1786,1686.9825,-0.1541,-0.3164,28.177,28.6959,0.5007
2024-10-23,56.9138,96.3928,5.6112,2.004,35.649,86.9739,38.8826,42.0426,59100.0,1613476098000.0,1.16,1695.8138,-0.1305,-0.288,35.649,30.4195,0.3888
2024-10-24,56.1122,96.1924,2.6052,0.2004,29.7059,95.992,31.763,40.721,56600.0,1782895585200.0,1.1569,1695.3532,-0.1633,-0.3254,29.7059,33.5782,0.3176
2024-10-25,53.9078,95.7916,2.004,1.002,28.2841,95.7916,27.7761,39.58,55900.0,1443858708500.0,1.1471,1660.3039,-0.1691,-0.3183,28.2841,33.2173,0.2778
2024-10-28,52.7054,95.7916,6.012,2.8056,38.2824,95.992,25.1879,41.1134,58100.0,1613728022900.0,1.1399,1677.6795,-0.1324,-0.2774,38.2824,36.5561,0.2519
2024-10-29,50.1002,95.3908,6.8136,3.2064,44.0136,95.7916,1.8976,37.9525,59600.0,1690811114400.0,1.1122,1633.3447,-0.106,-0.2633,44.0136,34.6799,0.019
2024-10-30,47.8958,94.99,6.8136,3.2064,42.5937,95.7916,2.9108,37.5918,59100.0,1172456000100.0,1.0894,1586.8293,-0.1091,-0.2722,42.5937,34.69,0.0291
2024-10-31,47.6954,94.7896,7.4148,3.4068,42.9898,91.3828,-1.2379,36.448,59200.0,2119904403200.0,1.0892,1583.6903,-0.103,-0.2691,42.9898,31.5393,-0.0124
2024-11-01,43.2866,94.5892,6.8136,2.2044,40.2949,93.3868,-1.1206,35.5147,58300.0,1112549394000.0,1.0669,1558.8804,-0.1116,-0.3051,40.2949,31.8965,-0.0112
2024-11-04,39.479,94.1884,7.8156,2.6052,42.0341,93.1864,0.2969,35.5205,58700.0,914953788900.0,1.0474,1538.6079,-0.0996,-0.2936,42.0341,31.8757,0.003
2024-11-05,29.4589,93.988,7.014,3.6072,38.6959,93.988,0.4802,33.8013,57600.0,1007105702400.0,1.0088,1488.969,-0.1108,-0.2764,38.6959,32.2908,0.0048
2024-11-06,26.8537,92.1844,7.2144,6.4128,37.8138,93.3868,4.0685,34.051,57300.0,1265884091400.0,0.9942,1427.6518,-0.1095,-0.1975,37.8138,32.1433,0.0407
2024-11-07,19.6393,90.1804,8.2164,6.2124,38.8151,88.7776,6.02,32.6402,57500.0,979978365000.0,0.9359,1372.9445,-0.1006,-0.2069,38.8151,31.2257,0.0602
2024-11-08,16.2325,87.5752,8.2164,5.01,37.2024,88.5772,5.6579,31.4427,57000.0,791011572000.0,0.9034,1333.0794,-0.1024,-0.2369,37.2024,31.1856,0.0566
2024-11-11,17.4349,86.1723,6.4128,4.4088,31.5547,91.3828,11.9299,31.8287,55000.0,1639622930000.0,0.9143,1325.3512,-0.1277,-0.2507,31.5547,31.6656,0.1193
2024-11-12,19.4389,84.1683,3.8076,2.8056,27.1208,95.1904,20.9208,32.6438,53000.0,2012032693000.0,0.9334,1312.6982,-0.1532,-0.2905,27.1208,33.4492,0.2092
2024-11-13,24.2485,88.1764,0.2004,0.0,22.9529,95.7916,26.2538,33.0971,50600.0,2657916547000.0,0.9715,1350.565,-0.185,-0.3298,22.9529,35.755,0.2625
2024-11-14,28.8577,88.3768,0.0,0.0,21.8959,95.5912,24.4442,33.3612,49900.0,2420684678500.0,1.0038,1355.2062,-0.1893,-0.3443,21.8959,35.5462,0.2444
2024-11-15,41.6834,90.1804,7.4148,2.4048,37.7676,95.992,23.2041,38.7704,53500.0,2502434947500.0,1.0558,1378.8726,-0.125,-0.307,37.7676,45.1997,0.232
2024-11-18,49.2986,91.7836,12.2244,3.4068,47.9021,97.5952,23.0992,42.4234,56700.0,2726999767800.0,1.1053,1421.3379,-0.0673,-0.293,47.9021,50.4636,0.231
2024-11-19,49.499,91.5832,12.2244,4.2084,46.8745,96.994,23.381,42.403,56300.0,1775681281600.0,1.1087,1421.1269,-0.0683,-0.281,46.8745,49.9387,0.2338
2024-11-20,47.6954,90.5812,10.4208,3.2064,44.3151,96.3928,32.9928,42.6169,55300.0,1153816085100.0,1.092,1395.5963,-0.0797,-0.2991,44.3151,49.3452,0.3299
2024-11-21,42.6854,87.1743,14.0281,4.6092,47.6981,95.3908,36.0452,43.1024,56400.0,1077062340000.0,1.0673,1352.1091,-0.0571,-0.2797,47.6981,47.6218,0.3605
2024-11-22,38.2766,83.3667,13.6273,4.2084,46.5897,95.1904,37.5642,42.007,56000.0,855766408000.0,1.0472,1318.2265,-0.0597,-0.2848,46.5897,47.4771,0.3756
2024-11-25,41.8838,82.1643,24.0481,6.2124,52.2641,94.99,41.6043,45.956,57900.0,2098141117500.0,1.0615,1307.8853,-0.0242,-0.2548,52.2641,46.9473,0.416
2024-11-26,38.477,80.5611,30.8617,7.4148,53.3869,94.7896,40.6614,46.7686,58300.0,1353108311500.0,1.0497,1285.5407,-0.0144,-0.2339,53.3869,46.0544,0.4066
2024-11-27,38.6774,81.5631,17.4349,6.2124,47.3855,95.1904,46.1912,44.3225,56300.0,1227812188100.0,1.0505,1299.7786,-0.045,-0.2573,47.3855,47.5481,0.4619
2024-11-28,30.0601,78.9579,14.8297,5.6112,45.1969,95.3908,46.5075,42.0169,55500.0,1110062937000.0,1.0161,1267.7913,-0.0555,-0.2736,45.1969,47.7033,0.4651
2024-11-29,31.4629,79.3587,11.6232,6.2124,41.8169,95.3908,45.9566,41.2956,54200.0,1328633380200.0,1.0216,1269.8682,-0.0739,-0.2676,41.8169,48.0765,0.4596
2024-12-02,33.2665,80.5611,10.4208,5.01,40.3182,95.1904,45.4399,41.0081,53600.0,1181604871200.0,1.0294,1289.4537,-0.0807,-0.2786,40.3182,47.9798,0.4544
2024-12-03,34.2685,81.3627,11.022,5.01,40.3182,94.7896,39.1586,40.3565,53600.0,1252878720800.0,1.0354,1299.1231,-0.0777,-0.2796,40.3182,47.6973,0.3916
2024-12-04,36.4729,81.1623,10.4208,6.6132,38.9685,94.99,38.7781,40.6254,53100.0,1540153074600.0,1.0415,1297.2955,-0.0832,-0.2676,38.9685,47.7387,0.3878
2024-12-05,37.8758,81.7635,13.2265,8.8176,41.4994,94.99,36.6392,41.72,53700.0,1266690474900.0,1.0493,1305.0135,-0.07,-0.2329,41.4994,47.9745,0.3664
2024-12-06,42.0842,81.3627,14.6293,9.6192,43.1908,95.3908,35.3681,42.7505,54100.0,1236827383400.0,1.0631,1302.9238,-0.0601,-0.2159,43.1908,48.0797,0.3537
2024-12-09,39.0782,80.3607,13.4269,9.2184,40.959,93.1864,34.8504,41.2673,53400.0,1400558112000.0,1.0533,1296.0233,-0.0694,-0.225,40.959,46.6609,0.3485
2024-12-10,30.8617,78.5571,16.4329,11.022,43.6469,92.5852,28.1342,39.8974,54000.0,1122334380000.0,1.0242,1279.7233,-0.0554,-0.2,43.6469,44.8919,0.2813
2024-12-11,22.6453,73.7475,17.2345,11.6232,43.6469,92.3848,21.2567,37.3728,54000.0,786561138000.0,0.9628,1202.586,-0.052,-0.1843,43.6469,41.2885,0.2126
2024-12-12,20.2405,72.5451,31.8637,12.4248,51.7193,92.3848,12.0027,39.3571,55900.0,1871347418200.0,0.942,1175.2986,-0.0167,-0.1387,51.7193,42.1919,0.12
2024-12-13,14.2285,69.7395,35.0701,12.024,52.4908,91.3828,7.401,37.9925,56100.0,892484970300.0,0.8894,1112.7145,-0.0114,-0.1538,52.4908,34.7678,0.074
2024-12-16,8.2164,65.3307,30.6613,12.8257,50.3257,68.9379,13.5148,33.2221,55600.0,849416601200.0,0.8276,1027.0613,-0.0185,-0.1366,50.3257,28.0039,0.1351
2024-12-17,5.01,62.9259,21.2425,12.6253,44.7589,75.1503,12.3404,30.7859,54200.0,1095665466000.0,0.8044,985.2768,-0.0409,-0.141,44.7589,29.271,0.1234
2024-12-18,4.6092,61.523,25.6513,13.2265,47.8643,74.3487,13.4182,31.9094,54900.0,752071641300.0,0.7914,966.0696,-0.0267,-0.1286,47.8643,29.0735,0.1342
2024-12-19,4.8096,61.523,15.8317,12.6253,41.4169,80.7615,35.3873,33.4979,53100.0,1193790217500.0,0.7942,966.4918,-0.0566,-0.1518,41.4169,30.2895,0.3539
2024-12-20,6.012,62.7255,16.0321,12.024,41.0858,80.5611,32.6397,33.2731,53000.0,1307763022000.0,0.8083,979.5073,-0.0563,-0.1614,41.0858,30.2524,0.3264
2024-12-23,4.008,57.7154,20.0401,13.2265,43.5173,67.5351,33.5013,31.8719,53500.0,731486775000.0,0.7643,939.9507,-0.0449,-0.1399,43.5173,27.5305,0.335
2024-12-24,3.8076,53.1062,26.6533,12.2244,47.7013,69.9399,29.8612,32.7864,54400.0,632926428800.0,0.7436,917.3591,-0.0266,-0.1592,47.7013,28.2522,0.2986
2024-12-26,2.6052,50.3006,22.4449,12.024,44.5427,59.519,29.8768,29.5771,53600.0,563715220000.0,0.723,899.7772,-0.0388,-0.1651,44.5427,26.1047,0.2988
2024-12-27,1.002,48.8978,23.2465,14.4289,45.0327,56.9138,25.6237,28.7376,53700.0,577124425200.0,0.7058,882.023,-0.035,-0.1268,45.0327,25.7596,0.2562
2024-12-30,0.4008,47.2946,21.8437,14.2285,42.9877,50.1002,28.9554,27.4497,53200.0,671634146400.0,0.6843,862.7335,-0.0419,-0.1321,42.9877,24.6082,0.2896
2025-01-02,0.2004,44.8898,23.0461,15.0301,44.0816,48.2966,30.8922,27.6692,53400.0,888070729200.0,0.6754,849.3735,-0.0363,-0.1188,44.0816,24.3557,0.3089
2025-01-03,0.0,42.8858,33.8677,15.2305,49.3177,53.507,42.4501,32.672,54400.0,1050901702400.0,0.6687,834.7096,-0.0171,-0.1082,49.3177,25.2486,0.4245
2025-01-06,0.0,44.2886,55.511,16.4329,55.9768,62.5251,48.3557,40.2258,55900.0,1064016475600.0,0.6532,846.31,0.0111,-0.073,55.9768,26.6067,0.4836
2025-01-07,0.0,43.487,48.2966,18.4369,53.4555,62.7255,47.3521,38.6307,55400.0,943475019000.0,0.6427,841.6029,0.0025,-0.0594,53.4555,26.7011,0.4735
2025-01-08,0.2004,48.497,73.3467,23.8477,60.6994,72.7455,46.2076,47.0392,57300.0,1523810586900.0,0.6522,877.0593,0.0364,-0.0337,60.6994,29.0,0.4621
2025-01-09,0.2004,49.6994,58.1162,16.2325,54.8891,78.3567,45.0597,43.0595,56100.0,1373922211200.0,0.6514,890.6731,0.0154,-0.0773,54.8891,29.7268,0.4506
2025-01-10,0.2004,50.501,47.6954,15.8317,51.3594,80.3607,45.0437,40.9406,55300.0,888075031900.0,0.6445,900.2498,0.0025,-0.0934,51.3594,30.1143,0.4504
2025-01-13,0.4008,51.3026,32.8657,16.0321,46.5264,85.1703,45.7871,38.4646,54100.0,912591260000.0,0.65,908.8685,-0.0175,-0.0908,46.5264,31.2159,0.4579
2025-01-14,0.0,49.2986,31.2625,15.8317,45.7536,70.1403,45.5854,35.4913,53900.0,941413411400.0,0.6198,891.2653,-0.0192,-0.0972,45.7536,28.4407,0.4559
2025-01-15,0.2004,50.3006,29.0581,16.2325,44.9496,69.5391,52.7741,36.1485,53700.0,1000163842500.0,0.6231,900.464,-0.0212,-0.0929,44.9496,28.375,0.5277
2025-01-16,0.4008,52.7054,39.2786,17.0341,47.9071,71.1423,52.8137,39.1256,54300.0,1011462281400.0,0.6282,915.59,-0.0087,-0.0797,47.9071,28.633,0.5281
2025-01-17,0.4008,54.7094,32.0641,17.8357,45.2869,65.1303,52.9187,36.8553,53700.0,1009846972800.0,0.6269,922.4444,-0.0182,-0.0693,45.2869,27.4428,0.5292
2025-01-20,0.4008,52.7054,28.0561,16.0321,43.9914,61.9238,53.164,35.009,53400.0,631323155400.0,0.6243,916.3577,-0.0223,-0.0964,43.9914,27.0353,0.5316
2025-01-21,0.0,47.495,30.8617,21.0421,44.5607,46.0922,52.8022,33.3684,53500.0,724160057000.0,0.6145,884.5471,-0.0191,-0.0548,44.5607,24.263,0.528
2025-01-22,0.0,46.0922,42.6854,26.8537,49.0248,49.6994,47.9551,36.725,54300.0,995970111300.0,0.604,869.5315,-0.0034,-0.0286,49.0248,24.7774,0.4796
2025-01-23,0.2004,44.0882,34.8697,17.6353,46.0311,50.501,40.0371,32.2419,53700.0,837079197900.0,0.6078,854.5905,-0.014,-0.0757,46.0311,24.948,0.4004
2025-01-24,0.4008,39.479,34.8697,15.6313,46.0311,44.8898,42.1796,30.9902,53700.0,637291784700.0,0.6086,832.0596,-0.0142,-0.099,46.0311,24.1758,0.4218
2025-01-31,3.006,48.6974,22.0441,15.2305,39.9074,51.7034,47.5342,30.8904,52400.0,2210561019600.0,0.6625,892.5231,-0.0387,-0.1134,39.9074,25.1541,0.4753
2025-02-03,3.8076,52.9058,13.6273,14.0281,34.5732,61.7234,51.703,31.1627,51000.0,1649589747000.0,0.6975,918.6131,-0.0648,-0.1385,34.5732,26.7448,0.517
2025-02-04,4.4088,56.3126,24.0481,16.8337,44.3078,74.9499,48.8482,36.6278,52700.0,1434222647700.0,0.7235,933.205,-0.0333,-0.0961,44.3078,29.3826,0.4885
2025-02-05,4.4088,53.7074,25.6513,16.2325,45.3382,74.9499,51.9104,37.1601,52900.0,845071416500.0,0.7233,921.2243,-0.0283,-0.0988,45.3382,29.3833,0.5191
2025-02-06,4.2084,49.499,41.2826,20.6413,50.7369,76.3527,50.9468,41.1025,54000.0,889165350000.0,0.7183,905.8221,-0.0072,-0.0625,50.7369,29.5656,0.5095
2025-02-07,4.2084,46.0922,37.2745,20.2405,49.3066,65.9319,51.5241,38.2805,53700.0,777407704200.0,0.7091,882.4174,-0.0122,-0.0628,49.3066,27.745,0.5152
2025-02-10,5.2104,49.499,64.1283,27.4549,57.4816,82.3647,46.836,47.8036,55600.0,1533314059600.0,0.7275,907.8214,0.0231,-0.033,57.4816,30.4964,0.4684
2025-02-11,4.6092,47.6954,65.9319,30.8617,57.8668,65.7315,44.6236,45.6165,55700.0,1370008117200.0,0.7213,892.8667,0.025,-0.0228,57.8668,27.8282,0.4462
2025-02-12,5.4108,46.8938,67.3347,44.0882,58.2738,60.7214,45.3501,47.3193,55800.0,1474715656800.0,0.7238,890.9572,0.0277,0.0145,58.2738,26.8431,0.4535
2025-02-13,5.8116,44.6894,67.7355,66.1323,58.2738,58.3166,48.4402,50.6485,55800.0,1252619436600.0,0.7353,876.8988,0.0286,0.0528,58.2738,26.322,0.4844
2025-02-14,6.2124,47.8958,71.1423,88.5772,59.1883,50.9018,46.7909,53.8092,56000.0,1342867624000.0,0.7492,899.1598,0.0324,0.1067,59.1883,24.9668,0.4679
2025-02-17,6.012,46.6934,70.9419,90.7816,59.1883,50.7014,46.7869,53.9188,56000.0,667297512000.0,0.7416,891.0374,0.0322,0.1222,59.1883,24.8945,0.4679
2025-02-18,6.6132,50.3006,82.9659,71.5431,63.3771,52.7054,43.6253,54.134,56900.0,1259254298300.0,0.75,909.9802,0.0478,0.0636,63.3771,25.2802,0.4363
2025-02-19,7.014,52.9058,93.5872,57.515,70.0075,62.1242,39.2891,55.9001,58700.0,1490695363700.0,0.7658,919.4987,0.0789,0.0353,70.0075,27.0799,0.3929
2025-02-20,7.2144,52.7054,91.5832,58.517,67.8042,60.521,44.2615,55.9447,58400.0,1260801045600.0,0.7737,919.2568,0.0715,0.0373,67.8042,26.7209,0.4426
2025-02-21,7.8156,57.7154,89.5792,65.9319,66.306,60.3206,47.6182,57.5709,58200.0,1291948509600.0,0.7956,942.4418,0.0658,0.0524,66.306,26.6262,0.4762
2025-02-24,8.2164,58.9178,82.7655,44.8898,59.8925,65.1303,44.0772,52.7812,57300.0,810134388300.0,0.8,946.6284,0.048,0.016,59.8925,27.5429,0.4408
2025-02-25,8.016,59.9198,79.3587,47.6954,59.2073,63.5271,42.7935,52.0893,57200.0,836560353200.0,0.7964,955.6958,0.0449,0.0214,59.2073,27.2593,0.4279
2025-02-26,8.6172,62.7255,71.1423,31.0621,55.1314,63.5271,42.4138,47.8572,56600.0,1025427350600.0,0.8025,983.4079,0.0328,-0.0225,55.1314,27.2222,0.4241
2025-02-27,9.6192,64.1283,66.3327,27.2545,53.1609,64.7295,41.8913,46.5196,56300.0,843112542800.0,0.8098,999.166,0.0264,-0.0343,53.1609,27.3554,0.4189
2025-02-28,7.4148,59.519,42.2846,28.0561,43.1867,69.3387,38.6597,40.2479,54500.0,1528000041000.0,0.7858,957.3869,-0.0066,-0.032,43.1867,28.5182,0.3866
2025-03-04,7.014,55.3106,42.485,32.8657,43.1867,58.517,33.4554,38.1245,54500.0,1011189348500.0,0.7644,933.6997,-0.0061,-0.018,43.1867,26.4015,0.3346
2025-03-05,6.4128,46.8938,35.4709,35.6713,40.7251,46.6934,29.3393,33.5736,54000.0,895256118000.0,0.7468,901.9673,-0.0144,-0.0037,40.7251,24.3102,0.2934
2025-03-06,6.012,42.485,40.8818,43.487,42.8306,47.2946,29.0331,35.5819,54300.0,665614884300.0,0.7412,878.0217,-0.0085,0.0131,42.8306,24.3427,0.2903
2025-03-07,6.012,40.481,31.0621,37.6754,39.7866,43.487,26.4708,31.286,53700.0,766567070400.0,0.7378,865.0751,-0.0192,0.0019,39.7866,23.6026,0.2647
2025-03-10,6.012,39.479,32.2645,42.6854,39.7866,43.0862,26.2612,32.0862,53700.0,693893679000.0,0.7359,859.7531,-0.0188,0.0113,39.7866,23.5196,0.2626
2025-03-11,4.4088,35.0701,29.2585,36.4729,39.2475,23.2465,27.4289,27.017,53600.0,950911757600.0,0.7167,836.3513,-0.0208,-0.0019,39.2475,19.6057,0.2743
2025-03-12,4.008,33.4669,50.1002,45.0902,48.9354,33.0661,30.4292,35.1493,54900.0,986729832900.0,0.7038,824.9764,0.0022,0.0148,48.9354,21.6249,0.3043
2025-03-13,4.008,33.0661,47.2946,49.499,47.6758,33.2665,31.1058,35.215,54700.0,1320028659700.0,0.6978,821.6529,-0.0019,0.0243,47.6758,21.6272,0.3111
2025-03-14,3.6072,33.0661,47.2946,43.487,47.6758,33.4669,33.7564,34.6807,54700.0,593229923800.0,0.6775,822.4895,-0.002,0.013,47.6758,21.6272,0.3376
2025-03-17,4.4088,39.6794,83.9679,73.3467,63.4827,70.7415,34.1074,54.5005,57600.0,2048199609600.0,0.7006,860.1905,0.0494,0.0667,63.4827,28.5893,0.3411
2025-03-18,6.8136,42.485,82.7655,53.1062,63.4827,70.7415,33.0036,51.6996,57600.0,1620783014400.0,0.7321,881.4333,0.0479,0.0304,63.4827,28.5893,0.33
2025-03-19,8.4168,42.2846,88.3768,61.523,67.0639,70.1403,33.8535,54.7003,58500.0,1721172901500.0,0.7472,878.4967,0.0622,0.0428,67.0639,28.5601,0.3385
2025-03-20,9.4188,48.497,95.7916,78.9579,72.5416,68.1363,35.0004,59.9892,60200.0,2106338040800.0,0.7657,910.0047,0.0904,0.0827,72.5416,28.2266,0.35
2025-03-21,11.6232,60.521,98.998,93.1864,76.2888,74.1483,31.3599,65.0283,61700.0,2477601260400.0,0.8039,961.6174,0.1146,0.1384,76.2888,29.2879,0.3136
2025-03-24,10.2204,58.7174,95.5912,86.9739,68.263,80.3607,35.876,63.8309,60500.0,852329687000.0,0.789,951.718,0.0912,0.102,68.263,30.2896,0.3588
2025-03-25,11.022,61.1222,92.5852,90.7816,64.0312,78.9579,28.6526,62.4445,59800.0,1032115409000.0,0.7962,971.1072,0.0768,0.1262,64.0312,30.018,0.2865
2025-03-26,11.8236,60.9218,97.3948,96.5932,68.7932,84.7695,28.7257,65.7373,61400.0,1008903003000.0,0.8022,967.7501,0.104,0.1585,68.7932,31.176,0.2873
2025-03-27,13.6273,61.7234,98.3968,95.7916,69.8673,83.9679,29.2212,66.2296,61800.0,1260089022000.0,0.8109,975.9802,0.1089,0.1551,69.8673,30.7384,0.2922
2025-03-28,14.0281,62.3246,92.1844,87.3747,60.8462,90.1804,32.961,64.4356,60200.0,980207342800.0,0.8169,982.7923,0.0783,0.1066,60.8462,32.463,0.3296
2025-03-31,11.6232,62.3246,70.9419,76.3527,50.3454,90.7816,38.8663,58.099,57800.0,1019215953200.0,0.7995,982.8503,0.034,0.0784,50.3454,33.7663,0.3887
2025-04-01,10.6212,61.523,82.5651,83.5671,53.9143,90.7816,39.8438,61.7788,58800.0,813892312800.0,0.7936,978.0176,0.05,0.095,53.9143,34.1154,0.3984
2025-04-02,11.8236,61.9238,81.1623,87.1743,53.9143,90.5812,40.971,62.3988,58800.0,846855063600.0,0.7984,982.6732,0.0481,0.1053,53.9143,33.8045,0.4097
2025-04-03,14.6293,64.5291,64.7295,75.9519,49.0117,91.3828,53.0706,59.5552,57600.0,1123665177600.0,0.8191,1017.4627,0.0255,0.0787,49.0117,34.9295,0.5307
2025-04-04,15.8317,65.3307,45.0902,51.9038,43.6666,91.7836,61.9896,53.1441,56100.0,1319872497900.0,0.8396,1029.4752,-0.0021,0.0312,43.6666,36.1448,0.6199
2025-04-07,18.0361,66.3327,17.0341,23.6473,35.5862,91.984,53.8257,41.7227,53200.0,1702340575600.0,0.8732,1057.2142,-0.0536,-0.0483,35.5862,41.1363,0.5383
2025-04-08,18.8377,66.7335,18.4369,27.6553,36.8873,91.984,53.0929,42.7849,53500.0,1366007207500.0,0.8898,1061.7112,-0.0482,-0.0343,36.8873,41.1884,0.5309
2025-04-09,19.0381,65.5311,15.4309,18.8377,35.5967,91.5832,48.6696,39.9182,53000.0,1090578880000.0,0.8941,1041.8291,-0.0567,-0.075,35.5967,40.2965,0.4867
2025-04-10,19.0381,64.1283,49.2986,38.6774,48.7319,92.986,40.2498,49.7884,56400.0,1294276900800.0,0.895,1019.0361,0.0028,0.0053,48.7319,46.2257,0.4025
2025-04-11,20.0401,64.5291,31.6633,36.4729,45.226,93.1864,38.8732,45.5941,55200.0,768962496000.0,0.9046,1027.065,-0.019,-0.0018,45.226,46.9449,0.3887
2025-04-14,16.6333,58.517,44.6894,58.1162,48.548,91.984,38.48,50.4264,56200.0,722316850600.0,0.8614,969.3897,-0.0026,0.0388,48.548,43.4645,0.3848
2025-04-15,14.8297,50.7014,49.2986,62.7255,49.858,91.984,38.7226,51.1549,56600.0,509323024000.0,0.8294,928.7695,0.0025,0.0501,49.858,43.5639,0.3872
2025-04-16,12.4248,42.485,25.0501,45.491,44.1127,91.984,38.1344,41.8749,54700.0,789705267500.0,0.8011,900.29,-0.0318,0.0186,44.1127,44.6395,0.3813
2025-04-17,9.018,29.4589,27.2545,43.6874,45.5356,91.3828,37.8307,40.2382,55100.0,598775501900.0,0.752,832.1936,-0.0255,0.0147,45.5356,43.2301,0.3783
2025-04-18,3.8076,24.0481,28.6573,51.503,46.2722,90.982,37.815,40.3796,55300.0,323413312600.0,0.6794,754.7879,-0.0224,0.0298,46.2722,41.9843,0.3782
2025-04-21,3.2064,22.4449,29.4589,57.515,46.6606,90.7816,38.6266,41.3218,55400.0,329178323800.0,0.6634,731.9771,-0.0212,0.0375,46.6606,41.7139,0.3863
2025-04-22,2.2044,21.6433,26.4529,50.501,45.2514,90.5812,38.7394,39.2839,55000.0,524285795000.0,0.6483,715.4385,-0.0281,0.028,45.2514,41.642,0.3874
2025-04-23,1.8036,20.4409,35.6713,49.0982,48.1998,89.7796,40.4986,41.1753,55700.0,620982144400.0,0.6373,699.9089,-0.0157,0.0258,48.1998,40.5743,0.405
2025-04-24,0.8016,18.8377,35.8717,57.7154,48.1998,89.5792,41.0249,42.2463,55700.0,589326998900.0,0.6151,679.7612,-0.0157,0.0372,48.1998,40.3982,0.4102
2025-04-25,0.2004,18.6373,36.0721,57.7154,48.1998,89.1784,41.399,42.1721,55700.0,678609977100.0,0.607,675.5147,-0.0157,0.0372,48.1998,39.6528,0.414
2025-04-28,0.0,16.8337,37.6754,72.1443,48.6928,88.978,40.1567,44.2796,55800.0,521256704400.0,0.5926,650.9658,-0.0138,0.0649,48.6928,37.2163,0.4016
2025-04-29,0.0,14.2285,37.8758,83.5671,48.6928,88.5772,39.5086,45.6152,55800.0,574489904400.0,0.5861,635.0316,-0.0138,0.0941,48.6928,36.5522,0.3951
2025-04-30,0.0,14.0281,33.4669,66.1323,47.1321,88.3768,37.0809,41.5479,55500.0,722287489500.0,0.5833,631.3013,-0.0186,0.0531,47.1321,36.5511,0.3708
2025-05-02,0.4008,13.8277,23.2465,49.499,41.414,88.7776,34.6393,36.171,54300.0,1219263277200.0,0.5888,627.5613,-0.0383,0.0265,41.414,36.6334,0.3464
2025-05-07,0.0,13.2265,25.6513,41.483,43.2671,87.5752,27.7977,34.308,54600.0,935679708600.0,0.5772,620.0686,-0.0317,0.0111,43.2671,35.6637,0.278
2025-05-08,0.0,10.8216,26.0521,45.491,43.2671,73.1463,9.3462,29.8168,54600.0,891101047200.0,0.5485,593.6265,-0.0304,0.0168,43.2671,29.9774,0.0935
2025-05-09,0.0,8.2164,28.0561,33.6673,44.6214,72.7455,1.2574,27.0455,54800.0,428224845600.0,0.5164,557.7581,-0.026,-0.0144,44.6214,29.9479,0.0126
2025-05-12,0.0,8.6172,65.5311,56.7134,59.2779,86.3727,11.3762,43.0651,57600.0,887886835200.0,0.5094,561.6491,0.0236,0.0341,59.2779,34.2407,0.1138
2025-05-13,0.0,8.4168,58.1162,47.0942,55.335,55.9118,12.2101,35.2808,56900.0,958355376900.0,0.4971,560.2391,0.0111,0.0197,55.335,26.9244,0.1221
2025-05-14,0.0,7.4148,63.5271,52.1042,57.5091,49.6994,37.2277,40.0525,57400.0,715668308600.0,0.4958,555.0284,0.0195,0.0287,57.5091,25.7705,0.3723
2025-05-15,0.4008,8.8176,61.9238,48.8978,56.9124,45.8918,36.4608,38.7055,57300.0,752906872800.0,0.498,563.4383,0.0168,0.0232,56.9124,25.0879,0.3646
2025-05-16,0.6012,9.4188,55.511,43.6874,53.9012,46.493,36.7828,36.5689,56800.0,589887993600.0,0.5022,577.4103,0.0071,0.0143,53.9012,25.2058,0.3678
2025-05-19,0.0,10.4208,41.2826,32.6653,48.387,34.8697,35.138,29.5383,55800.0,546957459000.0,0.494,584.0667,-0.0113,-0.0193,48.387,22.8034,0.3514
2025-05-20,0.0,10.4208,42.0842,24.0481,48.9494,34.0681,31.2268,27.7553,55900.0,507604254300.0,0.493,587.7127,-0.0101,-0.0477,48.9494,22.6855,0.3123
2025-05-21,1.002,11.022,38.2766,24.6493,47.8269,34.6693,34.5918,27.7771,55700.0,434135881700.0,0.498,596.4026,-0.0143,-0.0462,47.8269,22.7074,0.3459
2025-05-22,1.8036,13.4269,25.2505,21.8437,42.5703,38.2766,33.0478,24.8956,54700.0,834409006600.0,0.5178,622.6802,-0.0324,-0.0601,42.5703,23.6219,0.3305
2025-05-23,2.004,13.6273,22.0441,23.4469,40.1916,38.2766,33.307,24.3459,54200.0,609593633000.0,0.5221,624.0135,-0.0414,-0.0541,40.1916,23.7037,0.3331
2025-05-26,2.2044,14.0281,25.4509,26.2525,43.5863,36.4729,33.0221,25.5444,54700.0,596303133900.0,0.5225,632.8796,-0.0325,-0.0437,43.5863,23.4751,0.3302
2025-05-27,2.4048,15.0301,19.2385,24.4489,39.7033,38.8778,30.8233,23.8043,53900.0,724390128000.0,0.5279,638.6347,-0.0464,-0.0477,39.7033,23.9769,0.3082
2025-05-28,2.6052,16.4329,41.6834,36.4729,51.3677,59.3186,31.9993,34.6761,55900.0,979160219700.0,0.5402,650.5971,-0.0114,-0.0071,51.3677,27.5322,0.32
2025-05-29,3.006,17.4349,46.0922,54.1082,52.3601,59.519,38.1164,39.4104,56100.0,725755041000.0,0.5486,657.9683,-0.0074,0.0294,52.3601,27.5532,0.3812
2025-05-30,3.4068,20.2405,47.6954,55.511,52.878,59.519,40.0557,40.6248,56200.0,1473546184600.0,0.5825,697.9341,-0.0051,0.0312,52.878,27.5582,0.4006
2025-06-02,3.8076,20.8417,57.3146,66.3327,55.9703,59.519,38.3888,44.3513,56800.0,731045252000.0,0.5834,710.2283,0.0061,0.0519,55.9703,27.7009,0.3839
2025-06-04,3.4068,21.0421,68.5371,72.9459,60.6099,54.7094,44.6999,48.2369,57800.0,1135769017400.0,0.5809,711.0005,0.0247,0.0645,60.6099,26.8709,0.447
2025-06-05,4.8096,22.0441,82.9659,85.7715,65.6739,59.519,44.859,54.6089,59100.0,1375022195700.0,0.5976,725.9888,0.0487,0.1006,65.6739,27.7113,0.4486
2025-06-09,5.8116,22.0441,86.7735,89.1784,68.0553,60.1202,46.7646,56.6459,59800.0,1172657608200.0,0.6099,728.2465,0.0614,0.1136,68.0553,27.8032,0.4676
2025-06-10,7.4148,22.8457,83.7675,87.5752,63.9593,61.523,40.5231,54.9894,59200.0,906100992000.0,0.6326,742.8006,0.051,0.1045,63.9593,28.2853,0.4052
2025-06-11,7.4148,22.2445,87.1743,81.3627,66.4931,32.8657,37.0652,50.1149,59900.0,815282966600.0,0.6311,737.0381,0.064,0.0911,66.4931,22.7687,0.3707
2025-06-12,7.8156,19.8397,85.1703,80.3607,63.7357,30.6613,26.4579,47.1859,59500.0,1056429342500.0,0.6372,710.3914,0.0577,0.0878,63.7357,22.3934,0.2646
2025-06-13,9.6192,17.4349,75.1503,73.1463,56.2055,36.2725,28.1407,44.4709,58300.0,1207158575700.0,0.6577,682.885,0.0371,0.0658,56.2055,23.6221,0.2814
2025-06-16,10.8216,16.0321,64.3287,36.8737,50.3348,41.483,30.5293,37.4586,57200.0,1269889878400.0,0.6789,670.1299,0.0178,-0.0069,50.3348,24.6436,0.3053
2025-06-17,13.0261,15.6313,74.1483,42.0842,54.5204,43.8878,31.1239,41.3631,58100.0,1663809874300.0,0.7191,664.7971,0.034,0.0087,54.5204,25.0214,0.3112
2025-06-18,15.2305,15.2305,87.976,50.1002,61.1762,48.0962,30.5946,46.8391,59800.0,1053718159000.0,0.7385,661.6999,0.0639,0.0222,61.1762,25.8099,0.3059
2025-06-19,17.0341,16.8337,84.5691,34.8697,57.9526,50.501,30.7075,44.3593,59200.0,999075657600.0,0.7592,676.2228,0.0526,-0.0166,57.9526,26.2523,0.3071
2025-06-20,18.2365,17.6353,85.7715,28.4569,59.1127,49.499,25.7259,43.1169,59500.0,1075298934500.0,0.7852,686.6553,0.0567,-0.0357,59.1127,26.1496,0.2573
2025-06-23,18.8377,15.4309,70.5411,27.4549,51.4666,55.511,26.3967,40.028,58000.0,959998252000.0,0.7904,669.3192,0.0283,-0.0413,51.4666,27.0715,0.264
2025-06-24,23.2465,16.8337,90.982,44.6894,60.6112,72.9459,32.1298,51.8926,60500.0,1436142889500.0,0.8218,681.3261,0.07,0.0117,60.6112,30.0075,0.3213
2025-06-25,24.2485,17.6353,94.1884,39.2786,63.0129,73.7475,30.7466,52.1057,61300.0,1467130415600.0,0.8553,687.2113,0.0809,-0.0016,63.0129,30.1046,0.3075
2025-06-26,25.2505,17.8357,87.7756,32.6653,57.7948,75.3507,29.8543,49.5863,60200.0,1168018460000.0,0.8764,688.5985,0.0601,-0.0259,57.7948,30.4303,0.2985
2025-06-27,25.4509,18.0361,90.7816,44.2886,59.7525,60.521,34.7621,50.6886,60800.0,1054300576000.0,0.8814,689.1314,0.0686,0.01,59.7525,28.2348,0.3476
2025-06-30,26.6533,18.6373,83.7675,59.9198,55.16,65.7315,32.2432,51.8154,59800.0,1023195581200.0,0.8936,693.8128,0.0497,0.0346,55.16,29.1849,0.3224
2025-07-01,25.0501,14.0281,85.9719,52.1042,56.597,65.7315,33.9671,50.7848,60200.0,821789658200.0,0.87,666.9276,0.0554,0.0238,56.597,29.2051,0.3397
2025-07-02,25.6513,11.6232,89.1784,59.519,58.7333,65.3307,26.4423,51.4128,60800.0,914915420800.0,0.88,647.9097,0.0636,0.034,58.7333,29.1832,0.2644
2025-07-03,29.4589,14.0281,98.7976,91.1824,67.3792,84.9699,23.9236,62.3305,63800.0,2044192768200.0,0.9143,667.7999,0.1127,0.1076,67.3792,32.9387,0.2392
2025-07-04,30.0601,14.6293,96.5932,93.988,64.9372,84.7695,23.9758,62.1943,63300.0,1503309104700.0,0.9191,670.9324,0.1009,0.1283,64.9372,32.5727,0.2398
2025-07-07,29.8597,15.4309,91.7836,98.998,57.7274,85.9719,28.1459,62.1189,61700.0,1059062483600.0,0.9152,676.075,0.0707,0.1598,57.7274,33.9749,0.2815
2025-07-08,30.8617,13.6273,89.1784,96.5932,56.4616,85.5711,24.3144,60.4456,61400.0,1241122653600.0,0.9291,669.0879,0.0632,0.1477,56.4616,33.7878,0.2431
2025-07-09,32.0641,12.4248,79.9599,95.7916,52.3416,86.1723,21.9904,57.8714,60400.0,1059018266000.0,0.9398,659.8207,0.0442,0.1396,52.3416,34.1676,0.2199
2025-07-10,31.4629,12.2244,85.1703,81.1623,54.4875,86.1723,23.871,57.1056,61000.0,900876853000.0,0.9339,658.8987,0.0526,0.0816,54.4875,34.2166,0.2387
2025-07-11,31.0621,16.2325,92.986,95.3908,59.6988,86.3727,24.5716,61.7999,62600.0,1198204690000.0,0.9323,681.5377,0.0776,0.1341,59.6988,34.2806,0.2457
2025-07-14,30.2605,16.4329,91.984,92.1844,59.2422,84.1683,23.6929,60.5102,62500.0,847740375000.0,0.916,683.5026,0.0734,0.1121,59.2422,33.2999,0.2369
2025-07-15,27.8557,18.8377,95.1904,93.7876,62.9082,84.3687,24.1098,61.7309,63700.0,1174768267400.0,0.897,698.1764,0.0911,0.1254,62.9082,33.4731,0.2411
2025-07-16,29.0581,20.4409,97.1944,100.0,65.6786,83.1663,24.0689,63.4948,64700.0,1490860102000.0,0.9124,711.8782,0.1047,0.1828,65.6786,32.5167,0.2407
2025-07-17,35.0701,24.6493,100.0,100.0,70.4348,83.9679,22.3171,65.7117,66700.0,2631227156100.0,0.9793,759.9314,0.1341,0.2105,70.4348,33.3699,0.2232
2025-07-18,38.2766,26.0521,100.0,100.0,71.2917,83.7675,22.6369,66.4365,67100.0,1607147730100.0,1.0075,781.0437,0.1361,0.2134,71.2917,33.3681,0.2264
2025-07-21,39.8798,26.6533,100.0,100.0,72.7786,77.5551,23.236,66.0438,67800.0,1201629434400.0,1.0199,807.677,0.1428,0.2238,72.7786,31.2321,0.2324
2025-07-22,39.8798,27.6553,97.5952,99.3988,63.6496,75.9519,26.9907,64.9827,66000.0,1374714396000.0,1.0191,821.0984,0.1083,0.2,63.6496,30.7684,0.2699
2025-07-23,37.8758,26.2525,97.996,99.1984,64.709,74.7495,21.4711,63.6896,66400.0,1041620651200.0,1.004,804.6627,0.1117,0.1921,64.709,30.6023,0.2147
2025-07-24,36.6733,25.8517,95.3908,98.998,62.7399,67.5351,20.3761,61.4747,66000.0,835572738000.0,0.995,795.6522,0.1017,0.1849,62.7399,29.7339,0.2038
2025-07-25,35.2705,24.8497,94.5892,98.7976,62.23,67.5351,20.6151,60.9585,65900.0,532531969000.0,0.9795,777.1372,0.0969,0.1831,62.23,29.7396,0.2062
2025-07-28,43.8878,27.4549,100.0,100.0,72.9016,87.7756,19.1095,67.6516,70400.0,2487408000000.0,1.037,818.701,0.1667,0.2616,72.9016,35.9596,0.1911
2025-07-29,50.501,36.8737,99.7996,100.0,73.2632,87.7756,20.9072,69.8512,70600.0,1990280364000.0,1.0817,871.3097,0.1647,0.2652,73.2632,36.0064,0.2091
2025-07-30,56.3126,55.9118,100.0,100.0,76.6224,88.7776,18.6383,72.8127,72600.0,2523680834400.0,1.1424,954.9281,0.1911,0.3081,76.6224,36.6971,0.1864
2025-07-31,55.3106,54.7094,99.5992,100.0,70.8691,85.7715,10.6294,70.2344,71400.0,1896960340800.0,1.1374,947.7214,0.1654,0.3149,70.8691,34.6483,0.1063
2025-08-01,56.513,55.511,98.1964,99.3988,60.6515,88.978,19.3539,70.8921,68900.0,1656254992600.0,1.1432,952.9982,0.1198,0.2619,60.6515,37.3781,0.1935
2025-08-04,56.513,56.3126,98.1964,99.5992,62.514,86.7735,18.2504,70.6924,69700.0,1030171018400.0,1.144,957.6231,0.1273,0.2766,62.514,35.7344,0.1825
2025-08-05,54.7094,62.5251,97.996,99.3988,62.9857,86.1723,20.0053,71.1931,69900.0,1006063919700.0,1.1358,997.9886,0.1248,0.2755,62.9857,35.5243,0.2001
2025-08-06,53.9078,64.1283,94.1884,97.7956,58.6169,85.9719,20.4888,69.8368,68800.0,862918152000.0,1.1299,1025.9072,0.1021,0.1944,58.6169,35.477,0.2049
2025-08-07,54.9098,66.7335,97.7956,98.5972,62.8998,87.3747,18.7764,71.4712,70500.0,1058079016500.0,1.1383,1064.155,0.1234,0.239,62.8998,36.0305,0.1878
2025-08-08,57.3146,68.7375,98.998,98.5972,65.8135,86.1723,19.8317,72.5421,71800.0,1596912990400.0,1.1527,1094.697,0.1383,0.2509,65.8135,35.6063,0.1983
2025-08-11,56.9138,69.5391,97.3948,98.3968,62.5575,87.3747,20.2626,72.1308,71000.0,806151963000.0,1.1519,1111.8465,0.1204,0.2391,62.5575,36.0691,0.2026
2025-08-12,56.513,70.1403,96.5932,98.5972,62.8052,86.5731,21.6229,72.1091,71100.0,1123213341600.0,1.1496,1116.7001,0.1167,0.2518,62.8052,35.791,0.2162
2025-08-13,52.9058,70.3407,97.5952,99.5992,64.8109,85.7715,20.0714,71.7864,71900.0,884782849800.0,1.1285,1121.988,0.1239,0.2885,64.8109,35.6608,0.2007
2025-08-14,45.6914,64.5291,95.7916,99.3988,63.4296,83.7675,22.5558,69.6662,71600.0,855342335200.0,1.0603,1048.3582,0.1144,0.2809,63.4296,34.5194,0.2256
2025-08-18,42.485,63.7275,89.7796,98.1964,56.5119,85.9719,22.1945,67.307,70000.0,951691370000.0,1.0376,1031.2437,0.0858,0.2567,56.5119,35.7218,0.2219
2025-08-19,41.6834,62.5251,89.5792,99.1984,56.5119,85.1703,22.2023,67.0577,70000.0,737315740000.0,1.0294,1021.0227,0.0824,0.2797,56.5119,35.5931,0.222
2025-08-20,42.0842,62.5251,89.98,99.5992,58.1655,82.1643,19.5567,66.5757,70500.0,1229908878000.0,1.0308,1021.375,0.0864,0.3007,58.1655,33.9922,0.1956
2025-08-21,43.6874,67.7355,89.3788,99.3988,58.5053,81.9639,19.8208,67.2305,70600.0,1330374609800.0,1.0465,1088.3163,0.0843,0.2907,58.5053,33.9824,0.1982
2025-08-22,43.487,68.9379,90.982,100.0,61.2193,81.5631,21.7023,68.225,71400.0,662408644800.0,1.0443,1109.7726,0.0926,0.3247,61.2193,33.9224,0.217
2025-08-25,45.6914,71.3427,89.98,98.3968,61.5578,81.3627,21.1113,68.2704,71500.0,739680227000.0,1.0546,1145.989,0.0897,0.2791,61.5578,33.876,0.2111
2025-08-26,36.6733,68.5371,84.5691,96.994,55.3184,36.6733,24.2404,58.4865,70300.0,1034290085700.0,0.9933,1109.4566,0.0672,0.2531,55.3184,25.5143,0.2424
2025-08-27,33.2665,65.1303,84.5691,96.994,56.5053,36.6733,25.4664,57.9374,70600.0,742952393000.0,0.9419,1066.9338,0.0677,0.2562,56.5053,25.5407,0.2547
2025-08-28,25.2505,58.517,79.1583,95.7916,51.5861,26.2525,36.3065,54.3821,69600.0,805830470400.0,0.8713,991.0596,0.0495,0.2254,51.5861,23.7489,0.3631
2025-08-29,23.8477,57.7154,77.3547,94.99,52.0358,23.2465,36.7943,53.2778,69700.0,814254009900.0,0.8291,985.1864,0.0476,0.2059,52.0358,23.1387,0.3679
2025-09-01,19.6393,56.7134,58.7174,91.3828,43.0027,20.2405,36.4606,46.8736,67600.0,811358386800.0,0.7947,980.5679,0.0136,0.1438,43.0027,22.1921,0.3646
2025-09-02,18.2365,53.7074,69.3387,92.7856,49.7172,23.4469,27.1065,48.4465,69100.0,732738334800.0,0.7826,962.2267,0.0327,0.1555,49.7172,23.2509,0.2711
2025-09-03,18.0361,47.2946,72.7455,93.3868,52.5277,24.8497,27.1816,49.0494,69800.0,717754028200.0,0.7703,938.0939,0.0402,0.1791,52.5277,23.526,0.2718
2025-09-04,18.0361,48.6974,73.1463,93.1864,53.7215,22.2445,34.1302,50.0107,70100.0,861137421400.0,0.7697,944.2615,0.042,0.1703,53.7215,22.8086,0.3413
2025-09-05,17.0341,46.0922,67.1343,92.986,50.9612,16.4329,31.7588,46.8639,69500.0,801107318000.0,0.7588,931.9821,0.0302,0.1681,50.9612,21.2599,0.3176
2025-09-08,13.2265,32.8657,70.1403,94.7896,53.5325,14.8297,33.8655,46.1746,70100.0,649345763500.0,0.7207,878.9547,0.0362,0.2024,53.5325,20.3727,0.3387
2025-09-09,14.6293,31.2625,80.3607,96.1924,58.9422,16.6333,35.7716,49.5766,71500.0,1063222517500.0,0.7309,871.8019,0.0533,0.25,58.9422,21.3012,0.3577
2025-09-10,16.8337,30.0601,83.7675,95.992,62.624,18.6373,35.6462,51.0883,72600.0,1592013819000.0,0.7483,865.7914,0.0656,0.2496,62.624,21.9507,0.3565
2025-09-11,19.4389,32.6653,85.9719,95.3908,65.0768,18.2365,35.9419,52.3198,73400.0,1526242973400.0,0.7742,878.6843,0.0734,0.2274,65.0768,21.9367,0.3594
2025-09-12,25.2505,46.6934,91.984,97.7956,70.3206,25.8517,36.2385,57.8686,75400.0,2127763721200.0,0.8245,934.2018,0.0989,0.2736,70.3206,23.6611,0.3624
2025-09-15,26.4529,50.501,95.1904,98.7976,72.7447,18.4369,31.3651,57.6205,76500.0,1523023582500.0,0.8465,949.6457,0.1107,0.2857,72.7447,22.0312,0.3137
2025-09-16,31.2625,58.9178,99.1984,100.0,77.8751,32.0641,30.668,62.6182,79400.0,2240530241000.0,0.9054,996.1026,0.1469,0.369,77.8751,24.8192,0.3067
2025-09-17,33.8677,59.9198,97.3948,98.998,71.8483,39.479,29.8701,62.988,78200.0,1630963989400.0,0.9228,1011.2638,0.1241,0.2926,71.8483,25.9627,0.2987
2025-09-18,37.0741,61.523,99.1984,99.3988,75.7259,47.8958,29.9599,65.7139,80500.0,2062332317500.0,0.952,1021.9751,0.1505,0.3132,75.7259,27.2452,0.2996
2025-09-19,39.479,63.3267,97.7956,99.5992,72.0105,50.9018,25.4168,65.4024,79700.0,1665601364200.0,0.9921,1045.4352,0.133,0.3239,72.0105,27.7973,0.2542
2025-09-22,48.2966,67.7355,99.7996,100.0,77.6259,73.9479,23.5267,71.3617,83500.0,2298726276000.0,1.0537,1099.059,0.18,0.3734,77.6259,31.3167,0.2353
2025-09-23,53.3066,70.3407,99.7996,100.0,79.055,65.1303,23.7129,71.2219,84700.0,1999789276100.0,1.0933,1129.9668,0.1895,0.4164,79.055,29.985,0.2371
2025-09-24,56.9138,71.7435,100.0,100.0,79.8629,63.9279,27.1877,72.3651,85400.0,1562905143800.0,1.1298,1159.84,0.1921,0.4186,79.8629,29.9292,0.2719
2025-09-25,65.3307,73.5471,100.0,99.5992,80.6661,54.7094,31.6209,73.1104,86100.0,1693169501100.0,1.1689,1196.3011,0.1947,0.4161,80.6661,28.5946,0.3162
2025-09-26,71.5431,74.3487,98.3968,97.996,68.8384,78.3567,35.1627,76.4568,83300.0,2005130376900.0,1.2164,1217.2297,0.1506,0.3056,68.8384,32.4314,0.3516
2025-09-29,73.3467,73.3467,98.3968,98.998,70.3436,55.511,36.2161,73.6592,84200.0,1100417714800.0,1.2365,1198.9488,0.1575,0.3302,70.3436,28.8777,0.3622
2025-09-30,75.1503,72.5451,97.7956,98.998,69.1447,55.7114,36.3418,73.6583,83900.0,1369169217900.0,1.2658,1185.6007,0.1483,0.3598,69.1447,29.0124,0.3634
2025-10-01,78.7575,73.3467,98.998,99.3988,72.6578,60.3206,41.4657,76.3914,86000.0,1895385046000.0,1.3142,1201.6487,0.1706,0.4007,72.6578,29.4991,0.4147
2025-10-02,91.5832,82.3647,100.0,100.0,76.7333,69.9399,38.9868,80.9863,89000.0,4439589492000.0,1.4495,1311.9989,0.2041,0.4735,76.7333,30.5725,0.3899
2025-10-10,94.99,89.5792,100.0,100.0,81.949,80.7615,32.7887,83.4338,94400.0,3329464211200.0,1.5456,1383.8077,0.2674,0.5475,81.949,33.7809,0.3279
2025-10-13,95.5912,92.1844,99.7996,99.7996,78.1079,84.3687,30.6281,83.5473,93300.0,2228312636400.0,1.6113,1427.8433,0.2435,0.4904,78.1079,35.0621,0.3063
2025-10-14,96.5932,93.1864,99.5992,99.3988,72.4556,88.5772,35.6373,84.515,91600.0,3255943526000.0,1.6931,1445.4919,0.214,0.4656,72.4556,36.8427,0.3564
2025-10-15,96.5932,93.3868,99.7996,99.7996,76.1699,88.978,37.5777,85.3579,95000.0,1999760545000.0,1.7098,1453.7915,0.2509,0.4914,76.1699,37.8165,0.3758
2025-10-16,96.994,93.5872,100.0,99.7996,78.6338,88.978,38.5213,85.866,97700.0,2749381562000.0,1.7539,1475.6346,0.278,0.51,78.6338,38.1513,0.3852
2025-10-17,96.7936,93.5872,99.7996,98.998,78.8086,88.7776,39.6117,85.8266,97900.0,2225346201100.0,1.7536,1476.28,0.2718,0.4678,78.8086,38.0834,0.3961
2025-10-20,97.5952,93.1864,99.3988,98.5972,78.9937,88.978,38.8247,85.697,98100.0,1725555063600.0,1.7641,1469.4682,0.2648,0.462,78.9937,38.2772,0.3882
2025-10-21,96.994,91.5832,98.998,98.3968,76.8261,88.1764,40.1008,85.1907,97500.0,2223373425000.0,1.7602,1439.0577,0.2481,0.4381,76.8261,37.6434,0.401
2025-10-22,97.3948,87.976,99.1984,99.5992,78.017,86.3727,39.496,84.8684,98600.0,1571448444600.0,1.764,1381.9674,0.253,0.4939,78.017,36.4182,0.395
2025-10-23,95.992,86.7735,98.3968,98.1964,70.5615,87.976,35.0496,82.995,96500.0,1784148066500.0,1.7526,1361.1922,0.2178,0.4533,70.5615,37.6124,0.3505
2025-10-24,96.5932,84.5691,98.3968,99.5992,73.5435,87.5752,37.1324,83.6256,98800.0,1857630190000.0,1.757,1346.8135,0.2379,0.497,73.5435,37.2417,0.3713
2025-10-27,95.5912,78.7575,99.5992,100.0,77.0299,83.9679,35.4581,82.7512,102000.0,2261336940000.0,1.7505,1301.4752,0.2684,0.5478,77.0299,35.699,0.3546
2025-10-28,95.3908,76.5531,97.996,96.7936,69.342,88.1764,38.2567,81.9813,99500.0,1990227059000.0,1.7467,1286.183,0.2286,0.4134,69.342,37.7187,0.3826
2025-10-29,97.5952,74.5491,97.996,97.3948,70.6057,88.1764,37.0773,82.1512,100500.0,2100428694000.0,1.7644,1267.9207,0.232,0.4235,70.6057,37.7251,0.3708
2025-10-30,98.5972,75.5511,99.1984,97.3948,74.6559,88.978,34.9947,82.8551,104100.0,3598738769700.0,1.825,1275.1655,0.2662,0.4339,74.6559,38.9282,0.3499
2025-10-31,99.7996,87.3747,100.0,99.3988,77.7711,85.1703,30.112,83.6867,107500.0,5893640630000.0,1.9504,1371.1921,0.2962,0.5056,77.7711,36.264,0.3011
2025-11-03,100.0,89.5792,100.0,100.0,80.5037,86.5731,32.0488,84.8016,111100.0,3345228332600.0,2.0274,1411.1488,0.3265,0.6125,80.5037,36.9504,0.3205
2025-11-04,100.0,92.986,97.5952,98.998,65.5569,91.7836,41.3316,85.1903,104900.0,3194234476900.0,2.0885,1463.0946,0.2421,0.505,65.5569,44.4946,0.4133
2025-11-05,100.0,93.988,95.3908,96.994,57.573,94.5892,36.6697,83.4722,100600.0,4511207812000.0,2.1718,1506.7475,0.1828,0.4392,57.573,47.9471,0.3667
2025-11-06,99.7996,92.1844,94.1884,96.994,55.2153,93.1864,37.3292,82.674,99200.0,2842644348800.0,2.1011,1453.1934,0.1585,0.4419,55.2153,47.4764,0.3733
2025-11-07,99.3988,89.98,92.5852,94.99,53.043,90.7816,41.7429,81.8563,97900.0,2242701325700.0,2.0554,1423.5677,0.1363,0.3887,53.043,43.4301,0.4174
2025-11-10,99.3988,90.3808,94.1884,95.1904,56.8408,91.1824,46.6769,83.4271,100600.0,2398538096200.0,2.0575,1431.1176,0.1598,0.4011,56.8408,44.0145,0.4668
2025-11-11,98.998,92.5852,95.3908,97.1944,60.5329,91.1824,42.246,83.8331,103500.0,2871353097000.0,2.0322,1462.3027,0.1842,0.4577,60.5329,44.0256,0.4225
2025-11-12,98.998,93.5872,94.7896,96.7936,59.7734,89.98,41.1224,83.3281,103100.0,2001531540700.0,2.033,1486.7637,0.1709,0.4501,59.7734,42.6451,0.4112
2025-11-13,98.3968,92.7856,93.5872,95.7916,59.1737,89.3788,43.5625,82.9828,102800.0,2142222574800.0,2.0036,1473.5188,0.1587,0.4298,59.1737,41.7467,0.4356
2025-11-14,98.1964,92.3848,81.7635,93.3868,49.242,92.3848,41.6827,79.363,97200.0,2119576442400.0,1.9923,1469.4512,0.0889,0.3575,49.242,46.6392,0.4168
2025-11-17,97.996,92.986,89.1784,95.992,54.2614,95.5912,42.2428,82.3337,100600.0,1729573950400.0,1.9881,1476.0479,0.1187,0.4371,54.2614,48.245,0.4224
2025-11-18,97.5952,93.7876,79.5591,93.988,49.8862,96.1924,46.0359,80.3509,97800.0,1827301850400.0,1.9698,1496.4301,0.0806,0.3971,49.8862,49.3195,0.4604
2025-11-19,97.7956,94.1884,73.1463,93.1864,47.953,96.3928,46.2988,78.8944,96500.0,1832857889000.0,1.9746,1547.7805,0.06,0.3688,47.953,49.3605,0.463
2025-11-20,98.1964,94.5892,83.7675,95.3908,54.0068,98.5972,43.9797,82.0377,100600.0,2551259761000.0,1.9929,1579.0307,0.0977,0.4249,54.0068,50.953,0.4398
2025-11-21,98.1964,94.99,56.9138,92.1844,45.8774,100.0,40.9108,75.1632,94800.0,2190218815200.0,2.002,1610.4518,0.0287,0.3277,45.8774,54.6852,0.4091
2025-11-24,98.3968,95.5912,64.7295,92.3848,48.6065,99.7996,43.8072,77.5239,96700.0,2884674332400.0,2.02,1661.8474,0.0433,0.3524,48.6065,53.8553,0.4381
2025-11-25,98.1964,95.7916,74.5491,94.1884,52.1615,99.7996,43.185,80.0105,99300.0,1599728362200.0,2.0118,1678.6605,0.065,0.4125,52.1615,54.1382,0.4318
2025-11-26,98.1964,96.5932,82.7655,96.994,56.5214,100.0,41.138,82.3138,102800.0,2191179430000.0,2.0166,1720.9371,0.0954,0.4561,56.5214,55.4388,0.4114
2025-11-27,96.1924,96.5932,83.1663,97.996,57.3584,99.3988,41.1127,82.2334,103500.0,1702885914000.0,1.9504,1731.5637,0.0959,0.4871,57.3584,54.0227,0.4111
2025-11-28,93.5872,94.3888,71.9439,96.1924,52.6778,98.998,41.5404,78.6431,100500.0,1536873838500.0,1.7936,1625.9999,0.0585,0.4419,52.6778,53.5384,0.4154
2025-12-01,90.1804,93.7876,70.9419,98.1964,53.09,98.5972,43.6463,78.4692,100800.0,1099277020800.0,1.7127,1594.6527,0.0562,0.4911,53.09,51.8741,0.4365
2025-12-02,88.978,92.7856,77.9559,98.5972,56.6174,93.988,39.3352,78.6662,103400.0,1411356955800.0,1.6442,1557.871,0.078,0.4964,56.6174,49.0,0.3934
2025-12-03,87.1743,91.984,79.7595,98.7976,58.0544,89.98,34.3899,77.507,104500.0,1535933371500.0,1.5301,1516.9646,0.0836,0.4971,58.0544,46.6399,0.3439
2025-12-04,84.9699,89.98,79.7595,98.7976,58.855,89.5792,36.5119,77.3142,105100.0,1253963339500.0,1.4687,1473.5083,0.0843,0.4993,58.855,46.2713,0.3651
2025-12-05,84.5691,87.976,87.5752,99.7996,63.0341,90.1804,38.8149,79.6206,108400.0,2141503896400.0,1.4647,1444.0709,0.1117,0.5597,63.0341,46.8831,0.3881
2025-12-08,82.7655,84.1683,88.5772,99.7996,64.3345,88.978,40.7193,79.4051,109500.0,1700289939000.0,1.437,1404.6809,0.1171,0.5621,64.3345,46.2013,0.4072
2025-12-09,77.7555,79.1583,83.7675,98.998,61.9862,88.5772,35.7457,76.0294,108400.0,1482023120000.0,1.3838,1348.336,0.1005,0.5161,61.9862,45.5458,0.3575
2025-12-10,74.5491,77.1543,81.3627,96.5932,61.1126,88.3768,38.5322,74.8069,108000.0,1335429936000.0,1.3579,1327.6118,0.0914,0.4876,61.1126,45.5427,0.3853
2025-12-11,75.5511,75.1503,77.5551,95.3908,59.5315,88.5772,38.1268,73.6261,107300.0,2467310601100.0,1.3655,1317.8065,0.0797,0.4619,59.5315,45.6152,0.3813
2025-12-12,71.9439,70.7415,80.3607,94.3888,61.9545,83.5671,36.2112,72.2584,108900.0,1547503194600.0,1.3426,1289.1648,0.0902,0.4443,61.9545,40.2512,0.3621
2025-12-15,73.5471,72.9459,63.9279,90.3808,53.1695,84.7695,39.3695,68.6071,104800.0,2158319739200.0,1.355,1303.9631,0.0449,0.3699,53.1695,41.6327,0.3937
2025-12-16,74.1483,71.7435,51.9038,87.3747,49.4835,83.9679,38.0478,65.0343,102800.0,1937993721200.0,1.3575,1297.1654,0.0211,0.2947,49.4835,40.8834,0.3805
2025-12-17,76.5531,73.9479,72.9459,90.5812,57.5627,86.5731,30.0435,70.3029,107900.0,2405912226900.0,1.3741,1311.214,0.0671,0.3798,57.5627,43.5023,0.3004
2025-12-18,73.7475,66.5331,70.5411,88.978,56.9853,84.3687,30.3681,68.0794,107600.0,2199949895600.0,1.3572,1259.6793,0.0602,0.3366,56.9853,41.431,0.3037
2025-12-19,76.3527,66.3327,63.7275,88.7776,54.4373,74.3487,31.8377,65.52,106300.0,2754987517400.0,1.3726,1255.4039,0.045,0.3338,54.4373,34.8065,0.3184
2025-12-22,73.9479,66.3327,78.3567,87.7756,60.5713,78.5571,27.3649,68.5085,110500.0,2746938395500.0,1.361,1256.6497,0.0826,0.3234,60.5713,36.4327,0.2736
2025-12-23,77.1543,66.3327,79.7595,87.5752,61.8869,75.9519,23.8924,68.4599,111500.0,2276739350500.0,1.3798,1257.7986,0.0881,0.3164,61.8869,35.689,0.2389
2025-12-24,71.9439,63.5271,77.3547,86.5731,61.01,71.9439,24.2657,66.1336,111100.0,1387965522900.0,1.3524,1218.0227,0.0808,0.3009,61.01,34.1371,0.2427
2025-12-26,81.1623,65.3307,91.1824,89.3788,68.1736,81.7635,24.1058,73.0485,117000.0,3980126358000.0,1.4227,1248.5798,0.134,0.3589,68.1736,38.1397,0.2411
2025-12-29,83.1663,63.9279,92.986,93.1864,70.6356,77.3547,24.2228,73.7431,119500.0,2351282478000.0,1.4458,1228.7908,0.1534,0.4346,70.6356,36.0557,0.2422
2025-12-30,85.5711,65.1303,92.7856,92.3848,71.0218,77.1543,24.5768,74.1254,119900.0,2367587245100.0,1.486,1246.38,0.1524,0.424,71.0218,36.0484,0.2458
2026-01-02,87.7756,72.5451,96.7936,98.998,77.7869,84.7695,37.0464,80.6803,128500.0,3914531351500.0,1.5616,1302.9835,0.2277,0.5316,77.7869,41.6696,0.3705
2026-01-05,89.7796,83.5671,99.7996,99.7996,82.6548,90.5812,36.1907,84.0348,138100.0,5919432225600.0,1.6946,1387.0382,0.3096,0.6058,82.6548,46.987,0.3619
2026-01-06,94.7896,91.3828,99.5992,99.3988,82.9894,90.3808,40.8076,86.1636,138900.0,6295134264900.0,1.8456,1495.7757,0.3067,0.5607,82.9894,46.9858,0.4081
2026-01-07,96.1924,93.5872,99.7996,96.5932,83.8689,88.978,39.8303,85.9446,141000.0,6530755233000.0,1.9658,1593.8727,0.316,0.4936,83.8689,46.561,0.3983
2026-01-08,99.3988,95.5912,98.998,95.7916,79.2461,91.3828,41.874,86.5504,138800.0,5753166865200.0,2.0748,1688.9395,0.2866,0.4877,79.2461,47.6742,0.4187
2026-01-09,99.7996,96.5932,98.7976,98.3968,79.3575,90.3808,39.4893,86.5646,139000.0,4103358674000.0,2.1424,1752.3819,0.2791,0.5175,79.3575,47.1426,0.3949
2026-01-12,100.0,96.994,97.996,93.988,78.9015,90.1804,39.0025,85.6644,138800.0,3646433399200.0,2.2013,1790.3457,0.2683,0.4611,78.9015,47.0469,0.39
2026-01-13,100.0,97.3948,96.7936,89.5792,76.0765,90.3808,39.3306,84.5994,137600.0,3080134582400.0,2.2075,1816.7855,0.2497,0.4084,76.0765,47.1702,0.3933
2026-01-14,100.0,96.994,97.5952,91.3828,77.9863,90.3808,39.4032,85.1921,140300.0,2587748478200.0,2.2316,1804.8333,0.2667,0.4331,77.9863,47.2296,0.394
2026-01-15,100.0,96.3928,98.998,94.5892,80.2502,84.3687,36.3892,84.766,143900.0,3554492031400.0,2.2624,1785.299,0.2915,0.4669,80.2502,43.3524,0.3639
2026-01-16,100.0,96.1924,99.7996,98.3968,82.8831,83.1663,33.4512,85.1196,148900.0,4467032609100.0,2.3239,1760.2067,0.3259,0.5272,82.8831,41.7293,0.3345
2026-01-19,100.0,95.1904,99.5992,97.7956,83.0775,80.9619,33.2764,84.5517,149300.0,3398440802100.0,2.341,1728.187,0.318,0.5142,83.0775,40.5242,0.3328
2026-01-20,100.0,94.7896,97.5952,96.994,73.8241,83.9679,36.5912,84.0134,145200.0,3493398453600.0,2.3704,1720.5658,0.2715,0.5047,73.8241,42.9861,0.3659
2026-01-21,100.0,94.5892,98.7976,97.5952,76.7491,83.3667,38.0172,84.7402,149500.0,4739689695000.0,2.4128,1720.0564,0.2975,0.5132,76.7491,42.0181,0.3802
2026-01-22,100.0,94.1884,99.1984,95.3908,78.4387,81.3627,40.1947,84.6446,152300.0,4884812935200.0,2.4554,1709.6997,0.31,0.4931,78.4387,41.2391,0.4019
2026-01-23,100.0,93.5872,98.3968,98.3968,78.0027,81.9639,42.4572,85.261,152100.0,3864480293700.0,2.4866,1690.2851,0.2974,0.5286,78.0027,41.6335,0.4246
2026-01-26,100.0,93.988,97.7956,97.3948,78.0027,81.5631,42.3821,84.9592,152100.0,3127432896900.0,2.5268,1701.1852,0.2867,0.5134,78.0027,41.4337,0.4238
2026-01-27,99.7996,93.988,100.0,98.5972,82.2391,80.3607,44.1168,86.0539,159500.0,4693075365000.0,2.5257,1704.8543,0.3365,0.5322,82.2391,40.9696,0.4412
2026-01-28,100.0,94.99,100.0,96.7936,83.5742,80.1603,46.3605,86.3536,162400.0,4783724394400.0,2.5762,1721.3975,0.346,0.5107,83.5742,40.9274,0.4636
2026-01-29,100.0,94.99,99.1984,90.982,79.7879,82.9659,48.1138,85.6267,160700.0,5799216736100.0,2.6493,1723.427,0.3188,0.4464,79.7879,41.754,0.4811
2026-01-30,100.0,92.1844,97.996,98.1964,79.3325,75.3507,43.3563,84.2864,160500.0,6509441353500.0,2.6891,1683.6889,0.3038,0.53,79.3325,36.7168,0.4336
2026-02-02,99.7996,91.5832,92.1844,94.7896,60.5413,78.1563,32.7942,79.4803,150400.0,5978154697600.0,2.6579,1668.0471,0.2111,0.495,60.5413,38.7239,0.3279
2026-02-03,99.3988,90.7816,99.5992,100.0,72.4427,98.7976,32.6092,85.8631,167500.0,6118743677500.0,2.6215,1626.1569,0.3344,0.6885,72.4427,53.3753,0.3261
2026-02-04,98.998,88.3768,99.3988,100.0,73.2556,98.5972,30.4521,85.2501,169100.0,5063368402200.0,2.5544,1552.2336,0.3314,0.7273,73.2556,53.3339,0.3045
2026-02-05,98.7976,86.7735,92.986,99.1984,61.3243,100.0,34.4949,83.2806,159300.0,6122731820400.0,2.5332,1488.89,0.242,0.5835,61.3243,58.1171,0.3449
2026-02-06,98.998,84.7695,91.984,97.996,60.5655,100.0,32.3867,82.3374,158600.0,5766391646600.0,2.5596,1468.6784,0.2252,0.5324,60.5655,58.2267,0.3239
2026-02-09,98.998,82.9659,95.7916,99.5992,65.6638,100.0,31.0786,83.4727,166400.0,4176468774400.0,2.5599,1443.7096,0.273,0.614,65.6638,59.942,0.3108
2026-02-10,98.3968,79.1583,93.988,99.3988,64.968,99.7996,33.7604,82.9136,165800.0,3211474042800.0,2.5535,1406.9437,0.2564,0.6128,64.968,59.7696,0.3376
2026-02-11,98.998,78.5571,93.988,99.7996,66.2518,99.5992,32.5171,82.9156,167800.0,3819168607600.0,2.5706,1395.1726,0.2587,0.7263,66.2518,59.6609,0.3252
2026-02-12,99.3988,79.9599,98.7976,100.0,72.1803,100.0,33.2326,84.8682,178600.0,7375467564600.0,2.638,1419.7641,0.3243,0.7753,72.1803,62.3963,0.3323
2026-02-13,99.5992,76.5531,99.1984,100.0,73.3921,99.7996,33.4932,84.768,181200.0,6243099590400.0,2.6546,1373.229,0.3282,0.8528,73.3921,61.8073,0.3349
2026-02-19,99.7996,70.5411,100.0,100.0,77.0379,100.0,32.4823,84.6002,190000.0,5139383720000.0,2.6805,1325.174,0.3755,0.9689,77.0379,63.1482,0.3248
2026-02-20,100.0,57.1142,99.7996,99.7996,77.0764,99.3988,32.6342,83.1539,190100.0,4603058588000.0,2.6915,1228.455,0.3595,0.8897,77.0764,61.5536,0.3263
2026-02-23,99.3988,52.3046,99.7996,100.0,78.2153,99.1984,32.9154,82.7388,193000.0,5088384012000.0,2.6803,1153.5765,0.3637,1.0359,78.2153,61.2793,0.3292
2026-02-24,99.1984,46.6934,100.0,100.0,80.707,99.3988,32.1914,82.3583,200000.0,5612123400000.0,2.6749,1079.6798,0.3953,1.0683,80.707,61.7906,0.3219
2026-02-25,100.0,42.485,100.0,99.7996,81.8263,98.998,31.3988,81.9606,203500.0,5492057186000.0,2.6939,1036.4476,0.4012,1.0493,81.8263,61.5469,0.314
2026-02-26,100.0,39.6794,100.0,100.0,85.5631,100.0,28.7689,81.8396,218000.0,6560876334000.0,2.7489,1004.059,0.4786,1.1206,85.5631,64.1807,0.2877
2026-02-27,100.0,40.481,99.7996,99.7996,83.647,99.7996,27.5024,81.438,216500.0,11209237272000.0,2.8567,1018.5964,0.447,1.0918,83.647,63.7675,0.275
2026-03-03,100.0,42.2846,94.7896,98.7976,62.2345,100.0,37.0555,79.7878,195100.0,10706894851000.0,2.9501,1034.0919,0.2891,0.9413,62.2345,76.5237,0.3706
2026-03-04,100.0,45.2906,82.1643,97.5952,48.0575,100.0,33.646,75.4539,172200.0,15399493678800.0,3.0992,1073.2676,0.1278,0.7083,48.0575,90.0015,0.3365
2026-03-05,100.0,44.2886,90.1804,98.3968,56.9951,100.0,31.506,77.6499,191600.0,10338569116400.0,3.1363,1063.0582,0.2404,0.853,56.9951,97.1351,0.3151
2026-03-06,99.5992,41.2826,88.3768,97.996,55.2024,99.7996,40.497,78.0076,188200.0,5556162730000.0,3.0989,1027.151,0.2058,0.801,55.2024,93.7663,0.405
2026-03-09,99.3988,40.481,75.7515,96.7936,48.1505,99.5992,32.2185,73.215,173500.0,7471954470000.0,3.0922,1023.1374,0.1023,0.6508,48.1505,91.9593,0.3222
2026-03-10,99.1984,40.481,86.7735,97.5952,54.3082,99.7996,35.5255,76.6514,187900.0,6300318943000.0,3.0907,1025.7881,0.1816,0.7334,54.3082,96.0324,0.3553
2026-03-11,98.998,38.2766,86.9739,97.5952,55.1448,99.3988,33.5542,76.1688,190000.0,4619157640000.0,3.0358,1005.4739,0.183,0.7352,55.1448,92.9172,0.3355
2026-03-12,98.7976,37.0741,84.9699,97.3948,54.0784,99.3988,35.3091,75.7443,187900.0,3840817488700.0,2.9799,986.1038,0.1589,0.7334,54.0784,93.0741,0.3531
2026-03-13,98.5972,34.6693,79.9599,96.3928,51.8175,98.998,35.344,74.0405,183500.0,3590421738500.0,2.9531,969.4513,0.1217,0.6991,51.8175,92.5132,0.3534
2026-03-16,98.1964,33.0661,82.9659,97.5952,54.2518,98.998,36.4205,75.0065,188700.0,3726428918700.0,2.9497,957.8876,0.1435,0.7586,54.2518,92.8061,0.3642
2026-03-17,97.996,30.6613,85.1703,97.7956,56.6125,99.3988,37.1827,75.6174,193900.0,3936185899800.0,2.9352,942.6304,0.1645,0.7805,56.6125,93.0823,0.3718
2026-03-18,97.7956,25.6513,89.98,98.998,62.4683,99.5992,34.3632,76.4213,208500.0,5243458288500.0,2.8654,910.4909,0.239,0.9895,62.4683,93.9521,0.3436
2026-03-19,97.3948,23.0461,86.1723,98.5972,57.8602,99.5992,32.1734,74.4898,200500.0,3986838841500.0,2.7998,896.5386,0.1813,0.9504,57.8602,95.3587,0.3217
2026-03-20,97.3948,23.0461,85.1703,97.5952,57.235,99.3988,34.8373,74.4461,199400.0,7034784542800.0,2.8112,897.9458,0.1664,0.848,57.235,94.0823,0.3484
2026-03-23,97.1944,28.6573,67.9359,95.992,50.2687,100.0,36.0783,70.8695,186300.0,5638960629900.0,2.811,931.2383,0.0838,0.7314,50.2687,97.3482,0.3608
2026-03-24,96.7936,30.6613,72.1443,97.1944,51.9049,100.0,35.7157,72.141,189700.0,4829555985800.0,2.7887,943.7098,0.0973,0.7846,51.9049,97.4186,0.3572
2026-03-25,96.3928,34.8697,68.7375,95.1904,51.529,99.3988,37.9201,71.7227,189000.0,4346225856000.0,2.7443,971.3575,0.087,0.7104,51.529,96.4604,0.3792
2026-03-26,96.1924,37.8758,48.0962,94.1884,46.8805,100.0,42.7537,68.065,180100.0,5776550993100.0,2.7331,1000.1154,0.0309,0.6152,46.8805,97.445,0.4275
2026-03-27,95.3908,39.6794,45.491,94.1884,46.6767,97.996,44.1346,67.4903,179700.0,5236272190200.0,2.6889,1021.2991,0.0238,0.6175,46.6767,93.377,0.4413
2026-03-30,92.1844,36.6733,38.2766,89.1784,44.8903,97.996,46.3996,64.6754,176300.0,3926050616100.0,2.5275,990.584,0.0001,0.5068,44.8903,93.4296,0.464
2026-03-31,91.1824,32.8657,16.2325,78.9579,40.4303,96.1924,36.431,55.9906,167200.0,6463883949600.0,2.4217,965.6775,-0.0544,0.3992,40.4303,88.2426,0.3643
2026-04-01,89.7796,25.0501,61.523,92.7856,52.8487,96.1924,49.9477,69.4003,189600.0,6141191589600.0,2.2171,912.6376,0.0667,0.5813,52.8487,88.9503,0.4995
2026-04-02,88.7776,22.0441,38.0762,78.1563,47.515,95.7916,53.5099,62.0064,178400.0,6888957210400.0,2.1252,897.1197,0.0004,0.3883,47.515,83.1867,0.5351
2026-04-03,88.1764,20.2405,50.9018,76.1523,51.2082,95.7916,53.5233,64.3718,186200.0,3760206031400.0,2.0795,885.1833,0.0398,0.3483,51.2082,84.5779,0.5352
2026-04-06,85.7715,16.0321,63.1263,78.3567,54.2735,95.3908,53.1059,66.5495,193100.0,3984803489800.0,1.9993,850.2883,0.0726,0.3902,54.2735,79.8534,0.5311
2026-04-07,84.9699,15.6313,67.9359,78.3567,55.7488,94.99,59.1764,68.3491,196500.0,6061642414500.0,1.9792,845.8201,0.0858,0.3936,55.7488,75.0766,0.5918
2026-04-08,86.5731,18.4369,83.3667,90.1804,61.2872,95.1904,63.0731,74.8983,210500.0,7555049816500.0,2.0166,874.0241,0.1558,0.5166,61.2872,78.6893,0.6307
2026-04-09,88.1764,24.0481,76.5531,84.7695,57.6778,95.1904,61.4425,72.92,204000.0,8633451156000.0,2.0863,903.8046,0.1137,0.4676,57.6778,79.567,0.6144
2026-04-10,87.976,22.6453,77.7555,85.1703,58.4879,94.99,60.5996,72.9748,206000.0,3758358554000.0,2.08,898.4408,0.1181,0.4841,58.4879,78.8997,0.606
2026-04-13,87.3747,22.4449,67.7355,83.3667,55.6214,94.99,60.3959,70.2728,201000.0,3940286415000.0,2.0742,897.732,0.086,0.4608,55.6214,79.1451,0.604
2026-04-14,87.976,26.0521,75.1503,84.7695,58.0566,94.7896,58.3931,72.3302,206500.0,4888284107000.0,2.0805,914.089,0.1105,0.4718,58.0566,79.1375,0.5839
2026-04-15,86.9739,27.6553,79.9599,83.9679,59.9909,93.988,57.9862,73.194,211000.0,5083598524000.0,2.0654,921.6957,0.1285,0.4663,59.9909,75.1713,0.5799
2026-04-16,86.9739,29.2585,83.3667,82.7655,62.6691,93.5872,61.2642,74.5547,217500.0,4676203890000.0,2.0692,936.0651,0.1563,0.4607,62.6691,74.3425,0.6126
2026-04-17,84.3687,30.8617,81.3627,81.7635,61.6436,93.5872,63.6089,74.0223,216000.0,3905133552000.0,2.0018,944.4826,0.1403,0.4468,61.6436,74.3685,0.6361
2026-04-20,82.3647,30.0601,78.9579,84.9699,60.5761,93.1864,63.1596,73.4073,214500.0,3669610444500.0,1.9568,941.8244,0.1268,0.4773,60.5761,69.5363,0.6316
2026-04-21,81.5631,30.6613,81.7635,83.3667,62.6649,93.1864,62.1386,73.7235,219000.0,3668716908000.0,1.9279,943.6356,0.1445,0.4649,62.6649,69.5991,0.6214
2026-04-22,81.3627,28.0561,79.3587,78.9579,61.4953,93.1864,61.5608,72.0871,217500.0,3659106900000.0,1.9067,924.7634,0.1298,0.4281,61.4953,69.674,0.6156
2026-04-23,81.3627,28.2565,83.5671,84.7695,64.7973,92.5852,60.2508,73.864,224500.0,7750971382500.0,1.9234,928.376,0.1582,0.476,64.7973,66.9908,0.6025
2026-04-24,80.9619,26.0521,78.3567,80.5611,60.7874,92.5852,52.5045,70.3472,219500.0,4308053187000.0,1.8955,913.5858,0.1262,0.4431,60.7874,67.9043,0.525
2026-04-27,80.9619,25.6513,81.5631,76.5531,63.2374,92.3848,51.2546,70.3747,224500.0,5134398963000.0,1.9056,910.2816,0.145,0.4075,63.2374,67.1412,0.5125
2026-04-28,79.7595,18.6373,78.1563,73.7475,61.1791,91.5832,46.294,67.3205,222000.0,4094676780000.0,1.8527,876.559,0.126,0.367,61.1791,63.2969,0.4629
2026-04-29,78.9579,17.8357,80.7615,76.3527,63.2407,80.5611,51.474,67.3618,226000.0,4602208856000.0,1.8133,866.6475,0.1408,0.4063,63.2407,47.7566,0.5147
2026-04-30,77.7555,18.4369,73.5471,74.3487,58.6303,71.7435,38.4071,61.7543,220500.0,4886715487500.0,1.7653,871.5908,0.1086,0.3738,58.6303,42.1465,0.3841
2026-05-04,79.1583,25.6513,84.3687,91.5832,64.6804,72.5451,35.9884,67.7982,232500.0,7654089720000.0,1.8168,908.7762,0.164,0.5459,64.6804,43.3192,0.3599
2026-05-06,82.3647,39.6794,96.994,92.986,75.467,89.98,33.8421,75.7894,266000.0,14124066936000.0,1.9598,987.7367,0.3217,0.5881,75.467,61.2439,0.3384
2026-05-07,85.5711,44.6894,98.3968,92.986,76.7238,89.98,36.2932,77.5452,271500.0,11241372520500.0,2.0202,1030.6148,0.3386,0.6056,76.7238,61.2626,0.3629
2026-05-08,83.5671,45.6914,95.992,94.3888,74.4824,88.978,26.0508,75.1635,268500.0,6947673780000.0,1.9926,1039.4802,0.3149,0.6855,74.4824,58.6655,0.2605
2026-05-11,83.7675,47.0942,99.1984,97.1944,78.3434,88.978,30.2619,77.4137,285500.0,10286877337000.0,1.9942,1056.2149,0.387,0.8001,78.3434,58.7756,0.3026
2026-05-12,88.3768,51.7034,98.3968,93.988,73.7486,89.5792,37.2546,78.6043,279000.0,11497910571000.0,2.0938,1106.2417,0.3474,0.6767,73.7486,60.4262,0.3725
2026-05-13,88.978,56.1122,98.5972,94.99,74.9649,88.3768,36.8527,79.2068,284000.0,10093398056000.0,2.169,1165.3427,0.3627,0.7129,74.9649,58.5738,0.3685
2026-05-14,89.98,58.7174,99.5992,96.3928,77.6424,88.7776,37.08,80.3904,296000.0,11637166592000.0,2.249,1209.1168,0.4067,0.764,77.6424,59.1105,0.3708
2026-05-15,90.1804,61.523,92.3848,88.1764,62.3761,93.1864,41.4826,77.8207,270500.0,10299419233500.0,2.3055,1243.5957,0.2736,0.5146,62.3761,70.4225,0.4148
2026-05-18,90.5812,68.5371,94.99,90.5812,65.3935,93.1864,41.6059,79.7842,281000.0,9429015134000.0,2.3558,1301.4985,0.312,0.5508,65.3935,70.7367,0.4161
2026-05-19,90.7816,74.7495,92.1844,79.1583,62.5631,93.1864,42.0981,77.9518,275500.0,8476465259500.0,2.4036,1346.0623,0.2759,0.45,62.5631,71.3561,0.421
2026-05-20,91.3828,80.7615,90.3808,79.3587,62.7211,92.986,41.6786,78.2353,276000.0,9842733252000.0,2.4726,1409.5893,0.2662,0.4519,62.7211,71.1115,0.4168
2026-05-21,92.3848,85.7715,98.1964,90.5812,69.2816,93.988,47.2208,83.7708,299500.0,10832522355500.0,2.5523,1475.5261,0.3601,0.5518,69.2816,75.2119,0.4722
2026-05-22,93.1864,87.7756,95.1904,80.7615,65.5794,93.988,49.6083,82.0052,292500.0,5380617645000.0,2.564,1522.5284,0.316,0.4625,65.5794,76.1088,0.4961
2026-05-26,91.984,88.1764,96.7936,81.9639,67.3255,93.7876,49.9454,82.561,299000.0,7008969929000.0,2.5334,1551.8465,0.332,0.4693,67.3255,75.9013,0.4995
2026-05-27,93.5872,90.1804,97.7956,73.5471,69.3839,92.986,48.9751,81.8799,307000.0,10412423216000.0,2.5948,1617.1275,0.3527,0.4083,69.3839,74.7285,0.4898
2026-05-28,93.7876,90.982,93.5872,71.3427,65.2347,93.988,49.6854,80.6597,299500.0,9043502533000.0,2.6265,1655.0016,0.3069,0.3834,65.2347,76.1162,0.4969
2026-05-29,95.992,95.3908,98.5972,93.1864,69.7764,94.1884,48.9379,86.0819,317000.0,11805567229000.0,2.7043,1748.5283,0.3686,0.6248,69.7764,76.9038,0.4894
2026-06-01,97.3948,97.5952,100.0,98.998,75.9607,95.3908,52.5146,89.0003,349000.0,15723318312000.0,2.8162,1839.6932,0.4887,1.0267,75.9607,81.7796,0.5251
2026-06-02,97.7956,98.3968,100.0,97.7956,77.7247,95.1904,53.6264,89.2733,360500.0,16121661661000.0,2.9259,1925.9959,0.517,0.8815,77.7247,79.9773,0.5363
2026-06-04,98.3968,99.5992,99.3988,97.5952,73.1977,95.1904,54.4897,89.0103,351500.0,12222019505500.0,2.9516,2010.6672,0.4604,0.8677,73.1977,81.1074,0.5449
2026-06-05,97.3948,100.0,96.7936,97.996,63.2756,91.984,63.6902,88.346,329000.0,11095528948000.0,2.876,2051.3731,0.3509,0.8963,63.2756,74.7593,0.6369
2026-06-08,96.7936,100.0,83.5671,90.1804,51.9782,95.7916,59.6728,83.277,295500.0,11503721031000.0,2.8458,2102.635,0.2029,0.5726,51.9782,85.5278,0.5967
2026-06-09,96.7936,100.0,91.5832,93.1864,58.318,96.3928,57.6346,85.7495,322000.0,9700008178000.0,2.8562,2136.4588,0.2968,0.6947,58.318,90.0308,0.5763
2026-06-10,95.7916,100.0,83.7675,90.982,52.7947,96.3928,57.0132,83.0599,302500.0,8182734505000.0,2.8054,2162.211,0.2063,0.6099,52.7947,91.2142,0.5701
2026-06-11,95.1904,100.0,81.1623,92.1844,51.8455,96.1924,55.5706,82.2877,299000.0,9394671793000.0,2.754,2234.4985,0.1811,0.6294,51.8455,90.8738,0.5557
2026-06-12,94.3888,100.0,87.5752,93.5872,57.3852,98.5972,55.2746,84.5307,322500.0,9999482730000.0,2.7261,2277.1488,0.2594,0.7091,57.3852,94.34,0.5527
2026-06-15,92.1844,100.0,91.984,95.1904,60.4114,98.5972,57.1134,85.9007,337000.0,7245522579000.0,2.6515,2288.4012,0.2988,0.738,60.4114,94.4722,0.5711
2026-06-16,90.982,99.7996,92.1844,91.7836,61.6258,94.7896,53.6607,84.2618,343000.0,6019198955000.0,2.5833,2279.2227,0.3065,0.6451,61.6258,87.3359,0.5366
2026-06-17,88.7776,99.1984,91.7836,94.1884,62.3513,94.5892,55.2003,84.425,346500.0,6283448671500.0,2.5292,2222.8387,0.3031,0.7282,62.3513,86.7852,0.552
2026-06-18,89.1784,99.3988,96.1924,96.5932,65.557,94.5892,55.06,86.0472,362500.0,11877113125000.0,2.5443,2242.264,0.3455,0.818,65.557,86.8436,0.5506
2026-06-19,90.5812,99.3988,91.1824,97.996,62.5117,94.7896,54.9725,85.1784,354000.0,15322853892000.0,2.576,2274.8826,0.2984,0.9002,62.5117,87.7763,0.5497
2026-06-22,88.1764,99.7996,89.3788,96.994,62.3283,93.5872,54.1755,84.0285,353500.0,8600814428500.0,2.5288,2285.1214,0.2818,0.8635,62.3283,83.952,0.5418
2026-06-23,90.982,100.0,68.9379,90.7816,48.889,99.1984,61.3162,80.0182,310000.0,12792655300000.0,2.5912,2352.906,0.116,0.6402,48.889,97.0593,0.6132
2026-06-24,92.5852,100.0,82.5651,97.5952,56.0454,100.0,58.4296,84.4091,340500.0,16279291039500.0,2.666,2474.2768,0.2139,0.8906,56.0454,102.151,0.5843
2026-06-25,92.5852,100.0,86.3727,98.7976,59.6372,100.0,59.3676,85.8508,358500.0,12962341143000.0,2.6677,2532.02,0.2643,0.995,59.6372,103.1836,0.5937
2026-06-26,93.3868,100.0,80.3607,97.7956,54.5682,100.0,63.0558,84.6647,339500.0,13490355364500.0,2.6889,2615.9266,0.1857,0.9257,54.5682,104.949,0.6306
2026-06-29,91.984,100.0,69.1383,97.7956,50.55,100.0,60.1179,81.3673,323000.0,11445996283000.0,2.6583,2709.182,0.119,0.9318,50.55,104.9651,0.6012
2026-06-30,89.1784,99.7996,74.5491,93.988,53.033,99.1984,59.5369,81.4783,334000.0,9765230144000.0,2.5673,2695.2217,0.1473,0.7616,53.033,99.6458,0.5954
2026-07-01,85.5711,99.5992,54.7094,93.988,48.3939,99.1984,61.225,76.7386,314500.0,7852556139000.0,2.4552,2648.4857,0.0732,0.7629,48.3939,100.7922,0.6122
2026-07-02,85.1703,99.3988,21.2425,84.9699,42.5372,100.0,64.4834,68.6356,286000.0,11126851164000.0,2.4208,2632.1654,-0.0287,0.536,42.5372,105.4166,0.6448
2026-07-03,84.5691,98.998,44.8898,87.3747,48.1133,100.0,64.5333,74.1607,309500.0,9755606511000.0,2.3873,2615.8451,0.0444,0.6028,48.1133,107.7802,0.6453
2026-07-06,83.7675,98.7976,52.7054,88.978,50.0031,98.7976,63.5077,75.6788,318000.0,7591575522000.0,2.3291,2559.7347,0.0659,0.6183,50.0031,100.8633,0.6351
2026-07-07,83.3667,98.5972,28.2565,67.7355,45.3946,98.1964,61.7276,66.7044,296000.0,9596625472000.0,2.31,2548.2468,-0.013,0.4062,45.3946,99.3254,0.6173
2026-07-08,82.9659,98.7976,11.2224,64.3287,41.8977,98.1964,63.8611,62.7168,277500.0,9303397845000.0,2.3054,2559.9735,-0.078,0.3603,41.8977,99.4889,0.6386
2026-07-09,82.7655,97.996,10.8216,63.3267,42.0277,97.996,63.8449,62.3567,278000.0,8005332202000.0,2.2754,2526.0978,-0.0799,0.3495,42.0277,99.472,0.6384
