date,turnover,vol_share,extension,momentum,rsi,volatility,basket_corr,score,close,dollar_vol,raw_turnover_ratio,raw_vol_share,raw_extension,raw_momentum_60d,raw_rsi14,raw_realized_vol20,raw_basket_corr
2022-01-03,,,,,,,,,65.93,194500290.79,,,,,,,
2022-01-04,,,,,100.0,,,,67.62,253780700.04,,,,,100.0,,
2022-01-05,,,,,97.5144,,,,67.06,396719046.92,,,,,97.5144,,
2022-01-06,,,,,87.7801,,,,64.74,486410459.34,,,,,87.7801,,
2022-01-07,,,,,88.3676,,,,65.83,252882653.5,,,,,88.3676,,
2022-01-10,,,,,87.1668,,,,65.54,201791237.08,,,,,87.1668,,
2022-01-11,,,,,87.4703,,,,66.02,240036044.16,,,,,87.4703,,
2022-01-12,,,,,87.8067,,,,66.54,143372473.74,,,,,87.8067,,
2022-01-13,,,,,87.6605,,,,66.51,174538468.44,,,,,87.6605,,
2022-01-14,,,,,87.7556,,,,66.64,144009439.84,,,,,87.7556,,
2022-01-18,,,,,75.5868,,,,64.12,197462669.6,,,,,75.5868,,
2022-01-19,,,,,66.9392,,,,61.94,233322467.34,,,,,66.9392,,
2022-01-20,,,,,60.0802,,,,59.92,229132761.76,,,,,60.0802,,
2022-01-21,,,,,53.8709,,,,57.81,294048426.03,,,,,53.8709,,
2022-01-24,,,,,51.7157,,,,57.02,277467017.7,,,,,51.7157,,
2022-01-25,,,,,46.7909,,,,55.09,287293578.74,,,,,46.7909,,
2022-01-26,,,,,45.5563,,,,54.58,249939340.18,,,,,45.5563,,
2022-01-27,,,,,43.7525,,,,53.84,549668119.76,,,,,43.7525,,
2022-01-28,,,,,35.6569,,,,49.9,994653556.3,,,,,35.6569,,
2022-01-31,,,,,41.1348,,,,51.74,337984151.18,,0.0055,,,41.1348,,
2022-02-01,,,,,43.4726,,28.2918,,52.57,237017154.57,,0.0054,,,43.4726,42.8706,0.2829
2022-02-02,,,,,45.898,,30.0044,,53.44,224988652.48,,0.0053,,,45.898,41.9692,0.3
2022-02-03,,,,,43.256,,42.5026,,52.29,266914723.32,,0.0052,,,43.256,42.0935,0.425
2022-02-04,,,,,42.165,,22.0334,,51.81,174551413.08,,0.0048,,,42.165,41.231,0.2203
2022-02-07,,,,,42.2956,,20.692,,51.85,163934559.8,,0.0048,,,42.2956,40.1792,0.2069
2022-02-08,,,,,44.0641,,23.3026,,52.37,144701137.98,,0.0048,,,44.0641,40.8557,0.233
2022-02-09,,,,,50.6708,,28.0101,,54.48,171674924.4,,0.0047,,,50.6708,44.2493,0.2801
2022-02-10,,,,,49.5069,,27.3649,,54.09,337526359.92,,0.0048,,,49.5069,43.7822,0.2736
2022-02-11,,,,,48.4017,,27.9895,,53.73,239749116.57,,0.0047,,,48.4017,43.6509,0.2799
2022-02-14,,,,,45.7439,,27.9034,,52.86,187298785.14,,0.0047,,,45.7439,43.4316,0.279
2022-02-15,,,,,54.9589,,22.7304,,55.87,182031778.97,,0.0047,,,54.9589,48.2295,0.2273
2022-02-16,,,,,56.3386,,23.7121,,56.39,149497953.77,,0.0047,,,56.3386,47.3934,0.2371
2022-02-17,,,,,56.5041,,22.7449,,56.45,214021594.6,,0.0047,,,56.5041,46.2095,0.2274
2022-02-18,,,,,53.1747,,21.1569,,55.53,192751182.54,,0.0048,,,53.1747,44.8726,0.2116
2022-02-22,,,,,46.4191,,22.2872,,53.42,184103803.32,,0.0049,,,46.4191,46.5833,0.2229
2022-02-23,,,,,42.4549,,22.4437,,51.98,150072653.54,,0.0049,,,42.4549,46.0173,0.2244
2022-02-24,,,,,42.0521,,16.5633,,51.83,224023772.4,,0.0048,,,42.0521,45.9554,0.1656
2022-02-25,,,,,46.1602,,23.3996,,52.95,164768486.25,,0.0045,,,46.1602,46.5154,0.234
2022-02-28,,,,,40.5977,,27.3253,,50.94,241818853.14,,0.0039,,,40.5977,39.9418,0.2733
2022-03-01,,,,,37.1224,,28.1165,,49.49,211787506.0,,0.0038,,,37.1224,39.0098,0.2812
2022-03-02,,,,,45.2957,,29.9415,,51.84,180749905.92,,0.0037,,,45.2957,42.2543,0.2994
2022-03-03,,,,,45.876,,29.2746,,52.02,233364529.08,,0.0038,,,45.876,41.8064,0.2927
2022-03-04,,,,,41.2898,,38.7829,,50.27,189153995.47,,0.0037,,,41.2898,42.835,0.3878
2022-03-07,,,,,33.7015,,49.2017,,46.61,221157831.38,,0.0037,,,33.7015,50.1753,0.492
2022-03-08,,,,,32.2372,,44.744,,45.77,240400105.27,,0.0037,,,32.2372,50.3227,0.4474
2022-03-09,,,,,39.0299,,44.3182,,47.77,162991144.46,,0.0037,,,39.0299,52.9989,0.4432
2022-03-10,,,,,36.6929,,39.8464,,46.59,128749647.99,,0.0037,,,36.6929,50.7805,0.3985
2022-03-11,,,,,34.2765,,40.5746,,45.3,131609455.8,,0.0035,,,34.2765,51.2849,0.4057
2022-03-14,,,,,32.7807,,37.3343,,44.47,145467729.21,,0.0035,,,32.7807,51.3893,0.3733
2022-03-15,,,,,37.9457,,34.2079,,45.94,109544481.28,,0.0035,-0.1706,,37.9457,53.409,0.3421
2022-03-16,,,,,45.0863,,40.8821,,48.25,168313900.75,,0.0034,-0.1232,,45.0863,52.4684,0.4088
2022-03-17,,,,,46.8264,,42.9372,,48.86,120072717.1,,0.0034,-0.1061,,46.8264,52.6196,0.4294
2022-03-18,,,,,48.1038,,47.0772,,49.3,208680638.9,,0.0033,-0.0921,,48.1038,52.8577,0.4708
2022-03-21,,,,,47.1338,,46.046,,48.95,94616434.0,,0.0033,-0.0933,,47.1338,52.7352,0.4605
2022-03-22,,,,,49.5742,,47.6862,,49.73,102040688.62,,0.0033,-0.0733,,49.5742,51.8328,0.4769
2022-03-23,,,,,46.4648,,46.5798,,48.68,83134340.96,,0.0033,-0.0871,,46.4648,51.5116,0.4658
2022-03-24,,,,,52.0758,,43.8396,,50.5,102915515.5,,0.0034,-0.0475,,52.0758,53.4329,0.4384
2022-03-25,,,,,52.9798,,43.1712,,50.81,138349431.18,,0.0034,-0.0359,,52.9798,52.8452,0.4317
2022-03-28,,,,,52.6006,,44.2086,,50.7,114857605.2,,0.0034,-0.0322,,52.6006,51.0464,0.4421
2022-03-29,,,,,56.2484,,44.8339,,51.89,148038745.26,0.6859,0.0034,-0.0039,,56.2484,50.5153,0.4483
2022-03-30,,,,,51.6775,,43.8009,,50.62,147642949.04,0.6821,0.0034,-0.0232,-0.2322,51.6775,48.5685,0.438
2022-03-31,,,,,48.4397,,45.6456,,49.65,145140554.1,0.6656,0.0033,-0.0373,-0.2657,48.4397,48.952,0.4565
2022-04-01,,,,,44.5363,,47.9653,,48.39,174723466.65,0.6644,0.0033,-0.0575,-0.2784,44.5363,48.3054,0.4797
2022-04-04,,,,,47.9425,,45.438,,49.34,138805952.36,0.6491,0.0033,-0.0359,-0.2379,47.9425,40.172,0.4544
2022-04-05,,,,,44.1893,,43.0598,,48.12,285864703.56,0.6564,0.0035,-0.0564,-0.269,44.1893,40.7177,0.4306
2022-04-06,,,,,43.4094,,43.9624,,47.86,223943113.94,0.6701,0.0036,-0.0588,-0.2698,43.4094,37.8921,0.4396
2022-04-07,,,,,43.0944,,52.1388,,47.76,174287941.2,0.6826,0.0037,-0.0583,-0.2766,43.0944,36.7337,0.5214
2022-04-08,,,,,41.2873,,49.3214,,47.2,117751539.2,0.684,0.0037,-0.0669,-0.2907,41.2873,35.4419,0.4932
2022-04-11,,,,,40.6966,,50.4446,,47.02,113137361.08,0.6812,0.0037,-0.0694,-0.293,40.6966,34.6885,0.5044
2022-04-12,,,,,43.0371,,56.1658,,47.5,141273027.5,0.692,0.0037,-0.0583,-0.2872,43.0371,33.0139,0.5617
2022-04-13,,,,,44.7968,,47.1488,,47.86,111144225.08,0.6831,0.0038,-0.0494,-0.2536,44.7968,28.0216,0.4715
2022-04-14,,,,,39.2793,,49.7167,,46.34,219849749.84,0.7063,0.004,-0.077,-0.2519,39.2793,29.7368,0.4972
2022-04-18,,,,,43.8825,,53.4424,,47.28,152011251.84,0.6956,0.004,-0.0564,-0.2109,43.8825,30.5629,0.5344
2022-04-19,,,,,50.9909,,57.6116,,48.95,152172480.35,0.7119,0.0041,-0.0219,-0.1533,50.9909,33.1478,0.5761
2022-04-20,,,,,53.0981,,56.3584,,49.5,174808012.5,0.7309,0.0042,-0.01,-0.1319,53.0981,32.8944,0.5636
2022-04-21,,,,,55.8486,,55.8933,,50.24,227140064.0,0.7644,0.0044,0.0056,-0.088,55.8486,32.3171,0.5589
2022-04-22,,,,,52.3629,,66.4089,,49.46,210581835.74,0.7901,0.0044,-0.008,-0.0938,52.3629,30.0317,0.6641
2022-04-25,,,,,57.976,,63.3769,,51.01,278267711.6,0.82,0.0045,0.0244,-0.0526,57.976,32.0311,0.6338
2022-04-26,,,,,51.9,,57.2083,,49.58,303268365.84,0.86,0.0046,-0.0027,-0.0064,51.9,33.6065,0.5721
2022-04-27,,,,,53.6205,,48.343,,50.05,245842797.2,0.8813,0.0047,0.0079,-0.0327,53.6205,32.6264,0.4834
2022-04-28,,,,,61.6637,,48.7563,,52.61,305195187.07,0.9135,0.0048,0.0609,0.0008,61.6637,36.2197,0.4876
2022-04-29,,,,,62.9085,,42.8359,,53.07,434377260.09,0.9691,0.0052,0.0716,-0.0069,62.9085,35.3935,0.4284
2022-05-02,,,,,65.1596,,40.2299,,53.92,303746295.84,0.9941,0.0052,0.0899,0.0312,65.1596,33.9164,0.4023
2022-05-03,,,,,78.2217,,33.3592,,61.72,1355833667.96,1.1996,0.0065,0.2444,0.1913,78.2217,57.1533,0.3336
2022-05-04,,,,,79.4352,,32.3201,,62.86,404708457.86,1.2146,0.0064,0.2626,0.2123,79.4352,55.5576,0.3232
2022-05-05,,,,,73.0166,,33.1728,,61.19,273825188.81,1.2228,0.0063,0.2245,0.1684,73.0166,57.0269,0.3317
2022-05-06,,,,,66.9468,,33.0002,,59.45,275492013.4,1.2419,0.0063,0.1861,0.0912,66.9468,58.6883,0.33
2022-05-09,,,,,58.2027,,33.9989,,56.53,283268833.91,1.2742,0.0063,0.1262,0.0451,58.2027,62.1645,0.34
2022-05-10,,,,,59.8096,,33.1022,,57.36,314666979.36,1.3122,0.0064,0.1398,0.0676,59.8096,62.0033,0.331
2022-05-11,,,,,55.3633,,32.7481,,55.75,235528084.25,1.3322,0.0063,0.1051,0.0547,55.3633,63.4837,0.3275
2022-05-12,,,,,54.8181,,31.4826,,55.55,235890853.0,1.3587,0.0064,0.0995,-0.0057,54.8181,63.6174,0.3148
2022-05-13,,,,,60.8397,,38.7734,,58.45,189843904.95,1.3552,0.0063,0.154,0.0365,60.8397,63.5788,0.3877
2022-05-16,,,,,59.199,,33.0944,,57.89,167866295.94,1.3627,0.0063,0.1395,0.0255,59.199,63.9273,0.3309
2022-05-17,,,,,65.1614,,38.5254,,61.19,303480126.84,1.3907,0.0065,0.1976,0.1019,65.1614,65.3913,0.3853
2022-05-18,,,,,59.2554,,35.3223,,59.1,161736074.1,1.3924,0.0064,0.1507,0.1063,59.2554,67.3915,0.3532
2022-05-19,,,,,56.385,,37.6207,,58.01,139966179.94,1.3795,0.0063,0.1249,0.116,56.385,68.0412,0.3762
2022-05-20,,,,,53.3227,,36.5501,,56.81,178800726.26,1.376,0.0063,0.0973,0.0961,53.3227,68.3002,0.3655
2022-05-23,,,,,54.4981,,34.431,,57.34,179095813.34,1.3578,0.0063,0.1024,0.0829,54.4981,67.7246,0.3443
2022-05-24,,,,,52.5098,,39.8587,,56.6,126094046.0,1.3257,0.0062,0.0832,0.1111,52.5098,66.9046,0.3986
2022-05-25,,,,,58.0748,,43.7355,,59.1,222043723.5,1.321,0.0063,0.1253,0.1942,58.0748,68.1563,0.4374
2022-05-26,,,,,61.1716,,39.8282,,60.68,165209249.08,1.2943,0.0062,0.15,0.1705,61.1716,66.7511,0.3983
2022-05-27,,,,,64.0159,,42.1922,,62.25,158698469.25,1.2381,0.0061,0.1738,0.1967,64.0159,67.0705,0.4219
2022-05-31,,,,,59.3627,,47.2915,,60.69,220629148.74,1.2204,0.0061,0.1395,0.2073,59.3627,68.0178,0.4729
2022-06-01,,,,,58.1661,,51.7381,,60.28,121512544.56,0.9554,0.0048,0.127,0.2933,58.1661,47.9642,0.5174
2022-06-02,,,,,61.5273,,51.2779,,61.93,145772506.11,0.9017,0.0047,0.1526,0.3531,61.5273,48.5292,0.5128
2022-06-03,,,,,56.0861,,50.6055,,60.08,106582640.96,0.8693,0.0047,0.1134,0.2577,56.0861,48.7869,0.5061
2022-06-06,,,,,55.0655,,50.7863,,59.72,147370327.36,0.8437,0.0048,0.103,0.2818,55.0655,47.7144,0.5079
2022-06-07,,,,,56.4866,,48.0084,,60.32,145222511.2,0.8158,0.0048,0.1101,0.3316,56.4866,43.8828,0.4801
2022-06-08,,,,,49.4667,,45.0627,,57.82,416342392.48,0.8319,0.0051,0.0613,0.3002,49.4667,46.5045,0.4506
2022-06-09,,,,,46.3874,,45.4245,,56.58,248019901.08,0.8339,0.0053,0.0368,0.2316,46.3874,46.0052,0.4542
2022-06-10,,,,,40.7672,,48.974,,54.03,252767252.28,0.8368,0.0053,-0.0112,0.1198,40.7672,48.9201,0.4897
2022-06-13,,,,,34.322,,57.0494,,50.36,232719955.72,0.8461,0.0052,-0.0786,0.0307,34.322,50.635,0.5705
2022-06-14,,,,,32.6267,,57.6452,,49.24,205195390.0,0.855,0.0052,-0.0993,-0.0012,32.6267,50.9135,0.5765
2022-06-15,,,,,34.8245,,48.7471,,49.95,226947125.7,0.8381,0.005,-0.0866,0.0204,34.8245,45.9591,0.4875
2022-06-16,,,,,29.5593,,45.7492,,46.35,280456109.55,0.8625,0.0052,-0.1518,-0.068,29.5593,50.7515,0.4575
2022-06-17,,,,,29.5593,,34.7498,,46.35,288344230.65,0.8931,0.0053,-0.1514,-0.0479,29.5593,50.867,0.3475
2022-06-21,,,,,30.0702,,38.8179,,46.5,233684866.5,0.9049,0.0056,-0.1482,-0.0792,30.0702,50.9789,0.3882
2022-06-22,,,,,28.6102,,38.7562,,45.52,179080914.8,0.9066,0.0056,-0.1657,-0.1041,28.6102,50.5979,0.3876
2022-06-23,,,,,30.102,,39.9667,,45.92,188228238.24,0.9216,0.0057,-0.158,-0.0943,30.102,51.1013,0.3997
2022-06-24,,,,,34.3495,,45.69,,47.07,134772895.08,0.9054,0.0055,-0.1368,-0.0929,34.3495,48.8997,0.4569
2022-06-27,,,,,36.2011,,44.7792,,47.58,200610459.66,0.9141,0.0057,-0.1273,-0.0601,36.2011,47.5977,0.4478
2022-06-28,,,,,34.4763,,42.4335,,46.74,96092205.12,0.9045,0.0056,-0.1429,-0.0586,34.4763,45.4836,0.4243
2022-06-29,,,,,31.868,,50.8143,,45.4,117790345.4,0.8851,0.0056,-0.1669,-0.0618,31.868,45.6219,0.5081
2022-06-30,,,,,30.8006,,44.9281,,44.83,186730040.36,0.9009,0.0056,-0.1761,-0.0914,30.8006,45.5375,0.4493
2022-07-01,,,,,28.2773,,47.0272,,43.42,261550009.24,0.9255,0.0058,-0.2002,-0.0977,28.2773,43.1019,0.4703
2022-07-05,,,,,29.9002,,53.1987,,43.79,153696550.45,0.9383,0.0058,-0.1915,-0.085,29.9002,43.7965,0.532
2022-07-06,,,,,29.8609,,55.2116,,43.77,118270260.45,0.9353,0.0058,-0.1901,-0.0835,29.8609,44.0052,0.5521
2022-07-07,,,,,34.8879,,63.527,,44.86,112198628.24,0.9315,0.0057,-0.1681,-0.0496,34.8879,45.4116,0.6353
2022-07-08,,,,,36.5941,,66.3751,,45.24,142457819.4,0.8722,0.0053,-0.1597,-0.0379,36.5941,44.9031,0.6638
2022-07-11,,,,,35.4873,,66.2786,,44.82,162952835.94,0.8547,0.0053,-0.1659,-0.0564,35.4873,44.7736,0.6628
2022-07-12,,,,,41.0219,,63.1888,,46.03,162673886.52,0.836,0.0054,-0.1412,-0.0382,41.0219,44.7936,0.6319
2022-07-13,,,,,42.2565,,56.7162,,46.31,113082721.84,0.8118,0.0055,-0.1338,-0.0006,42.2565,38.4546,0.5672
2022-07-14,,,,,41.2599,,56.8709,,46.01,89984885.68,0.7891,0.0053,-0.1369,-0.0269,41.2599,37.8597,0.5687
2022-07-15,,,,,47.4841,,63.8005,,47.41,107879321.55,0.7647,0.0053,-0.1058,-0.0315,47.4841,39.2148,0.638
2022-07-18,,,,,45.589,,65.1052,,46.9,138386423.0,0.7341,0.0053,-0.1101,-0.0525,45.589,28.7811,0.6511
2022-07-19,,,,,52.2667,,61.8684,,48.56,116726682.72,0.697,0.0051,-0.0741,-0.0334,52.2667,31.2305,0.6187
2022-07-20,,,,,55.8845,,61.4252,,49.59,178830317.43,0.6852,0.005,-0.0509,0.0026,55.8845,31.9269,0.6143
2022-07-21,,,,,58.6378,,59.5759,,50.43,128555298.69,0.6755,0.005,-0.0326,-0.0114,58.6378,30.894,0.5958
2022-07-22,,,,,46.6547,,61.7974,,47.22,195915213.36,0.6777,0.005,-0.0906,-0.0476,46.6547,39.7794,0.618
2022-07-25,,,,,45.4701,,60.6791,,46.84,218780646.72,0.6971,0.0053,-0.0949,-0.0641,45.4701,38.922,0.6068
2022-07-26,,,,,45.8983,,61.0407,,46.95,109303684.65,0.6783,0.0052,-0.0897,-0.1076,45.8983,38.7199,0.6104
2022-07-27,,,,,51.4256,,60.4167,,48.43,104203731.48,0.6826,0.0052,-0.0573,-0.0874,51.4256,39.7205,0.6042
2022-07-28,,,,,52.4508,,57.349,,48.72,130346218.8,0.6875,0.0052,-0.0483,-0.0964,52.4508,38.0205,0.5735
2022-07-29,,,,,53.8258,,56.27,,49.1,126027621.4,0.6751,0.0051,-0.0363,-0.2045,53.8258,37.557,0.5627
2022-08-01,,,,,53.9014,,51.087,,49.12,142605871.68,0.6487,0.0049,-0.0321,-0.2186,53.9014,35.0585,0.5109
2022-08-02,,,,,50.9814,,52.3062,,48.47,115340811.51,0.6416,0.0049,-0.0413,-0.2079,50.9814,35.7156,0.5231
2022-08-03,,,,,54.7203,,51.65,,49.39,135296298.94,0.6472,0.0049,-0.0203,-0.1692,54.7203,35.9732,0.5165
2022-08-04,,,,,56.7293,,47.5673,,49.91,160566958.3,0.6598,0.005,-0.007,-0.1171,56.7293,35.3508,0.4757
2022-08-05,,,,,45.0546,,43.2992,,47.09,284771548.01,0.6919,0.0054,-0.0596,-0.179,45.0546,41.8772,0.433
2022-08-08,,,,,47.0921,,42.7375,,47.58,254170789.86,0.7125,0.0055,-0.0454,-0.1465,47.0921,41.7534,0.4274
2022-08-09,,,,,42.675,,48.5137,,46.31,167490812.61,0.7147,0.0056,-0.0655,-0.1663,42.675,42.0684,0.4851
2022-08-10,,,,,48.3076,,41.551,,47.68,125471350.4,0.7195,0.0056,-0.0322,-0.1843,48.3076,43.269,0.4155
2022-08-11,,,,,53.2867,,43.7415,,49.06,176841038.22,0.7409,0.0059,0.0006,-0.1525,53.2867,44.1916,0.4374
2022-08-12,,,,,58.3296,,34.2337,,50.67,119870829.72,0.7458,0.006,0.0375,-0.1719,58.3296,44.3848,0.3423
2022-08-15,,,,,54.1823,,34.3309,,49.61,115840292.59,0.7426,0.0059,0.0209,-0.1606,54.1823,44.9686,0.3433
2022-08-16,,,,,52.7719,,34.4064,,49.24,87664434.0,0.7384,0.0059,0.0179,-0.1512,52.7719,43.4603,0.3441
2022-08-17,,,,,48.9173,,39.7429,,48.2,115815104.6,0.7254,0.0058,0.0011,-0.1516,48.9173,43.4365,0.3974
2022-08-18,,,,,50.8504,,39.2946,,48.72,94108282.8,0.7196,0.0058,0.0168,-0.1503,50.8504,43.1515,0.3929
2022-08-19,,,,,46.9841,,37.318,,47.67,87165929.76,0.6958,0.0056,-0.0009,-0.1578,46.9841,36.8592,0.3732
2022-08-22,,,,,41.7431,,35.1843,,46.06,188086332.42,0.6888,0.0054,-0.0303,-0.2206,41.7431,38.7973,0.3518
2022-08-23,,,,,41.0991,,36.3127,,45.85,89275681.25,0.6863,0.0054,-0.0314,-0.2444,41.0991,38.7997,0.3631
2022-08-24,,,,,42.7302,,36.3297,,46.21,106026673.13,0.6888,0.0055,-0.0221,-0.2577,42.7302,37.0796,0.3633
2022-08-25,,,,,49.7998,,42.0103,,47.91,120443536.14,0.6882,0.0056,0.0145,-0.2106,49.7998,39.4464,0.4201
2022-08-26,,,,,41.8752,,37.4758,,45.49,116236366.43,0.6876,0.0055,-0.035,-0.2454,41.8752,43.2148,0.3748
2022-08-29,,,,,39.8169,,40.5115,,44.76,96175095.84,0.6784,0.0055,-0.0498,-0.2772,39.8169,43.4003,0.4051
2022-08-30,,,,,36.1473,,38.7853,,43.36,180236940.16,0.6948,0.0055,-0.0784,-0.2783,36.1473,44.3731,0.3879
2022-08-31,,,,,33.5324,,36.2508,,42.26,181561933.82,0.7066,0.0056,-0.1001,-0.2924,33.5324,43.9406,0.3625
2022-09-01,,,,,32.9032,,35.3233,,41.99,297549454.02,0.7384,0.0057,-0.1045,-0.3039,32.9032,43.4151,0.3532
2022-09-02,,,,,32.0867,,36.9118,,41.65,118752063.5,0.6993,0.0052,-0.1101,-0.2797,32.0867,39.2817,0.3691
2022-09-06,,,,,30.4588,,38.0882,,40.97,141086463.41,0.6726,0.0049,-0.1224,-0.2759,30.4588,38.9404,0.3809
2022-09-07,,,,,33.0413,,36.8819,,41.45,169400388.45,0.6737,0.0049,-0.1098,-0.2328,33.0413,38.7829,0.3688
2022-09-08,,,,,38.0002,,33.8802,,42.41,173708348.89,0.6862,0.0049,-0.0875,-0.1579,38.0002,38.0979,0.3388
2022-09-09,,,,,44.4189,,34.3741,,43.8,154396095.0,0.6816,0.0048,-0.0569,-0.1105,44.4189,38.563,0.3437
2022-09-12,,,,,42.6076,,34.2221,,43.27,198930752.83,0.7012,0.0049,-0.0677,-0.1337,42.6076,35.8954,0.3422
2022-09-13,,,,,32.1014,,22.1652,,39.32,326243308.88,0.7507,0.0051,-0.1513,-0.1517,32.1014,47.45,0.2217
2022-09-14,,,,,30.0982,,20.4036,,38.33,228653168.72,0.7849,0.0053,-0.1707,-0.173,30.0982,47.6721,0.204
2022-09-15,,,,,28.996,,18.4011,,37.77,193150076.73,0.8042,0.0053,-0.1807,-0.1877,28.996,47.5673,0.184
2022-09-16,,,,,27.9147,,16.026,,37.22,270327631.74,0.8461,0.0054,-0.1899,-0.1823,27.9147,46.792,0.1603
2022-09-19,,,,,26.7431,,16.8209,,36.62,143164168.86,0.8613,0.0055,-0.2,-0.2025,26.7431,46.7025,0.1682
2022-09-20,,,,,24.7311,,16.0185,,35.54,189779868.3,0.862,0.0056,-0.2204,-0.245,24.7311,46.4624,0.1602
2022-09-21,,,,,23.397,,15.829,,34.78,150306673.98,0.8783,0.0055,-0.2333,-0.269,23.397,46.4479,0.1583
2022-09-22,,,,,21.7976,,14.1146,,33.82,155339149.3,0.8916,0.0054,-0.2504,-0.2764,21.7976,45.9723,0.1411
2022-09-23,,,,,21.9173,,12.2468,,33.84,253116093.6,0.9231,0.0055,-0.2458,-0.2546,21.9173,42.2479,0.1225
2022-09-26,,,,,19.5911,,12.4877,,32.4,151212452.4,0.9331,0.0056,-0.2731,-0.2773,19.5911,41.4415,0.1249
2022-09-27,,,,,21.5829,,5.042,,32.72,125272740.88,0.9422,0.0055,-0.2612,-0.2464,21.5829,42.5212,0.0504
2022-09-28,,,,,24.2967,,5.819,,33.15,123824333.1,0.9302,0.0054,-0.2462,-0.243,24.2967,43.2402,0.0582
2022-09-29,,,,,22.4124,,5.0011,,32.18,146234158.08,0.9227,0.0052,-0.2624,-0.2648,22.4124,43.4138,0.05
2022-09-30,,,,,24.8078,,8.8314,,32.55,212343863.55,0.9013,0.005,-0.2478,-0.2744,24.8078,44.2608,0.0883
2022-10-03,,,,,33.7392,,9.6199,,34.05,141305899.65,0.9083,0.005,-0.2083,-0.2473,33.7392,48.7886,0.0962
2022-10-04,,,,,45.0355,,34.0006,,36.46,371277831.3,0.9613,0.0053,-0.1482,-0.1865,45.0355,56.0681,0.34
2022-10-05,,,,,47.8559,,38.8008,,37.17,262009991.88,0.9828,0.0054,-0.1276,-0.1925,47.8559,56.4482,0.388
2022-10-06,,,,,47.4497,,38.19,,37.06,335609652.76,1.0193,0.0056,-0.1255,-0.1997,47.4497,55.4637,0.3819
2022-10-07,,,,,42.759,,37.1244,,35.74,347372285.24,1.063,0.0058,-0.1515,-0.2232,42.759,54.3972,0.3712
2022-10-10,,,,,39.3329,,37.2932,,34.66,126953895.76,1.0473,0.0057,-0.1714,-0.2689,39.3329,54.8824,0.3729
2022-10-11,,,,,40.0987,,35.4563,,34.82,200781834.78,1.0165,0.0057,-0.1619,-0.2576,40.0987,45.0335,0.3546
2022-10-12,,,,,38.3398,,35.0931,,34.28,257915555.48,1.0223,0.0057,-0.1692,-0.2941,38.3398,44.6031,0.3509
2022-10-13,,,,,42.4668,,56.5228,,35.1,206065746.9,1.0254,0.0056,-0.1434,-0.2922,42.4668,45.6276,0.5652
2022-10-14,,,,,37.8726,,50.4562,,33.72,103569260.28,0.9868,0.0054,-0.1705,-0.3314,37.8726,47.3042,0.5046
2022-10-17,,,,,38.7516,,49.3894,,33.89,129719770.19,0.9853,0.0053,-0.1609,-0.2823,38.7516,47.2322,0.4939
2022-10-18,,,,,37.8029,,49.0225,,33.61,121166940.46,0.9703,0.0052,-0.162,-0.2825,37.8029,46.2632,0.4902
2022-10-19,,,,,36.9335,,48.0462,,33.36,129416150.16,0.9669,0.0052,-0.1628,-0.2895,36.9335,45.7695,0.4805
2022-10-20,,,,,37.6134,,44.2741,,33.47,136369665.95,0.9637,0.0052,-0.154,-0.3089,37.6134,44.7569,0.4427
2022-10-21,,,,,45.5949,,45.0016,,34.86,217205199.96,0.9544,0.0051,-0.1125,-0.2845,45.5949,47.0915,0.45
2022-10-24,,,,,45.9166,,42.1873,,34.92,159428202.84,0.9574,0.0051,-0.1038,-0.2888,45.9166,43.9982,0.4219
2022-10-25,,,,,47.9598,,41.7632,,35.29,202133179.75,0.9765,0.0053,-0.0876,-0.2816,47.9598,44.012,0.4176
2022-10-26,,,,,47.9071,,32.1287,,35.28,273005036.64,1.0118,0.0055,-0.0813,-0.2721,47.9071,43.8937,0.3213
2022-10-27,,,,,43.1133,,36.4185,,34.34,233048993.78,1.0326,0.0057,-0.0992,-0.3047,43.1133,43.6364,0.3642
2022-10-28,,,,,49.7904,,31.2359,,35.5,171433937.5,1.0232,0.0058,-0.0623,-0.2887,49.7904,44.8471,0.3124
2022-10-31,,,,,44.3316,,26.5875,,34.37,152336948.05,1.0271,0.0058,-0.0857,-0.2701,44.3316,43.9338,0.2659
2022-11-01,,,,,51.1237,,26.9401,,35.7,312708330.9,1.0099,0.0057,-0.0451,-0.2497,51.1237,38.7135,0.2694
2022-11-02,,,,,46.0305,,17.1556,,34.58,143458726.32,0.9819,0.0054,-0.0694,-0.2533,46.0305,39.4018,0.1716
2022-11-03,,,,,42.4894,,15.8804,,33.71,108229393.42,0.9276,0.0051,-0.0867,-0.293,42.4894,40.1562,0.1588
2022-11-04,,,,,50.6237,,20.5954,,35.44,123924323.84,0.8736,0.0048,-0.0333,-0.2776,50.6237,42.7705,0.206
2022-11-07,,,,,55.2708,,22.6069,,36.62,141933370.66,0.8785,0.0048,0.0037,-0.2773,55.2708,42.745,0.2261
2022-11-08,,,,,54.8001,,24.8081,,36.52,94547504.48,0.8541,0.0047,0.0056,-0.2639,54.8001,42.7821,0.2481
2022-11-09,,,,,45.7041,,25.978,,34.35,179636794.35,0.835,0.0046,-0.0495,-0.3024,45.7041,48.0693,0.2598
2022-11-10,,,,,57.5838,,22.8026,,37.75,169324076.5,0.8264,0.0045,0.0472,-0.2168,57.5838,58.1631,0.228
2022-11-11,,,,,62.7472,,33.3065,,39.75,155882964.0,0.8403,0.0046,0.1041,-0.1841,62.7472,58.1264,0.3331
2022-11-14,,,,,62.1363,,35.1833,,39.6,141944061.6,0.8445,0.0047,0.1012,-0.1693,62.1363,58.2746,0.3518
2022-11-15,,,,,61.5341,,34.9801,,39.46,139432304.6,0.8502,0.0047,0.0982,-0.1433,61.5341,58.1248,0.3498
2022-11-16,,,,,50.1651,,34.6633,,36.42,249583455.66,0.8794,0.0049,0.0164,-0.2057,50.1651,65.9031,0.3466
2022-11-17,,,,,50.5213,,35.0762,,36.53,161784392.77,0.8865,0.0049,0.0229,-0.2095,50.5213,65.9038,0.3508
2022-11-18,,,,,51.6382,,34.3656,,36.86,82545979.56,0.855,0.0048,0.0361,-0.2306,51.6382,64.5334,0.3437
2022-11-21,,,,,48.3941,,35.0747,,35.95,121885563.05,0.847,0.0049,0.0147,-0.2097,48.3941,65.2846,0.3507
2022-11-22,,,,,49.4465,,34.7672,,36.23,101590550.35,0.8234,0.0048,0.0244,-0.1906,49.4465,65.2407,0.3477
2022-11-23,,,,,52.3257,,39.6277,,37.0,120312641.0,0.7862,0.0046,0.047,-0.1467,52.3257,65.6091,0.3963
2022-11-25,,,,,53.5828,,37.4031,,37.34,45606665.26,0.7412,0.0045,0.0568,-0.1164,53.5828,64.7104,0.374
2022-11-28,,,,,48.591,,48.377,,36.11,97528487.92,0.7241,0.0044,0.0227,-0.14,48.591,65.0726,0.4838
2022-11-29,,,,,48.276,,50.6389,,36.03,71702942.7,0.7055,0.0044,0.0207,-0.1349,48.276,63.9021,0.5064
2022-11-30,,,,,51.3339,,51.9495,,36.75,242882734.5,0.687,0.0041,0.0404,-0.103,51.3339,62.8761,0.5195
2022-12-01,,,,,47.5108,,51.0915,,35.84,219664184.32,0.706,0.0044,0.0141,-0.1353,47.5108,62.4428,0.5109
2022-12-02,,,,,45.9319,,51.9025,,35.45,154996120.7,0.7186,0.0044,0.0021,-0.1641,45.9319,61.8107,0.519
2022-12-05,,,,,43.309,,50.2671,,34.79,105983873.31,0.7154,0.0045,-0.0171,-0.2057,43.309,59.5797,0.5027
2022-12-06,,,,,39.958,,48.6335,,33.89,190700487.27,0.728,0.0045,-0.0433,-0.2168,39.958,58.8306,0.4863
2022-12-07,,,,,41.3163,,47.4284,,34.14,132536020.62,0.7387,0.0046,-0.037,-0.1317,41.3163,58.9652,0.4743
2022-12-08,,,,,46.9511,,53.1361,,35.23,318395000.3,0.7722,0.0049,-0.0074,-0.0809,46.9511,56.0006,0.5314
2022-12-09,,,,,49.2616,,59.1008,,35.71,192101480.77,0.778,0.0051,0.0041,-0.0545,49.2616,44.3015,0.591
2022-12-12,,,,,51.6251,,43.7726,,36.21,146874495.06,0.7765,0.0052,0.016,-0.0271,51.6251,39.9695,0.4377
2022-12-13,,,,,52.058,,43.7025,,36.3,214372880.7,0.7947,0.0051,0.0173,-0.0087,52.058,40.0496,0.437
2022-12-14,,,,,49.5635,,42.7088,,35.83,138343105.51,0.7954,0.005,0.0045,0.0082,49.5635,40.1657,0.4271
2022-12-15,,,,,35.4671,,51.1663,,32.21,349004980.79,0.8182,0.0051,-0.0945,-0.0739,35.4671,47.1923,0.5117
2022-12-16,,,,,34.675,,53.5876,,31.94,308757687.82,0.8537,0.0051,-0.0995,-0.0556,34.675,47.0724,0.5359
2022-12-19,,,,,33.5396,,52.1003,,31.56,147125177.16,0.871,0.0053,-0.1081,-0.0674,33.5396,46.7315,0.521
2022-12-20,,,,,36.5989,,50.0414,,32.08,178895339.04,0.8858,0.0053,-0.0921,-0.0099,36.5989,47.0123,0.5004
2022-12-21,,,,,34.3094,,51.3396,,31.38,148399220.76,0.8986,0.0053,-0.1102,-0.041,34.3094,47.0722,0.5134
2022-12-22,,,,,32.0283,,46.8208,,30.64,166749835.28,0.911,0.0053,-0.1294,-0.0757,32.0283,46.1922,0.4682
2022-12-23,,,,,31.8741,,45.6859,,30.59,78255093.28,0.9216,0.0053,-0.1285,-0.0494,31.8741,45.7738,0.4569
2022-12-27,,,,,35.739,,41.2003,,31.17,106338886.26,0.9256,0.0054,-0.1107,-0.0424,35.739,45.9713,0.412
2022-12-28,,,,,32.4568,,44.0052,,30.21,90639032.79,0.9324,0.0053,-0.1363,-0.1128,32.4568,46.6925,0.4401
2022-12-29,,,,,40.7574,,32.0749,,31.57,136676884.96,0.9062,0.0055,-0.0964,-0.1341,40.7574,49.3781,0.3207
2022-12-30,,,,,40.6782,,33.0077,,31.55,83039000.55,0.8731,0.0052,-0.096,-0.1512,40.6782,48.9914,0.3301
2023-01-03,,,,,40.0912,,32.9342,,31.41,109177799.13,0.8639,0.0052,-0.0989,-0.1525,40.0912,48.9653,0.3293
2023-01-04,,,,,49.3185,,48.1162,,33.05,209815214.9,0.8942,0.0054,-0.0509,-0.0753,49.3185,52.6683,0.4812
2023-01-05,,,,,58.4743,,47.9539,,35.23,353786424.16,0.9391,0.0056,0.0115,0.0164,58.4743,56.8461,0.4795
2023-01-06,,,,,64.6028,,51.4523,,37.17,311783744.16,0.9845,0.0058,0.0661,0.0675,64.6028,59.7281,0.5145
2023-01-09,,,,,65.7802,,49.1745,,37.59,290474544.78,0.9754,0.0057,0.0767,0.0966,65.7802,58.9343,0.4917
2023-01-10,,,,,67.3932,,49.5249,,38.17,250019683.54,0.9903,0.0058,0.0909,0.0875,67.3932,58.9789,0.4952
2023-01-11,,,,,68.0914,,51.2506,,38.42,116928119.56,0.983,0.0058,0.0962,0.1394,68.0914,58.8615,0.5125
2023-01-12,,,,,65.3199,,52.7405,,37.96,155330156.28,0.9681,0.0059,0.0809,0.1201,65.3199,59.1026,0.5274
2023-01-13,,,,,61.0174,,52.5853,,37.22,153861301.48,0.9719,0.006,0.0589,0.1074,61.0174,59.3771,0.5259
2023-01-17,,,,,61.3875,,51.5621,,37.32,249470503.56,0.9451,0.0061,0.0601,0.1187,61.3875,43.4492,0.5156
2023-01-18,,,,,61.9708,,45.1041,,37.47,104214936.3,0.8944,0.0058,0.0621,0.1195,61.9708,43.0728,0.451
2023-01-19,,,,,62.2979,,43.5199,,37.55,159542777.95,0.899,0.0058,0.0631,0.0772,62.2979,42.4934,0.4352
2023-01-20,,,,,65.892,,45.1254,,38.46,196799550.78,0.9055,0.0058,0.0877,0.1014,65.892,42.7599,0.4513
2023-01-23,,,,,75.2062,,48.079,,41.79,346007743.62,0.9556,0.006,0.1784,0.1842,75.2062,48.5005,0.4808
2023-01-24,,,,,70.8866,,48.3086,,41.1,196976106.6,0.9653,0.0062,0.1545,0.165,70.8866,47.8096,0.4831
2023-01-25,,,,,71.4245,,45.6953,,41.31,127008586.44,0.9806,0.0062,0.1581,0.203,71.4245,47.564,0.457
2023-01-26,,,,,76.8086,,43.5725,,43.76,301019570.0,1.0369,0.0064,0.224,0.2327,76.8086,49.9108,0.4357
2023-01-27,,100.0,,,78.9209,,45.7714,70.7366,44.97,242531169.69,1.0942,0.0067,0.2541,0.3084,78.9209,46.6232,0.4577
2023-01-30,,100.0,,,74.5115,59.8394,49.8255,67.8018,44.24,301046519.76,1.139,0.0069,0.2305,0.2392,74.5115,47.3981,0.4983
2023-01-31,,100.0,,,72.772,62.4,50.6676,68.4747,43.95,277175026.05,1.1899,0.0072,0.2173,0.271,72.772,47.7349,0.5067
2023-02-01,,100.0,,,69.0033,64.5418,45.8004,66.9033,43.32,670434139.08,1.3272,0.0079,0.1954,0.2851,69.0033,48.4449,0.458
2023-02-02,,99.6047,,,72.1138,55.9524,52.7504,66.9545,44.58,240112560.9,1.336,0.0078,0.2249,0.2579,72.1138,46.9454,0.5275
2023-02-03,,99.2126,,,64.7299,48.2213,53.7502,63.38,43.25,250794380.5,1.3066,0.0076,0.1836,0.181,64.7299,45.8184,0.5375
2023-02-06,,98.8235,,,59.7741,40.5512,54.7308,60.3041,42.25,149600616.75,1.2641,0.0075,0.1524,0.1569,59.7741,44.2825,0.5473
2023-02-07,,98.4375,,,62.3506,41.9608,55.522,61.4024,43.08,168307658.04,1.2312,0.0072,0.1712,0.2541,62.3506,44.497,0.5552
2023-02-08,,97.6654,,,60.6372,42.5781,48.482,58.9785,42.74,123527960.06,1.199,0.0069,0.1586,0.1322,60.6372,44.6727,0.4848
2023-02-09,,97.2868,,,56.9214,46.3035,51.1265,60.0707,41.99,138988621.59,1.2099,0.0069,0.1346,0.0564,56.9214,45.4314,0.5113
2023-02-10,,97.6834,,,60.4693,46.8992,50.5271,60.8584,43.01,130126023.83,1.206,0.007,0.1578,0.0861,60.4693,45.4981,0.5053
2023-02-13,,96.5385,,,60.5722,41.6988,49.435,58.7623,43.04,119710078.72,1.1986,0.0069,0.1547,0.0907,60.5722,44.5221,0.4943
2023-02-14,,95.4023,,,62.6644,41.9231,49.6216,59.0768,43.64,94641893.44,1.1595,0.0065,0.1659,0.1982,62.6644,44.5461,0.4962
2023-02-15,,95.8015,,,62.7708,42.1456,50.4115,59.4816,43.67,141252318.13,1.1696,0.0067,0.1616,0.1955,62.7708,44.5994,0.5041
2023-02-16,,95.057,,,56.4227,52.2901,46.5121,59.9366,42.57,85339312.74,1.1529,0.0066,0.1277,0.1549,56.4227,46.1074,0.4651
2023-02-17,,94.3182,,,51.3859,57.0342,48.5634,60.8201,41.58,122053433.04,1.1346,0.0065,0.097,0.1566,51.3859,46.7691,0.4856
2023-02-21,,86.0377,,,44.7389,13.2576,49.4744,44.9749,40.05,109298973.15,1.0728,0.0062,0.0533,0.1054,44.7389,38.5691,0.4947
2023-02-22,,82.7068,,,42.8655,12.4528,49.0775,43.5736,39.57,98972721.42,1.0476,0.0059,0.0383,0.0695,42.8655,38.3737,0.4908
2023-02-23,,83.8951,,,44.0225,12.782,50.6376,44.6094,39.79,209588413.56,1.0702,0.006,0.0419,0.0656,44.0225,38.3849,0.5064
2023-02-24,,70.5224,,,41.2425,2.6217,52.3787,38.8531,39.11,102924222.6,1.0182,0.0056,0.0225,0.0831,41.2425,31.5936,0.5238
2023-02-27,,55.7621,,,38.9078,0.7463,53.3156,35.1525,38.51,92532444.16,0.9809,0.0053,0.0057,0.0688,38.9078,29.2472,0.5332
2023-02-28,,37.4074,,,38.7896,0.7435,51.9176,31.0377,38.48,140429835.52,0.9389,0.005,0.0035,0.0471,38.7896,29.1616,0.5192
2023-03-01,,26.9373,,,37.3238,1.1111,52.8583,29.043,38.12,138446579.44,0.9021,0.0048,-0.0089,0.0636,37.3238,29.1737,0.5286
2023-03-02,,12.8676,,,39.1133,1.845,55.2401,27.5217,38.38,99430682.2,0.7495,0.004,-0.0055,0.0827,39.1133,29.4394,0.5524
2023-03-03,,11.7216,,,40.5888,0.0,52.8514,26.3175,38.59,87261328.78,0.7095,0.0038,-0.0037,0.1092,40.5888,26.8468,0.5285
2023-03-06,,12.4088,,,36.8768,0.0,45.5597,23.525,37.78,233830431.7,0.7047,0.0039,-0.0275,0.1148,36.8768,25.992,0.4556
2023-03-07,,10.5455,,,34.8832,0.0,46.3097,22.9786,37.31,153976429.88,0.7072,0.0038,-0.0425,0.0929,34.8832,25.3477,0.4631
2023-03-08,,8.6957,,,39.3179,0.0,36.8745,20.6651,37.9,93364565.5,0.6878,0.0037,-0.031,0.0758,39.3179,24.8728,0.3687
2023-03-09,,6.4982,,,35.6005,0.7246,34.2995,18.927,37.06,98701601.52,0.6815,0.0036,-0.0556,0.0378,35.6005,25.5136,0.343
2023-03-10,,5.036,,,31.7518,1.444,41.0172,20.0959,36.06,193561281.36,0.6954,0.0035,-0.0833,-0.0041,31.7518,26.263,0.4102
2023-03-13,,6.81,25.3012,,29.2332,0.0,39.925,20.9333,35.32,292879055.88,0.7375,0.0035,-0.1045,-0.027,29.2332,23.8067,0.3992
2023-03-14,,5.0,24.0,,29.1323,0.0,37.7218,19.8164,35.29,141002888.92,0.7428,0.0034,-0.1069,-0.0151,29.1323,23.722,0.3772
2023-03-15,,2.847,18.3267,,26.2099,0.0,35.5035,16.9951,34.39,152472157.41,0.7588,0.0034,-0.1309,0.0677,26.2099,22.6033,0.355
2023-03-16,,0.0,23.8095,,33.763,2.4911,33.3914,19.3151,35.34,174273414.24,0.7669,0.0033,-0.1087,0.1064,33.763,26.2407,0.3339
2023-03-17,,2.8269,21.3439,,32.7743,2.1277,35.8909,19.331,35.08,221566718.28,0.8037,0.0034,-0.1162,0.1115,32.7743,25.6552,0.3589
2023-03-20,,6.338,21.6535,,33.7388,1.7668,39.0309,20.6543,35.2,191203689.6,0.8208,0.0034,-0.1131,0.0973,33.7388,25.5078,0.3903
2023-03-21,,6.6667,26.2745,,35.9649,0.3521,37.7644,21.7651,35.47,140384088.22,0.8285,0.0035,-0.1056,0.1303,35.9649,23.6256,0.3776
2023-03-22,,4.1958,20.3125,,32.6011,1.4035,30.8362,17.9688,34.7,78913005.0,0.8232,0.0034,-0.1237,0.1325,32.6011,24.2115,0.3084
2023-03-23,,0.0,25.2918,,37.2779,2.0979,35.2524,20.5553,35.27,89228691.25,0.7908,0.0032,-0.108,0.153,37.2779,25.2049,0.3525
2023-03-24,,0.0,25.969,,37.2291,2.0906,30.5914,19.7414,35.26,74538476.42,0.7842,0.0032,-0.1068,0.1312,37.2291,24.9218,0.3059
2023-03-27,36.1446,0.692,25.8687,,36.9684,1.7361,28.4477,22.2224,35.21,139617403.17,0.7965,0.0033,-0.1068,0.1655,36.9684,24.6506,0.2845
2023-03-28,34.0,1.0345,21.1538,78.3133,33.9014,2.7682,23.5917,28.5253,34.61,105050936.97,0.7877,0.0033,-0.1209,0.0963,33.9014,25.0094,0.2359
2023-03-29,33.8645,1.7182,39.4636,88.8,49.0111,12.4138,23.4708,36.748,36.6,135574891.2,0.7871,0.0033,-0.07,0.1601,49.0111,33.0426,0.2347
2023-03-30,32.5397,2.3973,45.8015,91.2351,52.9675,13.4021,24.6508,38.9709,37.28,82853308.8,0.7836,0.0033,-0.0526,0.1869,52.9675,33.7046,0.2465
2023-03-31,34.3874,1.3652,49.8099,86.5079,55.1184,13.6986,21.9543,39.0926,37.67,96631686.72,0.7875,0.0033,-0.0428,0.1398,55.1184,33.8846,0.2195
2023-04-03,28.7402,0.0,45.4545,69.5652,52.0302,12.9693,25.6236,34.8287,37.2,91215330.0,0.7494,0.0031,-0.0541,0.0559,52.0302,33.3416,0.2562
2023-04-04,28.2353,0.339,36.2264,58.2677,44.7857,15.3061,24.2678,30.6693,35.94,129749006.64,0.7454,0.0031,-0.0834,-0.0331,44.7857,35.223,0.2427
2023-04-05,32.8125,4.3919,28.5714,50.9804,40.5401,16.6102,25.6037,29.1085,35.06,215051448.72,0.7788,0.0033,-0.1031,-0.0673,40.5401,35.4763,0.256
2023-04-06,38.1323,10.101,30.7116,48.8281,41.1545,14.8649,23.0743,30.0028,35.15,164138302.95,0.7969,0.0034,-0.098,-0.0791,41.1545,34.8494,0.2307
2023-04-10,43.7984,18.7919,58.209,61.4786,56.6462,44.7811,26.5182,45.6721,38.04,349652876.64,0.8354,0.0038,-0.0209,-0.0099,56.6462,44.0783,0.2652
2023-04-11,35.5212,18.0602,59.8513,65.8915,58.0057,37.9195,27.0355,44.532,38.37,123035515.35,0.789,0.0038,-0.0091,0.0108,58.0057,43.2345,0.2704
2023-04-12,32.6923,20.0,58.8889,66.7954,55.8895,41.1371,28.8994,44.7954,38.0,114737238.0,0.7823,0.0039,-0.0155,0.021,55.8895,43.483,0.289
2023-04-13,39.8467,22.2591,50.9225,60.3846,49.9492,42.6667,28.6837,43.1426,36.88,285560512.32,0.8155,0.0043,-0.041,-0.0118,49.9492,43.8732,0.2868
2023-04-14,40.8397,23.5099,38.6029,53.2567,43.6191,52.8239,29.9887,40.9698,35.46,185066342.82,0.819,0.0044,-0.0741,-0.0536,43.6191,45.4222,0.2999
2023-04-17,37.2624,25.0825,45.4212,56.4885,46.4987,54.9669,31.8221,43.3234,36.02,133167380.8,0.7953,0.0045,-0.0553,-0.0407,46.4987,45.6503,0.3182
2023-04-18,30.6818,23.0263,41.9708,49.0494,45.1678,55.4455,33.2226,40.4735,35.72,97089103.2,0.7707,0.0044,-0.0594,-0.0712,45.1678,45.77,0.3322
2023-04-19,30.566,25.2459,35.6364,30.6818,40.5812,63.8158,33.3362,37.47,34.62,127149601.02,0.7678,0.0045,-0.0847,-0.1716,40.5812,47.0578,0.3334
2023-04-20,35.7143,29.4118,20.6522,27.5472,35.9368,70.4918,34.4407,35.8944,33.32,151511137.96,0.7889,0.0047,-0.1145,-0.1893,35.9368,48.351,0.3444
2023-04-21,39.3258,38.4365,24.9097,27.4436,36.6574,68.9542,29.9081,37.3361,33.44,118557039.04,0.7985,0.0049,-0.1069,-0.1905,36.6574,47.921,0.2991
2023-04-24,40.2985,44.8052,20.1439,17.2285,34.7624,69.7068,30.0207,35.5737,32.9,102558281.7,0.8093,0.005,-0.117,-0.2482,34.7624,48.1514,0.3002
2023-04-25,39.4052,38.835,16.4875,5.597,32.0831,72.0779,32.8924,32.8852,32.09,93323496.2,0.8003,0.0049,-0.1337,-0.2864,32.0831,48.7386,0.3289
2023-04-26,40.3704,36.7742,21.7857,14.8699,35.9552,74.4337,39.1375,36.9518,32.68,120789659.12,0.8069,0.0048,-0.1128,-0.2613,35.9552,49.1482,0.3914
2023-04-27,38.7454,29.9035,27.758,16.2963,36.4839,43.871,42.5211,33.4054,32.76,88540976.16,0.7977,0.0047,-0.1053,-0.2546,36.4839,44.0701,0.4252
2023-04-28,42.2794,31.7308,47.1631,26.5683,46.4776,66.881,46.874,44.6439,34.44,134779459.08,0.8176,0.0047,-0.0547,-0.205,46.4776,47.6317,0.4687
2023-05-01,43.5897,39.2971,42.7562,20.9559,44.762,64.7436,48.3502,43.6031,34.06,92980359.94,0.8204,0.0049,-0.0607,-0.236,44.762,47.3822,0.4835
2023-05-02,48.5401,32.4841,40.1408,22.3443,42.1599,65.8147,48.3217,43.2457,33.47,76173101.14,0.8404,0.0047,-0.0729,-0.2261,42.1599,47.5177,0.4832
2023-05-03,45.4545,26.6667,37.8947,23.7226,40.3613,57.9618,49.8003,40.8226,33.05,68486011.7,0.8291,0.0046,-0.0809,-0.2178,40.3613,46.3577,0.498
2023-05-04,36.2319,21.519,38.8112,21.0909,40.3171,53.3333,50.7564,38.1577,33.04,80788185.52,0.7935,0.0043,-0.0779,-0.2331,40.3171,45.7252,0.5076
2023-05-05,31.0469,20.5047,42.8571,24.2754,43.0642,56.3291,51.0136,39.3281,33.45,101429899.8,0.7783,0.0041,-0.0631,-0.2174,43.0642,46.0125,0.5101
2023-05-08,20.1439,16.9811,53.8194,31.4079,47.6816,16.7192,47.5126,34.5977,34.18,138069768.2,0.7185,0.0038,-0.04,-0.186,47.6816,35.9347,0.4751
2023-05-09,26.1649,19.4357,48.4429,23.3813,44.5877,16.3522,47.5927,33.1146,33.6,198711542.4,0.7429,0.0039,-0.0537,-0.2188,44.5877,35.7675,0.4759
2023-05-10,27.8571,19.6875,40.3448,20.4301,41.0285,17.5549,44.0023,30.6172,32.88,134778999.84,0.7506,0.0039,-0.071,-0.2361,41.0285,36.1533,0.44
2023-05-11,16.0142,14.9533,38.488,16.0714,39.4733,14.375,42.4721,26.4802,32.55,119854112.7,0.7034,0.0037,-0.0775,-0.2541,39.4733,35.1754,0.4247
2023-05-12,7.8014,12.4224,43.4932,19.9288,42.8658,12.4611,42.4673,26.6262,33.03,111851735.04,0.6828,0.0036,-0.061,-0.2436,42.8658,33.6344,0.4247
2023-05-15,28.9753,21.3622,77.4744,41.844,61.0749,80.1242,42.3147,52.7273,36.75,383754304.5,0.7537,0.0041,0.0458,-0.1367,61.0749,51.3817,0.4231
2023-05-16,31.6901,22.5309,77.2109,44.1696,60.296,79.8762,39.7432,53.0467,36.61,160928517.33,0.7752,0.0042,0.0426,-0.1195,60.296,51.297,0.3974
2023-05-17,33.3333,22.1538,78.3051,51.4085,61.6866,75.3086,39.1032,53.9181,36.98,143984033.7,0.7806,0.0041,0.0533,-0.0767,61.6866,49.902,0.391
2023-05-18,41.2587,23.0061,86.1486,63.1579,67.5149,75.0769,47.7774,60.3725,38.74,231445544.2,0.8026,0.0042,0.1029,-0.021,67.5149,49.607,0.4778
2023-05-19,41.8118,22.0183,83.165,60.4895,64.9748,75.7669,44.2901,58.6861,38.32,120067979.36,0.8042,0.0041,0.0902,-0.0369,64.9748,50.0248,0.4429
2023-05-22,43.4028,22.561,82.8859,63.4146,65.1429,74.3119,42.2025,58.8473,38.37,125967213.57,0.8122,0.0041,0.0901,-0.0189,65.1429,49.3329,0.422
2023-05-23,43.5986,23.1003,80.9365,63.5417,61.5175,71.3415,43.0508,57.8789,37.8,95657360.4,0.8135,0.0042,0.0724,-0.0184,61.5175,48.5803,0.4305
2023-05-24,42.7586,22.4242,77.6667,61.2457,58.0389,73.8602,42.4233,56.6228,37.23,105828062.04,0.8112,0.0041,0.0551,-0.0325,58.0389,49.1102,0.4242
2023-05-25,47.079,24.1692,80.3987,65.8621,60.6456,74.2424,34.2757,57.7801,37.85,125966276.15,0.8232,0.0042,0.0706,-0.0071,60.6456,49.2093,0.3428
2023-05-26,52.3973,25.3012,88.0795,71.4777,67.2239,73.1118,42.1343,62.7366,39.71,210863713.61,0.8449,0.0043,0.1204,0.0347,67.2239,48.979,0.4213
2023-05-30,60.4096,27.6276,88.1188,71.5753,67.9679,69.8795,37.4626,63.0824,39.95,219419861.9,0.8827,0.0044,0.1241,0.0352,67.9679,48.5094,0.3746
2023-05-31,73.8095,36.8263,81.5789,69.9659,60.4552,75.3754,41.4865,65.1395,38.73,295065589.44,0.9442,0.0047,0.0876,0.0251,60.4552,49.6756,0.4149
2023-06-01,75.5932,40.0,83.2787,72.449,61.36,73.6527,40.2253,66.0798,38.97,119365187.94,0.96,0.0048,0.0922,0.0445,61.36,49.1205,0.4023
2023-06-02,79.0541,45.2381,88.2353,74.2373,65.8172,75.5224,38.1367,68.7951,40.24,141092425.52,0.9771,0.0049,0.1243,0.0617,65.8172,49.7144,0.3814
2023-06-05,78.1145,46.2908,80.7818,72.973,58.6978,81.5476,40.38,67.6075,39.0,86739744.0,0.9741,0.0049,0.0874,0.0523,58.6978,51.7952,0.4038
2023-06-06,75.5034,40.5325,84.4156,80.1347,60.4799,81.3056,39.5167,68.4534,39.48,96587346.24,0.9629,0.0048,0.0982,0.0948,60.4799,51.5679,0.3952
2023-06-07,74.9164,32.4484,87.055,87.9195,62.4431,78.1065,40.0461,69.0484,40.02,172550552.16,0.9607,0.0047,0.1102,0.1331,62.4431,50.793,0.4005
2023-06-08,76.3333,38.5294,86.4516,87.9599,62.7385,74.0413,39.4065,69.0783,40.1,145232736.4,0.9662,0.0048,0.1091,0.1363,62.7385,49.5948,0.3941
2023-06-09,74.7508,32.5513,83.9228,89.6667,60.6829,73.8235,37.6962,67.4986,39.78,89785090.98,0.9609,0.0047,0.0983,0.1567,60.6829,49.4891,0.377
2023-06-12,77.8146,33.0409,87.1795,88.3721,62.8537,73.607,34.0081,68.0956,40.31,140621757.48,0.9718,0.0047,0.1111,0.1406,62.8537,49.4743,0.3401
2023-06-13,65.3465,24.4898,87.5399,89.7351,63.9458,12.2807,31.1647,56.1306,40.58,173333736.64,0.9088,0.0043,0.1167,0.1568,63.9458,33.7775,0.3116
2023-06-14,60.1974,20.3488,86.9427,88.1188,63.0585,12.2449,38.1076,55.5296,40.46,102668625.64,0.8938,0.0041,0.1114,0.1494,63.0585,33.7494,0.3811
2023-06-15,59.3443,19.4203,88.8889,90.1316,65.7063,13.0814,39.5797,56.611,41.08,118064043.24,0.8895,0.004,0.1253,0.1582,65.7063,33.901,0.3958
2023-06-16,59.1503,18.4971,85.1266,91.1475,61.0685,7.8261,39.9986,54.7003,40.47,224253051.99,0.8887,0.0039,0.1053,0.1663,61.0685,30.869,0.4
2023-06-20,64.4951,20.1729,76.3407,81.3725,52.2744,11.2717,38.7357,51.8941,39.12,171299712.24,0.9057,0.004,0.0661,0.1092,52.2744,33.1606,0.3874
2023-06-21,62.987,19.8276,72.0126,76.5472,48.3837,13.2565,44.2306,50.7768,38.42,114435891.0,0.9036,0.004,0.0468,0.0896,48.3837,33.8446,0.4423
2023-06-22,63.1068,20.3438,71.4734,76.2987,47.999,11.7816,43.5538,50.3401,38.35,88997387.7,0.9038,0.004,0.0449,0.0892,47.999,33.3889,0.4355
2023-06-23,69.0323,21.7143,69.0625,77.6699,45.2846,11.4613,43.8355,50.8122,37.86,183549520.32,0.9265,0.0041,0.0317,0.0939,45.2846,33.2512,0.4384
2023-06-26,66.2379,21.0826,68.2243,66.7742,43.6567,10.0,45.9524,48.4635,37.56,69945208.56,0.9123,0.004,0.0231,0.0262,43.6567,32.8532,0.4595
2023-06-27,66.9872,23.5795,70.4969,65.9164,48.0169,5.4131,42.2922,48.3504,38.21,247353772.35,0.9201,0.0041,0.0392,0.0249,48.0169,28.3498,0.4229
2023-06-28,56.869,18.9802,68.7307,64.1026,45.8984,5.3977,31.1235,43.8579,37.85,100022788.5,0.8838,0.0039,0.0284,0.0048,45.8984,28.3068,0.3112
2023-06-29,44.2675,14.9718,66.0494,64.5367,44.4323,4.8159,31.4675,40.9134,37.6,96468552.8,0.8247,0.0038,0.0206,0.0108,44.4323,26.3258,0.3147
2023-06-30,45.0794,13.5211,68.6154,70.7006,46.8458,5.0847,25.3004,41.6846,37.93,123428733.67,0.8288,0.0037,0.0277,0.0554,46.8458,26.4401,0.253
2023-07-03,37.6582,14.0449,71.1656,79.6825,50.8837,1.1268,29.03,42.8506,38.51,51216490.03,0.8031,0.0037,0.0405,0.0984,50.8837,24.1922,0.2903
2023-07-05,37.224,13.4454,63.9144,73.7342,45.4362,0.2809,31.524,40.0855,37.66,77052698.94,0.8009,0.0037,0.0152,0.0714,45.4362,22.9368,0.3152
2023-07-06,37.4214,12.0112,61.2805,58.3596,43.6597,0.0,31.9055,36.9762,37.36,97967372.08,0.8016,0.0037,0.0047,-0.0179,43.6597,22.4196,0.3191
2023-07-07,34.4828,11.4206,62.614,58.1761,46.0089,0.0,31.8862,36.9475,37.67,149313106.38,0.7943,0.0036,0.01,-0.0182,46.0089,21.9803,0.3189
2023-07-10,37.8125,12.2222,63.0303,62.069,47.529,0.2786,30.8269,38.2292,37.87,169946169.4,0.8018,0.0037,0.0126,-0.0034,47.529,22.1111,0.3083
2023-07-11,40.1869,15.7895,67.0695,68.75,51.1574,1.1111,36.4579,42.0845,38.36,111727873.04,0.8096,0.0037,0.0226,0.0401,51.1574,22.6992,0.3646
2023-07-12,36.9565,11.8785,66.5663,75.7009,51.5988,0.277,42.4751,42.9724,38.42,111852568.62,0.8007,0.0037,0.022,0.0835,51.5988,22.0412,0.4248
2023-07-13,27.5542,10.4683,72.3724,77.6398,58.0017,2.4862,37.1123,43.0403,39.36,77887024.32,0.7714,0.0036,0.0441,0.0927,58.0017,23.8015,0.3711
2023-07-14,47.2222,21.1538,73.9521,82.6625,59.8283,3.0303,37.4969,48.4504,39.66,312288868.32,0.8322,0.0039,0.0486,0.1103,59.8283,24.011,0.375
2023-07-17,47.3846,25.4795,68.9552,85.4938,55.336,1.9231,37.5072,47.7189,39.14,120733474.98,0.8334,0.0041,0.0315,0.1306,55.336,23.5814,0.3751
2023-07-18,40.4908,24.3169,61.6071,88.6154,50.0442,2.7397,35.7021,44.8897,38.46,151589974.62,0.8102,0.0041,0.0107,0.1543,50.0442,23.7792,0.357
2023-07-19,35.7798,22.8883,64.9852,90.7975,53.3638,0.0,35.4832,44.9313,38.93,125567157.8,0.7972,0.004,0.0201,0.1642,53.3638,21.1992,0.3548
2023-07-20,39.939,25.8152,57.6923,90.5199,48.558,0.0,33.858,43.6233,38.28,155368031.28,0.8093,0.0041,0.001,0.1635,48.558,21.0674,0.3386
2023-07-21,42.8571,26.2873,56.9322,93.5976,48.711,0.0,32.7935,44.2735,38.3,104458615.7,0.8159,0.0041,-0.001,0.1935,48.711,21.0596,0.3279
2023-07-24,38.4848,27.5676,62.0588,93.0091,53.3452,0.813,31.6097,45.0905,38.92,137492139.12,0.8033,0.0041,0.012,0.1909,53.3452,21.2305,0.3161
2023-07-25,42.2961,29.3801,58.0645,91.8182,51.0997,0.5405,32.6664,44.7591,38.64,102774556.08,0.8136,0.0042,0.0016,0.1795,51.0997,21.1891,0.3267
2023-07-26,26.2048,22.5806,59.9415,83.3837,52.9287,0.0,30.6479,40.5747,38.88,97695253.44,0.7673,0.004,0.0047,0.1289,52.9287,20.4535,0.3065
2023-07-27,39.9399,28.1501,79.0087,95.7831,67.9772,13.7097,63.4631,57.3489,41.68,238515092.08,0.8081,0.0042,0.0743,0.2237,67.9772,31.4366,0.6346
2023-07-28,47.3054,29.6791,79.3605,96.997,69.2985,13.4048,64.0364,59.0314,42.03,166179222.72,0.8288,0.0042,0.0804,0.2558,69.2985,31.1617,0.6404
2023-07-31,56.4179,36.0,81.7391,98.503,71.234,13.9037,63.4102,61.9065,42.56,253334867.52,0.8666,0.0046,0.0908,0.2877,71.234,31.2419,0.6341
2023-08-01,69.3452,43.0851,82.659,98.806,72.3328,13.3333,60.7038,64.4018,42.87,236407429.53,0.9209,0.0048,0.0965,0.2975,72.3328,31.0512,0.607
2023-08-02,75.0742,43.5013,79.2507,97.0238,68.2572,12.234,60.3538,63.7289,42.42,161422734.9,0.9462,0.0048,0.0827,0.2682,68.2572,29.9202,0.6035
2023-08-03,78.6982,51.8519,84.7701,96.7359,71.4868,12.2016,56.2519,65.871,43.26,164971101.54,0.9666,0.0049,0.1014,0.2657,71.4868,29.8177,0.5625
2023-08-04,81.1209,51.4512,85.6734,98.2249,72.1764,12.4339,55.1819,66.5417,43.45,169736860.15,0.9757,0.0049,0.103,0.2932,72.1764,29.8334,0.5518
2023-08-07,75.5882,44.4737,84.0,99.41,72.3658,12.6649,55.786,65.0013,43.5,92692236.0,0.9557,0.0048,0.1008,0.323,72.3658,29.9036,0.5579
2023-08-08,78.8856,46.7192,79.7721,99.4118,68.9297,13.4211,58.268,65.0173,43.16,150589901.28,0.9681,0.0048,0.0893,0.326,68.9297,30.2603,0.5827
2023-08-09,79.5322,50.2618,76.9886,97.3607,63.3994,14.4357,55.0022,63.7135,42.58,116797876.76,0.9698,0.0049,0.0731,0.2891,63.3994,31.0117,0.55
2023-08-10,83.6735,50.3916,74.5042,83.9181,59.5826,13.8743,55.8881,61.5014,42.15,122862023.4,0.985,0.0049,0.0611,0.1469,59.5826,30.6086,0.5589
2023-08-11,66.8605,34.8958,72.3164,83.6735,57.252,14.0992,58.9631,57.2175,41.88,78004682.88,0.9135,0.0045,0.0526,0.1439,57.252,30.7595,0.5896
2023-08-14,62.8986,34.026,76.0563,84.3023,61.5691,13.5417,57.3294,57.4816,42.6,85901920.2,0.9033,0.0045,0.0688,0.152,61.5691,30.556,0.5733
2023-08-15,60.1156,33.6788,66.8539,66.3768,49.8886,18.961,59.3022,52.4409,41.05,122645413.4,0.8936,0.0045,0.0294,0.0596,49.8886,33.0839,0.593
2023-08-16,57.9251,30.7494,60.2241,65.3179,46.0635,20.4663,59.7052,50.2383,40.42,95663428.7,0.8848,0.0044,0.0129,0.0548,46.0635,33.5486,0.5971
2023-08-17,54.3103,28.866,58.6592,64.5533,45.2918,18.0879,60.0406,48.6964,40.29,90804957.36,0.8648,0.0042,0.0093,0.05,45.2918,32.8827,0.6004
2023-08-18,53.2951,26.7352,52.9248,64.6552,42.0798,20.3608,58.6889,47.0165,39.74,95605895.9,0.8619,0.0041,-0.0044,0.0513,42.0798,33.3861,0.5869
2023-08-21,48.5714,21.7949,59.7222,71.0602,46.9424,20.8226,59.3045,48.782,40.4,59074415.2,0.8403,0.004,0.012,0.0851,46.9424,33.4097,0.593
2023-08-22,45.8689,19.1816,60.1108,68.2857,47.0874,19.7436,59.8506,47.7114,40.42,74221144.16,0.8317,0.0039,0.0122,0.0679,47.0874,33.2432,0.5985
2023-08-23,43.1818,18.8776,66.5746,61.5385,51.5756,21.4834,59.892,48.2746,41.05,61497620.75,0.8213,0.0039,0.0276,0.0337,51.5756,33.5506,0.5989
2023-08-24,25.779,11.9593,53.4435,56.5341,44.0404,5.6122,49.9306,36.9671,39.87,76663870.02,0.7718,0.0037,-0.0016,-0.002,44.0404,24.5673,0.4993
2023-08-25,23.1638,8.8832,50.2747,59.2068,41.9165,5.598,25.5667,32.1652,39.49,105026063.89,0.7529,0.0035,-0.0106,0.0196,41.9165,24.3669,0.2557
2023-08-28,18.0282,7.0886,68.7671,66.9492,53.9899,12.6904,26.9488,38.5538,41.41,176763678.43,0.7276,0.0034,0.0373,0.0626,53.9899,29.8772,0.2695
2023-08-29,7.3034,0.5051,69.6721,61.4085,54.7288,12.1519,28.8554,35.9157,41.55,96011454.75,0.6853,0.0032,0.0402,0.0326,54.7288,29.76,0.2886
2023-08-30,5.3221,1.0076,75.7493,72.7528,59.5734,15.1515,29.711,39.6486,42.52,149192390.16,0.682,0.0032,0.0627,0.0903,59.5734,30.7892,0.2971
2023-08-31,18.9944,7.0352,89.4022,83.4734,68.7739,28.9673,27.4757,49.298,45.0,313586865.0,0.7281,0.0034,0.121,0.1398,68.7739,36.2342,0.2748
2023-09-01,17.8273,9.0226,92.6829,84.3575,71.4797,29.6482,30.4835,50.9343,45.96,148280472.24,0.7209,0.0035,0.1406,0.1484,71.4797,36.8628,0.3048
2023-09-05,24.7222,12.25,91.3514,83.5655,70.3177,29.8246,30.0451,51.7506,45.79,201567167.89,0.7537,0.0036,0.1319,0.1419,70.3177,36.932,0.3005
2023-09-06,24.9307,12.7182,88.4097,83.6111,67.8714,29.75,29.5422,50.916,45.44,154380264.32,0.7552,0.0037,0.1189,0.1423,67.8714,36.9255,0.2954
2023-09-07,28.453,18.6567,75.8065,69.2521,55.8537,38.1546,21.768,46.2565,43.43,190387044.24,0.7778,0.0038,0.0667,0.0774,55.8537,40.3197,0.2177
2023-09-08,28.3747,20.0993,75.067,68.232,56.0206,37.0647,22.1572,45.9997,43.47,117759577.95,0.7769,0.0039,0.0647,0.0712,56.0206,40.105,0.2216
2023-09-11,31.3187,21.5347,71.123,65.2893,52.9488,38.4615,20.3409,44.9845,42.9,101721991.8,0.7862,0.0039,0.048,0.0603,52.9488,40.3548,0.2034
2023-09-12,40.0,22.963,65.8667,59.3407,49.8502,38.1188,19.3577,43.9772,42.3,147200277.6,0.809,0.004,0.0312,0.0297,49.8502,40.2466,0.1936
2023-09-13,43.4426,25.1232,71.5426,67.6712,54.2694,32.0988,20.766,46.8445,43.22,138984542.12,0.8159,0.004,0.0512,0.068,54.2694,38.4933,0.2077
2023-09-14,45.5041,25.7985,73.2095,78.9617,56.3839,30.7882,22.0027,49.4487,43.69,108935597.44,0.8218,0.004,0.0595,0.1168,56.3839,37.9866,0.22
2023-09-15,54.8913,29.902,72.2222,82.0163,55.8514,30.7125,21.3637,51.3674,43.6,195443845.2,0.8564,0.0041,0.0541,0.1348,55.8514,37.9601,0.2136
2023-09-18,55.0136,33.2518,71.2401,82.337,56.0994,29.902,22.0056,51.5719,43.65,96378108.75,0.8577,0.0043,0.0523,0.1382,56.0994,37.4035,0.2201
2023-09-19,60.2703,34.878,72.6316,87.8049,57.4886,29.8289,22.055,53.7568,43.92,138746925.36,0.884,0.0044,0.0557,0.1601,57.4886,37.151,0.2206
2023-09-20,83.0189,49.635,81.8898,93.5135,65.1076,35.3659,19.9671,62.632,45.65,387091046.65,0.9772,0.0048,0.0935,0.2154,65.1076,39.0669,0.1997
2023-09-21,86.2903,53.8835,74.3455,87.6011,57.3638,39.6594,21.7356,61.2868,44.44,171353440.72,1.0114,0.0049,0.0614,0.163,57.3638,40.5789,0.2174
2023-09-22,89.5442,60.0484,77.8068,91.129,60.3052,34.466,26.6449,63.8644,45.14,229255632.66,1.06,0.0051,0.0752,0.1926,60.3052,38.8042,0.2664
2023-09-25,89.8396,65.2174,73.1771,90.0804,57.151,34.6247,25.0325,62.8088,44.62,119843697.88,1.0655,0.0052,0.0603,0.1867,57.151,38.919,0.2503
2023-09-26,89.0667,59.759,69.8701,88.5027,55.0634,27.0531,28.3804,60.4067,44.27,158090516.31,1.0587,0.0051,0.0494,0.1672,55.0634,35.9628,0.2838
2023-09-27,89.6277,59.375,70.7254,85.8667,56.4819,27.4699,27.9439,60.367,44.56,113527249.84,1.0645,0.0051,0.0533,0.1571,56.4819,35.9806,0.2794
2023-09-28,89.6552,57.3141,78.2946,93.617,62.0045,28.3654,22.6609,62.7355,45.8,150318073.2,1.0648,0.005,0.0791,0.2161,62.0045,36.3278,0.2266
2023-09-29,84.6561,38.9952,76.5464,93.634,60.8641,13.4293,18.9262,56.892,45.63,114627351.15,1.0046,0.0046,0.0713,0.2214,60.8641,30.5069,0.1893
2023-10-02,84.4327,36.0382,74.8072,92.328,59.7503,11.244,18.1386,55.4618,45.47,117334516.54,0.9955,0.0045,0.064,0.2071,59.7503,29.5589,0.1814
2023-10-03,78.4211,30.9524,67.6923,88.9182,55.321,13.1265,18.3338,51.9857,44.82,96194297.52,0.9689,0.0042,0.0459,0.1835,55.321,29.952,0.1833
2023-10-04,75.0656,27.791,70.844,88.4211,57.7593,13.5714,17.4725,51.9034,45.29,110752256.58,0.9587,0.0041,0.0536,0.1807,57.7593,30.1117,0.1747
2023-10-05,75.6545,27.9621,76.2755,91.8635,61.6878,7.601,17.6763,53.1394,46.11,185259881.91,0.9608,0.0041,0.0691,0.2002,61.6878,25.578,0.1768
2023-10-06,80.4178,25.2955,77.6081,87.6963,62.9984,7.8199,10.8126,52.363,46.4,148303308.8,0.9756,0.004,0.0735,0.1789,62.9984,25.591,0.1081
2023-10-09,79.9479,23.5849,68.5279,81.201,55.8974,9.4563,10.2512,48.7823,45.4,98581968.6,0.9753,0.004,0.0487,0.1447,55.8974,26.4894,0.1025
2023-10-10,75.8442,20.4706,67.0886,84.6354,55.5602,8.2547,9.8203,47.804,45.35,99440895.05,0.9624,0.0039,0.0462,0.1587,55.5602,25.7812,0.0982
2023-10-11,74.0933,19.7183,75.7576,92.2078,60.8506,8.4706,16.2714,51.8649,46.39,116059940.09,0.9585,0.0039,0.0684,0.2062,60.8506,25.8916,0.1627
2023-10-12,78.553,21.0773,68.5139,87.3057,55.5754,10.0939,16.673,50.2619,45.62,136786688.66,0.9693,0.0039,0.0492,0.1718,55.5754,26.6992,0.1667
2023-10-13,72.4227,20.3271,68.8442,90.4393,56.0021,10.0703,19.7471,50.3037,45.7,142192031.1,0.951,0.0039,0.0498,0.1938,56.0021,26.6535,0.1975
2023-10-16,72.4936,19.1142,68.9223,90.7216,56.2848,10.2804,21.8658,50.6286,45.75,102552605.25,0.9537,0.0039,0.0499,0.1945,56.2848,26.6538,0.2187
2023-10-17,85.8974,29.7674,55.25,77.3779,46.0302,13.986,15.5222,47.5473,44.14,346726806.54,1.0153,0.0041,0.0126,0.1341,46.0302,29.8343,0.1552
2023-10-18,71.0997,18.0974,57.8554,81.0256,47.9949,9.5349,14.942,44.6707,44.45,169338231.3,0.944,0.0038,0.0191,0.1504,47.9949,26.3454,0.1494
2023-10-19,69.898,16.4352,45.2736,72.1228,40.8194,11.1369,21.1085,40.9201,43.06,146708175.84,0.9358,0.0038,-0.013,0.1075,40.8194,27.0249,0.2111
2023-10-20,65.9033,10.8545,44.665,55.102,39.8952,9.0278,21.803,36.7834,42.86,161508952.26,0.9153,0.0036,-0.0179,0.0283,39.8952,26.2604,0.218
2023-10-23,68.7817,11.7512,38.8614,50.1272,35.3677,11.5473,26.284,35.9952,41.81,169928341.19,0.9312,0.0036,-0.0419,-0.0052,35.3677,27.2608,0.2628
2023-10-24,70.8861,14.9425,45.1852,52.5381,42.9977,13.1336,30.3254,39.8635,42.96,185339020.08,0.9404,0.0037,-0.0157,0.0094,42.9977,29.2345,0.3033
2023-10-25,71.9697,16.7431,41.133,47.3418,39.5844,14.023,32.3486,38.7118,42.18,116598131.82,0.9452,0.0037,-0.0341,-0.0161,39.5844,29.6569,0.3235
2023-10-26,91.1839,36.1556,13.5135,33.5859,27.6882,47.7064,47.6448,42.1052,38.26,683792055.44,1.1053,0.0044,-0.123,-0.0981,27.6882,42.9757,0.4764
2023-10-27,91.7085,42.0091,18.6275,33.5013,31.6924,54.0046,50.5913,45.5665,38.97,254603129.67,1.1477,0.0046,-0.1062,-0.0992,31.6924,44.0388,0.5059
2023-10-30,96.7419,73.8041,38.8753,43.7186,44.8104,86.0731,48.6671,60.9166,41.8,708933057.8,1.3182,0.0054,-0.0422,-0.038,44.8104,52.0358,0.4867
2023-10-31,100.0,93.6364,27.0732,37.0927,39.9885,88.1549,46.1684,59.4895,40.15,782829523.3,1.5167,0.0063,-0.0799,-0.077,39.9885,53.498,0.4617
2023-11-01,100.0,99.093,38.1995,45.0,46.0168,88.8636,53.2893,65.2238,41.74,874866852.1,1.7235,0.0073,-0.044,-0.0329,46.0168,55.5316,0.5329
2023-11-02,100.0,99.095,41.7476,49.3766,47.5166,88.4354,54.7249,66.8912,42.16,322844205.2,1.7564,0.0073,-0.0349,-0.0099,47.5166,55.1846,0.5472
2023-11-03,100.0,99.0971,46.0048,54.4776,50.513,89.1403,55.627,69.0487,43.01,192672069.04,1.7669,0.0074,-0.0168,0.0204,50.513,55.7494,0.5563
2023-11-06,100.0,99.5495,46.6184,56.8238,51.0792,88.2619,53.2598,69.1384,43.17,191069513.43,1.7929,0.0076,-0.0148,0.0308,51.0792,55.3914,0.5326
2023-11-07,100.0,99.7753,45.5422,53.7129,50.7664,88.0631,53.5421,68.4603,43.09,246492036.0,1.8308,0.0079,-0.0174,0.0115,50.7664,55.3895,0.5354
2023-11-08,100.0,99.7758,46.875,60.4938,51.427,87.4157,52.2404,69.5178,43.255,134941109.575,1.8385,0.0079,-0.0144,0.0537,51.427,54.6499,0.5224
2023-11-09,100.0,100.0,54.4365,69.7044,55.0669,87.6682,54.0382,73.1056,44.18,273777186.44,1.8752,0.0081,0.0059,0.093,55.0669,55.0861,0.5404
2023-11-10,100.0,100.0,62.4402,75.1843,58.0667,88.8143,54.2753,76.0358,45.0,181085535.0,1.8858,0.0081,0.0246,0.1169,58.0667,55.5353,0.5428
2023-11-13,100.0,100.0,63.2458,78.6765,58.7183,89.0625,54.3431,76.8333,45.18,156232394.82,1.9014,0.0083,0.029,0.1369,58.7183,55.5578,0.5434
2023-11-14,99.2683,99.3333,67.1429,78.2396,61.2065,86.4143,59.3452,77.9727,45.87,195122035.35,1.8531,0.008,0.0447,0.1354,61.2065,54.2047,0.5935
2023-11-15,99.2701,99.3348,69.1211,79.0244,61.7818,86.2222,58.7055,78.4192,46.03,166884342.68,1.8561,0.008,0.0481,0.1388,61.7818,54.1754,0.5871
2023-11-16,99.2718,99.7788,68.0095,75.6691,61.6587,84.4789,53.5965,76.6981,46.01,162751357.04,1.8609,0.0083,0.0464,0.1208,61.6587,52.7266,0.536
2023-11-17,99.0315,100.0,73.2861,87.1359,64.0135,84.7345,53.0324,79.6487,46.62,161763334.74,1.8574,0.0085,0.0588,0.1693,64.0135,52.749,0.5303
2023-11-20,98.7923,100.0,79.0094,92.0097,66.6531,82.7815,51.1529,81.1776,47.35,177900200.2,1.8573,0.0086,0.0732,0.199,66.6531,51.7406,0.5115
2023-11-21,99.0361,100.0,67.2941,73.6715,59.5059,83.4802,51.0849,75.5003,46.24,201636224.8,1.8577,0.0087,0.0461,0.1166,59.5059,52.1618,0.5108
2023-11-22,99.2788,100.0,73.7089,75.6627,62.1446,82.4176,50.3223,77.1084,46.91,161563434.65,1.8694,0.0089,0.0595,0.129,62.1446,51.6213,0.5032
2023-11-24,96.1631,99.3435,70.2576,68.75,60.1903,26.3158,36.0172,64.0918,46.6,105360316.6,1.6934,0.0086,0.0511,0.096,60.1903,35.0104,0.3602
2023-11-27,95.933,99.7817,75.9346,58.0336,62.6775,26.2582,35.4079,63.7777,47.21,201282101.08,1.6733,0.0087,0.0632,0.0491,62.6775,34.8885,0.3541
2023-11-28,95.4654,97.6035,72.028,52.6316,60.5406,10.6987,38.1785,59.7661,46.89,197338018.59,1.5159,0.008,0.0544,0.0202,60.5406,26.9804,0.3818
2023-11-29,93.3333,95.0,75.3488,55.8473,62.3959,0.2179,38.051,58.9268,47.32,225522246.04,1.3504,0.0072,0.0625,0.0334,62.3959,20.794,0.3805
2023-11-30,91.6865,94.577,81.4385,61.4286,66.3218,0.0,19.738,58.3055,48.31,808980419.1,1.3123,0.0072,0.0834,0.0632,66.3218,18.0702,0.1974
2023-12-01,94.3128,95.8874,81.25,73.1591,66.625,0.2169,19.3302,60.5541,48.39,554795511.54,1.3677,0.0075,0.0833,0.1142,66.625,18.1477,0.1933
2023-12-04,93.8534,96.3283,74.5958,67.5355,59.9412,0.4329,19.794,57.7885,47.47,182472259.03,1.3623,0.0077,0.0616,0.092,59.9412,19.6665,0.1979
2023-12-05,92.6887,95.6897,65.2074,66.6667,55.3881,1.0799,35.9191,57.6024,46.77,144406116.6,1.3502,0.0076,0.0449,0.0902,55.3881,20.8861,0.3592
2023-12-06,91.5294,94.8387,65.0575,71.4623,55.6473,1.0776,34.4353,57.8358,46.82,160548870.12,1.3243,0.0074,0.0448,0.1069,55.6473,20.8029,0.3444
2023-12-07,92.4883,94.8498,71.5596,68.4706,58.2093,1.5054,35.3926,59.2964,47.31,174770473.05,1.3403,0.0074,0.0545,0.0946,58.2093,20.9202,0.3539
2023-12-08,94.3794,95.9315,76.4302,68.7793,60.937,0.6438,39.5469,61.4753,47.86,404682910.16,1.3717,0.0076,0.0658,0.0954,60.937,20.1691,0.3955
2023-12-11,95.3271,96.7949,84.2466,76.3466,66.7935,2.9979,41.2595,65.5978,49.24,297411224.92,1.4006,0.0079,0.0947,0.1294,66.7935,21.3961,0.4126
2023-12-12,95.338,97.2281,86.3326,78.7383,68.207,3.2051,42.0498,66.7097,49.62,242393154.18,1.4246,0.0079,0.1012,0.1368,68.207,21.4246,0.4205
2023-12-13,95.3488,98.2979,89.7727,81.5851,71.037,3.4115,39.5609,67.874,50.43,347052351.09,1.4615,0.0081,0.1163,0.1482,71.037,21.4947,0.3956
2023-12-14,95.8237,98.3015,92.517,75.1163,73.3112,3.617,41.3795,68.0551,51.15,415072378.05,1.5306,0.0083,0.1294,0.1205,73.3112,21.7455,0.4138
2023-12-15,95.8333,97.6695,89.819,80.0464,69.4762,4.4586,39.2833,67.6216,50.68,369356802.92,1.5877,0.0081,0.1167,0.1404,69.4762,22.2696,0.3928
2023-12-18,95.612,98.0973,88.7133,74.0741,68.1688,4.4492,41.305,66.6853,50.52,159150983.64,1.5865,0.0082,0.1112,0.1192,68.1688,22.2132,0.413
2023-12-19,95.8525,98.1013,89.8649,80.3695,69.7766,3.8055,39.5197,67.6928,50.94,193509343.8,1.5905,0.0083,0.1177,0.1416,69.7766,21.8606,0.3952
2023-12-20,95.8621,96.4211,79.5506,72.8111,58.2371,5.9072,31.2422,62.2493,49.41,257022272.07,1.6023,0.008,0.0822,0.1161,58.2371,23.0837,0.3124
2023-12-21,95.8716,97.8992,93.9462,88.046,68.9661,18.7368,32.3261,70.7228,52.38,384833241.0,1.6579,0.0082,0.1442,0.1755,68.9661,30.0967,0.3233
2023-12-22,95.881,96.0168,93.9597,82.1101,69.755,16.8067,29.4918,69.0126,52.66,154080527.0,1.6689,0.008,0.1468,0.1498,69.755,29.7541,0.2949
2023-12-26,95.4338,94.5607,93.75,83.2952,70.0479,16.5618,30.1386,69.0253,52.76,106088383.48,1.6419,0.0079,0.1455,0.1563,70.0479,29.6739,0.3014
2023-12-27,95.2164,94.1545,92.4276,82.4201,67.6496,16.318,30.9236,68.3976,52.42,113603942.54,1.6172,0.0077,0.1348,0.1528,67.6496,29.6556,0.3092
2023-12-28,95.0,93.75,93.3333,88.8383,69.345,16.7015,31.4182,69.7699,52.93,222304623.82,1.6132,0.0076,0.1415,0.1809,69.345,29.665,0.3142
2023-12-29,92.9705,88.7734,90.6874,83.1818,65.2982,16.25,32.0933,67.219,52.37,182146578.27,1.4323,0.0066,0.1256,0.1563,65.2982,29.6347,0.3209
2024-01-02,91.1765,84.0249,80.3097,68.4807,55.8362,23.2848,29.7633,61.9539,50.86,365708830.0,1.3709,0.0062,0.0895,0.103,55.8362,31.9082,0.2976
2024-01-03,92.3251,84.265,77.0419,62.6697,52.9886,22.8216,37.5655,61.441,50.34,297912522.72,1.4006,0.0062,0.0749,0.0849,52.9886,31.2546,0.3757
2024-01-04,92.7928,85.124,73.348,68.1716,51.2562,20.911,37.5665,61.2239,50.02,232143720.36,1.4291,0.0063,0.0643,0.1018,51.2562,30.7554,0.3757
2024-01-05,93.0337,85.567,71.8681,68.6937,51.4166,21.281,31.1757,60.1996,50.05,238539951.65,1.4534,0.0063,0.0618,0.1036,51.4166,30.7605,0.3118
2024-01-08,93.0493,84.7737,71.0526,61.3483,52.2068,20.8247,30.8537,58.82,50.19,170136270.36,1.4561,0.0063,0.0611,0.0819,52.2068,30.6468,0.3085
2024-01-09,91.9463,82.3409,60.3939,62.3318,47.6736,22.6337,32.9403,56.5581,49.43,237215459.74,1.4092,0.0061,0.0402,0.0835,47.6736,31.1229,0.3294
2024-01-10,90.8482,81.1475,69.214,68.9038,53.8113,19.9179,26.5214,58.2674,50.51,217279927.71,1.3834,0.006,0.0577,0.1053,53.8113,30.4307,0.2652
2024-01-11,89.0869,79.9591,68.8453,69.1964,54.2925,19.877,24.1816,57.5455,50.6,157007397.8,1.3593,0.0059,0.0557,0.106,54.2925,30.3377,0.2418
2024-01-12,85.3333,76.1224,59.7826,76.392,50.5439,19.4274,23.2168,55.2786,50.005,140977946.385,1.3015,0.0057,0.0391,0.1329,50.5439,30.1034,0.2322
2024-01-16,85.1441,79.4297,78.308,88.0,61.3035,28.7755,20.9026,63.1583,52.23,421116701.28,1.2982,0.0058,0.0806,0.175,61.3035,33.5933,0.209
2024-01-17,84.5133,81.0976,77.7056,94.0133,61.6668,27.6986,19.4581,63.6701,52.32,282804092.64,1.2688,0.006,0.0779,0.215,61.6668,33.3732,0.1946
2024-01-18,85.4305,82.3529,84.0173,95.5752,66.3204,30.8943,25.1722,67.2316,53.55,302290071.3,1.3047,0.0061,0.0985,0.2494,66.3204,34.1802,0.2517
2024-01-19,86.5639,80.7692,89.0086,99.117,70.1865,31.2373,33.5489,70.4674,54.77,262749161.63,1.322,0.006,0.1182,0.31,70.1865,34.8446,0.3355
2024-01-22,93.4066,90.303,95.6989,99.5595,75.6815,30.9717,33.5906,74.3675,57.0,938982375.0,1.4923,0.0069,0.1571,0.3268,75.6815,34.6623,0.3359
2024-01-23,94.0789,92.3387,96.5665,100.0,77.1652,14.5455,34.0827,72.6698,57.73,630465404.36,1.5451,0.0074,0.1651,0.3687,77.1652,29.0472,0.3408
2024-01-24,95.4048,94.5674,96.3597,100.0,77.7656,14.5161,36.0592,73.4023,58.03,564269618.71,1.6412,0.0079,0.1647,0.5167,77.7656,29.0469,0.3606
2024-01-25,100.0,100.0,98.2906,100.0,81.7314,24.1449,33.2674,76.4431,60.33,1438789718.13,1.9527,0.0095,0.2034,0.5481,81.7314,31.4157,0.3327
2024-01-26,100.0,100.0,94.8827,99.5633,69.5362,31.3253,34.5882,75.7517,58.23,1143968004.63,2.1826,0.0107,0.1555,0.3931,69.5362,34.5518,0.3459
2024-01-29,100.0,100.0,97.234,99.5643,72.7102,33.2665,33.8792,76.7243,59.75,560474239.5,2.2579,0.0112,0.1792,0.4882,72.7102,35.2891,0.3388
2024-01-30,100.0,100.0,92.3567,99.1304,64.901,36.6733,31.678,75.0837,58.12,564756166.52,2.3423,0.0122,0.1416,0.3924,64.901,36.8405,0.3168
2024-01-31,100.0,99.7996,87.9237,98.6985,61.1274,33.8677,36.5116,74.0391,57.25,331924508.0,2.35,0.0121,0.1195,0.3579,61.1274,35.397,0.3651
2024-02-01,100.0,100.0,87.315,98.2684,61.5426,32.4649,31.5809,72.9644,57.4,417457457.2,2.3721,0.0123,0.1177,0.3346,61.5426,34.9071,0.3158
2024-02-02,100.0,99.7996,90.2954,98.2721,63.6604,31.4629,32.7133,73.7723,58.16,321599558.56,2.3915,0.0123,0.1278,0.3472,63.6604,34.6343,0.3271
2024-02-05,100.0,100.0,90.3158,98.4914,64.5187,31.2625,33.6531,74.0261,58.47,282881368.2,2.3963,0.0124,0.1285,0.3569,64.5187,34.5493,0.3365
2024-02-06,100.0,100.0,88.0252,98.0645,64.413,31.6633,31.2761,73.1969,58.45,303190378.75,2.4236,0.0127,0.1231,0.3513,64.413,34.6271,0.3128
2024-02-07,100.0,99.7996,84.2767,96.5665,61.6397,31.0621,28.822,71.4669,57.94,286625413.9,2.4281,0.0127,0.1084,0.3115,61.6397,34.1312,0.2882
2024-02-08,100.0,100.0,77.8243,94.0043,57.3633,31.8637,30.763,69.7958,57.12,426594779.52,2.4669,0.0131,0.0886,0.2693,57.3633,34.5971,0.3076
2024-02-09,100.0,100.0,75.1566,92.9487,55.8371,32.8657,30.8213,69.1104,56.82,370367874.12,2.5085,0.0134,0.0788,0.2576,55.8371,34.8049,0.3082
2024-02-12,100.0,100.0,77.0833,92.3241,57.85,31.4629,31.3009,69.4648,57.32,255632583.4,2.5304,0.0136,0.0842,0.2496,57.85,34.1838,0.313
2024-02-13,99.5754,99.5992,58.8358,89.1489,48.4352,31.6633,23.0883,63.092,55.34,363697911.08,2.5025,0.0132,0.044,0.2023,48.4352,34.3875,0.2309
2024-02-14,99.3644,99.3988,65.5602,90.8705,51.6052,32.2645,22.4609,64.9565,56.08,222310990.08,2.4835,0.0131,0.0549,0.2189,51.6052,34.5796,0.2246
2024-02-15,98.9429,99.5992,63.147,88.7712,51.284,30.2605,26.3088,64.3602,56.01,245652410.67,2.4615,0.0133,0.0502,0.2014,51.284,33.8069,0.2631
2024-02-16,99.1561,100.0,47.5207,75.4757,43.0071,36.6733,26.0725,59.4115,54.0,325869480.0,2.4672,0.0136,0.0098,0.1404,43.0071,35.5639,0.2607
2024-02-20,97.0526,98.5972,47.4227,83.5443,43.6407,25.2505,19.6803,57.5375,54.13,278302249.84,2.2965,0.0128,0.0094,0.1706,43.6407,32.2172,0.1968
2024-02-21,96.6387,97.1944,42.1811,73.8947,40.8565,24.8497,11.1959,53.2282,53.39,226824959.06,2.1916,0.0121,-0.0066,0.1381,40.8565,31.9186,0.112
2024-02-22,96.2264,96.7936,56.0575,87.605,51.301,37.6754,23.623,62.7904,55.7,284126424.1,2.1198,0.0118,0.0333,0.1953,51.301,35.8127,0.2362
2024-02-23,93.3054,96.1924,56.7623,85.9539,52.7029,25.8517,23.6573,60.5572,56.06,177343960.02,1.8081,0.0101,0.0374,0.1875,52.7029,32.6049,0.2366
2024-02-26,90.6054,95.7916,65.0307,90.795,56.5217,23.4469,24.9092,62.7009,57.08,351884329.56,1.6061,0.0092,0.0534,0.2173,56.5217,31.19,0.2491
2024-02-27,89.5833,95.5912,67.1429,89.9791,57.9553,17.0341,25.8094,62.1441,57.48,362362944.36,1.5512,0.009,0.058,0.2147,57.9553,29.7305,0.2581
2024-02-28,88.3576,94.3888,66.1914,85.625,57.8526,13.8277,23.135,60.1042,57.46,237527745.78,1.469,0.0085,0.0552,0.1894,57.8526,28.1342,0.2313
2024-02-29,88.3817,95.1904,78.252,91.4761,64.6364,20.2405,22.0345,64.953,59.47,457911031.02,1.4892,0.0089,0.0886,0.229,64.6364,30.1567,0.2203
2024-03-01,91.0973,95.992,96.5517,98.3402,75.0348,50.1002,24.9267,76.0827,64.3,1098124916.4,1.6212,0.01,0.1711,0.3545,75.0348,40.5143,0.2493
2024-03-04,91.1157,96.1924,96.1538,98.9648,75.0675,50.1002,27.3617,76.4881,64.32,400745245.44,1.6347,0.0104,0.1657,0.3752,75.0675,40.4564,0.2736
2024-03-05,91.7526,96.1924,92.5253,98.1405,70.9171,50.9018,27.2066,75.4162,63.49,453049021.46,1.6653,0.0107,0.1449,0.356,70.9171,40.958,0.2721
2024-03-06,92.3868,96.3928,95.3629,98.5567,73.2399,51.1022,25.3254,76.1415,64.7,601398728.3,1.7187,0.011,0.1615,0.3676,73.2399,41.2476,0.2533
2024-03-07,92.6078,96.5932,92.7565,96.9136,71.1167,51.1022,22.4824,74.7882,64.28,438729705.48,1.7429,0.0113,0.1492,0.3431,71.1167,41.1551,0.2248
2024-03-08,92.418,95.992,87.3494,93.4292,64.9379,51.7034,19.3567,72.099,63.0,411239430.0,1.7325,0.011,0.1222,0.2794,64.9379,41.5728,0.1936
2024-03-11,92.638,96.1924,82.1643,91.3934,60.7213,52.3046,24.7275,71.2838,62.05,450811368.6,1.7458,0.0111,0.1015,0.2505,60.7213,42.0415,0.2473
2024-03-12,92.8571,95.992,85.1703,90.7975,63.2125,52.7054,25.1465,72.1805,62.97,359276027.67,1.7625,0.0111,0.1139,0.2487,63.2125,42.1763,0.2515
2024-03-13,91.8534,96.5932,81.5631,89.5918,60.9936,48.2966,22.6057,69.9234,62.48,215921508.0,1.7269,0.0114,0.1012,0.2215,60.9936,39.7993,0.2261
2024-03-14,91.4634,95.1904,70.7415,86.3544,53.9954,51.7034,31.7277,68.2542,60.8,210038160.0,1.723,0.011,0.0679,0.1997,53.9954,41.3941,0.3173
2024-03-15,92.0892,94.99,59.1182,82.5203,50.2617,52.7054,31.6463,65.193,59.79,344327381.34,1.7415,0.0107,0.0467,0.1835,50.2617,42.0179,0.3165
2024-03-18,90.8907,94.3888,53.9078,79.1075,48.5437,47.8958,31.7469,62.5209,59.31,229229472.78,1.7184,0.0105,0.0349,0.1643,48.5437,39.5843,0.3175
2024-03-19,90.7071,94.3888,55.511,87.8543,50.4439,48.0962,29.3803,63.9911,59.81,258958758.9,1.7103,0.0105,0.0401,0.2105,50.4439,39.5956,0.2938
2024-03-20,90.7258,93.988,61.9238,77.7778,53.7886,47.0942,28.5821,63.7894,60.72,257218238.64,1.7117,0.0105,0.0521,0.1592,53.7886,39.1049,0.2858
2024-03-21,93.3602,95.992,80.5611,87.7016,62.7694,49.0982,38.3143,72.2595,63.74,739771794.16,1.7933,0.0112,0.0989,0.2104,62.7694,39.9114,0.3831
2024-03-22,93.5743,96.1924,79.3587,87.9276,63.2783,49.2986,36.9788,71.9857,63.94,347794596.6,1.8224,0.0113,0.0973,0.2119,63.2783,39.932,0.3698
2024-03-25,93.5872,96.5932,83.7675,90.7631,65.8897,49.0982,35.3524,73.3219,64.98,406694419.74,1.8259,0.0114,0.1097,0.2396,65.8897,39.8655,0.3535
2024-03-26,95.7916,96.7936,94.3888,93.988,72.3451,54.9098,39.2371,78.3806,68.15,778879739.45,1.8952,0.0118,0.1566,0.2875,72.3451,42.4601,0.3924
2024-03-27,95.992,96.7936,91.5832,94.3888,70.0483,55.511,41.6715,78.1353,67.64,424993483.52,1.9263,0.0118,0.142,0.2916,70.0483,42.7336,0.4167
2024-03-28,95.992,96.5932,92.1844,96.7936,71.2065,53.507,42.0459,78.4676,68.24,541515517.44,1.9291,0.0118,0.146,0.3417,71.2065,41.6012,0.4205
2024-04-01,94.3888,95.992,97.3948,99.3988,75.6225,33.2665,39.7493,76.6609,70.85,885671973.55,1.8582,0.0116,0.1829,0.4074,75.6225,34.2323,0.3975
2024-04-02,94.3888,95.7916,91.1824,98.7976,67.0514,40.6814,37.8292,75.2753,68.83,457507434.77,1.8586,0.0115,0.1438,0.376,67.0514,36.2595,0.3783
2024-04-03,95.5912,96.7936,97.5952,99.3988,71.8047,43.487,33.4236,77.164,71.62,782741927.14,1.9072,0.012,0.1845,0.431,71.8047,37.8941,0.3342
2024-04-04,95.5912,96.5932,95.1904,98.998,67.7313,44.2886,31.7309,76.0618,70.54,684120903.6,1.9095,0.0119,0.1617,0.4055,67.7313,38.2892,0.3173
2024-04-05,95.992,96.5932,98.1964,99.3988,71.827,48.8978,30.4446,77.6913,73.11,604163054.94,1.9297,0.012,0.198,0.4791,71.827,39.6224,0.3044
2024-04-08,95.992,97.996,97.5952,99.1984,71.221,44.8898,32.8046,77.3734,72.95,550801898.85,1.9519,0.0125,0.1905,0.4443,71.221,38.5251,0.328
2024-04-09,96.1924,97.996,96.5932,98.998,70.0278,42.6854,30.2791,76.3442,72.65,604918045.5,1.9679,0.0126,0.18,0.4358,70.0278,37.8612,0.3028
2024-04-10,96.1924,98.5972,95.3908,99.1984,68.3828,43.487,30.6222,76.2012,72.25,554976237.0,1.9934,0.0128,0.1688,0.4449,68.3828,38.0579,0.3062
2024-04-11,96.1924,98.5972,97.3948,98.3968,71.3704,43.2866,30.7415,76.7683,73.9,438114154.7,2.0332,0.013,0.1894,0.4149,71.3704,38.0315,0.3074
2024-04-12,96.1924,99.3988,91.984,97.3948,64.0969,41.8838,32.4934,74.941,72.06,383987058.78,2.0616,0.0133,0.1543,0.3773,64.0969,37.7836,0.3249
2024-04-15,96.1924,99.5992,84.9699,93.5872,58.4172,44.0882,33.6416,72.922,70.43,396328485.24,2.0634,0.0136,0.1235,0.3152,58.4172,38.3845,0.3364
2024-04-16,96.1924,100.0,87.1743,92.3848,59.8963,42.2846,33.9813,73.151,71.06,317467940.24,2.0737,0.0138,0.1289,0.2974,59.8963,37.9013,0.3398
2024-04-17,96.1924,100.0,81.1623,86.9739,56.8214,45.2906,34.7507,71.3958,70.17,457820165.31,2.1022,0.014,0.1106,0.2311,56.8214,38.6736,0.3475
2024-04-18,96.1924,100.0,69.9399,78.5571,50.9644,51.9038,36.5362,68.5628,68.32,297001933.76,2.1052,0.014,0.078,0.1834,50.9644,40.461,0.3654
2024-04-19,95.1904,98.3968,51.1022,67.3347,44.8549,48.0962,40.2948,62.183,66.05,464327074.65,2.0397,0.0133,0.0395,0.1382,44.8549,39.4952,0.4029
2024-04-22,95.1904,98.998,57.7154,60.521,47.8223,48.8978,26.9058,60.9524,67.05,458124086.7,2.0499,0.0136,0.052,0.1114,47.8223,39.7739,0.2691
2024-04-23,95.1904,99.1984,74.7495,82.7655,55.263,54.1082,28.0354,69.411,69.92,539127109.76,2.0614,0.0136,0.0925,0.2008,55.263,41.9498,0.2804
2024-04-24,94.3888,98.1964,70.9419,74.5491,54.1901,44.2886,27.9005,65.5961,69.55,514677720.05,1.9979,0.0134,0.0826,0.164,54.1901,38.6713,0.279
2024-04-25,94.3888,99.3988,68.9379,81.1623,53.8554,43.6874,19.8318,64.9735,69.44,598100816.32,2.0154,0.0137,0.0761,0.1948,53.8554,38.555,0.1983
2024-04-26,95.7916,100.0,77.3547,87.7756,58.6561,47.6954,20.884,69.1585,71.36,989692910.4,2.0741,0.0147,0.1007,0.2465,58.6561,39.5743,0.2088
2024-04-29,93.988,99.7996,67.5351,85.3707,53.9351,41.6834,22.3771,65.3934,69.86,628642754.88,2.0092,0.0145,0.073,0.2171,53.9351,38.093,0.2238
2024-04-30,93.988,99.7996,70.9419,85.5711,56.3801,38.477,21.2505,65.6993,70.83,551290643.19,2.0125,0.0146,0.0823,0.2178,56.3801,36.8944,0.2125
2024-05-01,92.986,99.3988,67.3347,82.9659,55.3366,30.2605,19.5973,62.8119,70.51,609369771.67,1.9644,0.0142,0.072,0.2059,55.3366,34.0343,0.196
2024-05-02,91.7836,99.3988,59.7194,79.5591,52.7414,29.6593,22.5737,60.6943,69.72,444502997.4,1.9099,0.0142,0.0548,0.1928,52.7414,33.8417,0.2257
2024-05-03,90.1804,98.998,66.7335,86.3727,56.1867,24.6493,28.5363,63.326,70.95,425955136.2,1.8683,0.014,0.0684,0.2245,56.1867,31.795,0.2854
2024-05-06,88.3768,98.3968,73.5471,90.3808,60.3613,26.2525,29.8812,65.8189,72.6,475525861.8,1.8454,0.0139,0.0879,0.271,60.3613,32.9575,0.2988
2024-05-07,86.7735,97.5952,66.1323,89.3788,56.4637,27.8557,30.9377,63.8742,71.49,281139143.34,1.7844,0.0136,0.0666,0.2582,56.4637,33.3746,0.3094
2024-05-08,85.3707,97.7956,67.5351,88.5772,57.9138,28.6573,31.9419,64.26,72.04,304882068.88,1.7347,0.0137,0.0702,0.2568,57.9138,33.4555,0.3194
2024-05-09,83.5671,97.996,66.1323,92.7856,58.0506,25.6513,30.586,63.7196,72.09,329251610.7,1.7098,0.0138,0.0663,0.3027,58.0506,32.368,0.3059
2024-05-10,83.1663,98.998,60.521,90.1804,56.1253,23.4469,29.2721,61.5264,71.6,264776084.0,1.6846,0.014,0.0553,0.2767,56.1253,31.1985,0.2927
2024-05-13,82.3647,99.3988,52.1042,89.1784,53.661,19.8397,25.454,58.2523,70.97,271692889.66,1.6648,0.0144,0.0439,0.2671,53.661,30.2351,0.2545
2024-05-14,83.1663,100.0,71.3427,96.3928,61.154,26.4529,26.76,65.2997,73.54,520952874.06,1.6927,0.0149,0.0788,0.3619,61.154,32.6198,0.2676
2024-05-15,83.3667,100.0,81.9639,97.7956,66.0934,29.6593,27.9196,68.8133,75.69,603558947.79,1.7076,0.0153,0.1064,0.3983,66.0934,33.5097,0.2792
2024-05-16,83.9679,100.0,71.9439,97.1944,60.0157,27.0541,24.057,65.2314,74.1,368215422.9,1.717,0.0157,0.0802,0.3879,60.0157,32.8981,0.2406
2024-05-17,82.9659,100.0,55.9118,91.3828,53.3678,25.8517,26.6327,60.5441,72.1,446671684.9,1.7059,0.0162,0.0486,0.2944,53.3678,31.9835,0.2663
2024-05-20,82.3647,100.0,62.5251,92.1844,55.8684,25.2505,26.8351,62.0871,73.05,409322014.65,1.6905,0.0165,0.0593,0.3031,55.8684,31.9053,0.2684
2024-05-21,80.9619,100.0,68.5371,91.1824,58.3018,14.4289,27.4158,61.6359,74.01,352798417.02,1.6516,0.0166,0.0696,0.2966,58.3018,28.8936,0.2742
2024-05-22,79.1583,99.5992,63.1263,88.978,56.6548,14.6293,17.1831,58.2429,73.54,253487967.6,1.6023,0.0162,0.0595,0.2794,56.6548,28.9359,0.1718
2024-05-23,78.3567,99.1984,66.5331,90.1804,58.3272,14.8297,19.4012,59.4744,74.16,398617638.48,1.5613,0.016,0.0649,0.2906,58.3272,28.9527,0.194
2024-05-24,75.3507,98.3968,69.1383,86.9739,60.0668,13.6273,20.8846,59.1995,74.81,205242656.39,1.4243,0.0148,0.0699,0.2579,60.0668,27.6332,0.2088
2024-05-28,74.3487,97.5952,75.1503,75.3507,63.4307,12.6253,21.4535,58.6994,76.14,363894303.06,1.3752,0.0145,0.0839,0.1841,63.4307,26.6564,0.2145
2024-05-29,74.1483,98.5972,79.1583,79.9599,66.3882,13.0261,20.9719,60.5461,77.43,582602212.92,1.3752,0.015,0.0966,0.2038,66.3882,26.8195,0.2097
2024-05-30,72.5451,98.5972,66.3327,76.3527,58.7699,14.8297,27.4023,57.6727,75.51,474755231.16,1.3451,0.0152,0.0646,0.1893,58.7699,28.6652,0.274
2024-05-31,73.1463,98.1964,61.7234,71.3427,57.9493,14.4289,28.4151,56.0592,75.29,579795038.96,1.3603,0.0149,0.0572,0.1637,57.9493,28.2478,0.2842
2024-06-03,71.9439,98.3968,56.7134,72.7455,56.747,14.2285,26.5926,54.6836,74.98,312044865.84,1.3365,0.0151,0.0495,0.1665,56.747,27.9028,0.2659
2024-06-04,69.9399,97.5952,48.497,73.7475,52.7898,14.0281,25.4576,52.2138,73.94,282736060.52,1.3002,0.0149,0.0321,0.1737,52.7898,27.4293,0.2546
2024-06-05,70.9419,98.5972,69.7395,85.5711,61.1036,20.2405,31.7551,61.1943,76.9,423041895.5,1.3199,0.0152,0.0698,0.2393,61.1036,29.869,0.3176
2024-06-06,70.5411,98.7976,52.9058,78.7575,55.2616,25.4509,32.1389,57.0203,75.25,291798053.75,1.3151,0.0153,0.0448,0.195,55.2616,31.136,0.3214
2024-06-07,71.3427,98.7976,49.8998,79.7595,54.3459,26.2525,37.0414,57.4537,74.98,422907669.54,1.325,0.0155,0.039,0.2001,54.3459,31.2003,0.3704
2024-06-10,72.7455,99.5992,67.1343,88.5772,59.9563,29.0581,35.1331,63.2095,77.1,468798762.9,1.3535,0.0162,0.0657,0.2681,59.9563,32.3159,0.3513
2024-06-11,72.7455,99.5992,61.523,89.98,57.8613,29.0581,34.9426,62.0596,76.52,300600249.76,1.356,0.0162,0.056,0.2798,57.8613,32.2529,0.3494
2024-06-12,71.5431,98.5972,77.7555,94.1884,64.0831,28.8577,36.3384,66.4583,79.19,445014223.44,1.3371,0.0159,0.0898,0.3352,64.0831,32.0889,0.3634
2024-06-13,69.9399,98.7976,78.9579,93.7876,64.8984,23.6473,37.0536,65.8254,79.58,540459134.52,1.3191,0.016,0.0927,0.3305,64.8984,30.6992,0.3705
2024-06-14,68.3367,98.3968,69.7395,89.7796,59.4574,22.8457,37.2965,62.4721,78.12,246260644.56,1.2984,0.016,0.0705,0.2866,59.4574,30.4349,0.373
2024-06-17,67.9359,97.996,78.5571,85.7715,63.3961,16.4329,35.7211,62.7298,79.86,373145610.42,1.2827,0.0158,0.0923,0.2529,63.3961,28.9925,0.3572
2024-06-18,67.7355,97.7956,79.3587,85.9719,64.1927,15.8317,33.2374,62.487,80.23,438334839.94,1.282,0.0158,0.0952,0.2548,64.1927,28.8389,0.3324
2024-06-20,67.9359,97.1944,49.6994,72.1443,51.3716,38.8778,33.1313,56.6099,76.29,450273497.7,1.292,0.0154,0.0404,0.1741,51.3716,34.6059,0.3313
2024-06-21,70.9419,97.3948,46.6934,55.7114,49.9535,39.0782,34.4937,54.1073,75.77,517122673.0,1.3295,0.0156,0.0323,0.1118,49.9535,34.6205,0.3449
2024-06-24,69.9399,97.5952,44.6894,55.9118,48.9188,38.6774,34.5333,53.4486,75.4,386254068.2,1.322,0.0157,0.0268,0.1147,48.9188,34.5905,0.3453
2024-06-25,70.9419,97.996,52.1042,58.1162,53.0514,41.483,34.6996,56.3117,76.86,289328479.02,1.335,0.0159,0.0453,0.1263,53.0514,35.1021,0.347
2024-06-26,68.9379,97.1944,44.2886,44.0882,48.9879,41.8838,33.9086,51.7987,75.47,276431365.06,1.3177,0.0157,0.025,0.0652,48.9879,35.2062,0.3391
2024-06-27,66.5331,95.992,48.2966,55.3106,52.2468,41.483,31.4871,53.7053,76.62,332904016.02,1.2731,0.0153,0.0391,0.1132,52.2468,35.1021,0.3149
2024-06-28,67.1343,95.3908,44.0882,42.485,49.7186,37.2745,29.7246,49.8213,75.77,650318756.0,1.2928,0.0152,0.026,0.0579,49.7186,34.1423,0.2972
2024-07-01,65.7315,96.1924,45.8918,46.6934,51.5312,37.8758,24.9169,50.2333,76.38,275365023.24,1.2402,0.0154,0.032,0.0828,51.5312,34.2316,0.2492
2024-07-02,65.3307,95.3908,56.3126,44.0882,56.1879,41.483,23.7888,52.624,78.05,210845518.8,1.2218,0.0152,0.0511,0.0676,56.1879,34.9612,0.2379
2024-07-03,64.7295,94.3888,50.7014,43.6874,55.2972,38.477,23.9567,50.7364,77.79,152277970.08,1.2001,0.0151,0.0446,0.0663,55.2972,34.5178,0.2396
2024-07-05,63.7275,92.986,46.0922,42.485,53.134,28.6573,17.992,46.7597,77.17,178562273.94,1.1605,0.0146,0.0343,0.0622,53.134,31.8218,0.1799
2024-07-08,63.3267,92.5852,55.3106,47.8958,57.0183,27.8557,12.1127,48.7011,78.5,290828527.0,1.1585,0.0145,0.0496,0.0865,57.0183,31.26,0.1211
2024-07-09,62.3246,91.7836,52.3046,41.8838,56.7517,27.2545,12.7441,46.9455,78.43,244510936.67,1.1281,0.0144,0.0461,0.0613,56.7517,31.2092,0.1274
2024-07-10,62.1242,91.1824,67.3347,55.3106,61.7341,24.4489,15.9387,52.432,80.24,355345808.88,1.1065,0.0141,0.0678,0.1135,61.7341,30.705,0.1594
2024-07-11,61.9238,89.98,45.2906,52.3046,53.0131,31.8637,17.8679,47.9514,77.84,321526059.68,1.1064,0.0139,0.0336,0.1052,53.0131,32.6522,0.1787
2024-07-12,61.3226,89.5792,49.2986,53.7074,55.6289,23.4469,12.668,47.0523,78.77,358706685.73,1.0921,0.0138,0.0438,0.1085,55.6289,30.5059,0.1267
2024-07-15,60.7214,88.3768,48.8978,57.9158,55.7714,23.2465,8.7123,46.7838,78.82,426043302.58,1.0698,0.0136,0.0421,0.1233,55.7714,30.4473,0.0871
2024-07-16,61.1222,89.5792,38.6774,58.1162,49.7163,25.6513,7.2058,44.4794,77.06,328023690.86,1.0803,0.0138,0.0169,0.1279,49.7163,30.7989,0.0721
2024-07-17,62.3246,92.5852,21.2425,46.8938,36.8242,52.7054,24.8732,45.209,71.79,768144385.2,1.1334,0.0146,-0.0529,0.0869,36.8242,38.4156,0.2487
2024-07-18,63.1263,93.1864,17.6353,38.0762,34.0292,53.7074,22.9601,42.9291,70.24,612961230.56,1.1541,0.0147,-0.0727,0.0476,34.0292,38.6537,0.2296
2024-07-19,61.9238,91.5832,16.6333,32.6653,33.2918,42.8858,25.7032,40.2909,69.82,301335369.98,1.1282,0.0145,-0.0779,-0.0014,33.2918,35.0393,0.257
2024-07-22,61.1222,92.1844,25.0501,38.477,43.4685,56.513,21.7416,45.2534,73.06,396064689.28,1.1059,0.0145,-0.0353,0.0505,43.4685,39.2139,0.2174
2024-07-23,60.1202,90.7816,24.6493,38.477,43.2492,56.3126,21.774,44.8355,72.96,203500542.72,1.0763,0.0143,-0.0369,0.0507,43.2492,39.1972,0.2177
2024-07-24,60.7214,90.1804,21.6433,32.6653,41.1265,53.9078,17.0663,42.1135,72.01,459919948.9,1.0977,0.0141,-0.0495,0.0091,41.1265,38.5931,0.1707
2024-07-25,63.9279,94.1884,7.2144,26.4529,31.4632,79.7595,30.787,44.1471,66.49,904327497.95,1.1845,0.015,-0.1213,-0.0482,31.4632,47.0171,0.3079
2024-07-26,63.7275,92.5852,13.4269,27.4549,36.6067,83.1663,34.5517,46.9396,68.26,305328072.16,1.1783,0.0147,-0.0967,-0.0363,36.6067,47.8512,0.3455
2024-07-29,62.1242,92.986,7.6152,25.2505,33.7837,83.9679,33.5579,44.9351,66.43,422086587.65,1.1412,0.0148,-0.1188,-0.0579,33.7837,48.4244,0.3356
2024-07-30,63.7275,95.5912,4.2084,23.0461,29.4414,88.7776,36.2062,45.1085,63.18,584633918.7,1.1832,0.0153,-0.1594,-0.0938,29.4414,50.4595,0.3621
2024-07-31,66.3327,99.3988,11.4228,25.4509,39.4257,92.5852,46.9514,50.865,67.05,907773992.1,1.277,0.0162,-0.1067,-0.055,39.4257,55.1233,0.4695
2024-08-01,76.7535,100.0,2.2044,17.0341,31.3715,98.3968,49.3382,49.8064,60.53,1627506488.53,1.4723,0.0181,-0.1909,-0.1663,31.3715,64.5041,0.4934
2024-08-02,77.9559,100.0,1.6032,13.8277,28.2282,100.0,58.5986,50.7008,57.23,758319648.01,1.5469,0.0185,-0.2316,-0.1995,28.2282,66.2864,0.586
2024-08-05,78.3567,99.5992,1.8036,12.8257,28.0084,99.1984,54.7548,49.8918,56.99,620696155.83,1.5854,0.0174,-0.2314,-0.2089,28.0084,65.3459,0.5475
2024-08-06,80.1603,99.3988,2.004,13.6273,28.9762,99.3988,54.4065,50.3772,57.38,547615038.66,1.6219,0.017,-0.2226,-0.2041,28.9762,65.6393,0.5441
2024-08-07,80.1603,99.1984,1.4028,12.2244,27.8097,97.5952,52.072,49.2892,56.25,461088787.5,1.6307,0.0168,-0.2341,-0.2144,27.8097,64.0534,0.5207
2024-08-08,80.1603,98.998,3.006,17.2345,34.654,100.0,50.1284,51.0949,58.98,357831188.16,1.6315,0.0168,-0.1931,-0.1689,34.654,67.8578,0.5013
2024-08-09,79.5591,99.1984,3.8076,15.4309,36.3212,99.7996,53.4119,51.5437,59.68,318397813.12,1.6213,0.0169,-0.1795,-0.1885,36.3212,67.8538,0.5341
2024-08-12,78.9579,98.998,4.8096,14.2285,38.0003,100.0,54.1331,51.7597,60.37,414369356.73,1.6135,0.0168,-0.1666,-0.2024,38.0003,68.2701,0.5413
2024-08-13,78.5571,98.3968,6.8136,17.4349,40.9412,100.0,55.9955,53.0947,61.58,314347733.9,1.608,0.0166,-0.1467,-0.169,40.9412,69.1631,0.56
2024-08-14,76.1523,96.7936,7.014,19.4389,40.8206,98.1964,54.3405,52.3834,61.51,277566273.89,1.535,0.0161,-0.1444,-0.1469,40.8206,65.5227,0.5434
2024-08-15,75.3507,94.5892,10.6212,21.2425,45.7174,99.1984,54.5971,53.7132,63.5,359495725.0,1.4944,0.0157,-0.1142,-0.1307,45.7174,66.7488,0.546
2024-08-16,74.9499,95.7916,15.0301,20.4409,47.0222,99.1984,55.9894,54.8742,64.05,288018118.5,1.4892,0.0159,-0.1033,-0.1346,47.0222,66.9227,0.5599
2024-08-19,74.5491,95.3908,18.0361,21.6433,49.5169,96.7936,54.5844,55.2335,65.1,335069634.9,1.476,0.0159,-0.086,-0.1148,49.5169,64.8221,0.5458
2024-08-20,74.5491,95.7916,17.2345,20.8417,47.9424,96.5932,56.4351,55.0831,64.42,238640346.9,1.4782,0.0159,-0.0929,-0.1313,47.9424,64.8209,0.5644
2024-08-21,73.1463,96.5932,19.4389,21.0421,49.4939,96.7936,57.8279,55.818,65.03,280178633.56,1.4493,0.0161,-0.0811,-0.1307,49.4939,64.9968,0.5783
2024-08-22,68.9379,90.7816,17.6353,17.4349,47.0434,93.1864,59.2899,53.1369,64.04,203488124.64,1.349,0.015,-0.0919,-0.1589,47.0434,58.9217,0.5929
2024-08-23,67.5351,89.5792,19.0381,16.8337,47.913,91.7836,56.3275,52.4288,64.35,195950254.5,1.3323,0.0149,-0.0837,-0.1689,47.913,58.0482,0.5633
2024-08-26,64.3287,87.7756,15.4309,16.0321,43.7681,91.5832,56.3778,50.4888,62.69,203557125.67,1.3013,0.0146,-0.103,-0.1698,43.7681,57.9917,0.5638
2024-08-27,61.9238,85.9719,16.6333,17.0341,44.2685,89.1784,55.1194,49.8391,62.85,317129095.65,1.2608,0.0143,-0.0968,-0.1652,44.2685,55.2474,0.5512
2024-08-28,59.3186,81.9639,16.2325,16.6333,43.1821,84.7695,53.3718,47.8751,62.43,291737699.91,1.1728,0.0136,-0.0983,-0.1674,43.1821,50.5553,0.5337
2024-08-29,48.497,75.9519,19.0381,18.2365,45.2493,41.483,48.8693,39.4906,63.03,272366685.69,0.9843,0.0118,-0.0851,-0.1476,45.2493,34.6829,0.4887
2024-08-30,38.0762,74.7495,26.0521,18.2365,53.0911,19.2385,48.5993,36.617,65.59,420848002.96,0.9344,0.0114,-0.0449,-0.1471,53.0911,29.73,0.486
2024-09-03,32.2645,76.1523,20.4409,16.8337,46.0685,36.8737,42.8281,35.6303,63.06,371522467.26,0.8981,0.0118,-0.0784,-0.162,46.0685,33.7951,0.4283
2024-09-04,26.0521,74.9499,21.0421,16.8337,45.785,37.6754,32.4392,33.232,62.95,231733113.75,0.8535,0.0116,-0.0766,-0.1604,45.785,33.8726,0.3244
2024-09-05,18.4369,73.5471,20.6413,13.4269,44.8657,32.2645,31.3366,30.2893,62.61,145044392.13,0.81,0.0113,-0.0777,-0.1879,44.8657,32.8573,0.3134
2024-09-06,13.0261,72.3447,14.8297,10.8216,40.1658,27.0541,35.0499,27.1097,60.77,252248491.44,0.7942,0.011,-0.101,-0.2058,40.1658,31.1429,0.3505
2024-09-09,10.8216,71.5431,22.4449,10.6212,46.2316,31.6633,39.3946,30.1416,62.61,261148188.3,0.7849,0.011,-0.0699,-0.2094,46.2316,32.5595,0.3939
2024-09-10,6.8136,70.7415,22.6453,10.2204,46.7998,31.6633,37.5022,29.2131,62.79,206412580.92,0.7556,0.0106,-0.0636,-0.211,46.7998,32.3833,0.375
2024-09-11,5.2104,69.7395,25.0501,13.6273,48.4931,29.4589,34.3738,29.2338,63.31,229023545.14,0.7431,0.0102,-0.0521,-0.1896,48.4931,31.7903,0.3437
2024-09-12,4.4088,69.3387,25.6513,11.2224,48.3021,29.4589,28.2432,27.8944,63.25,251887622.25,0.7384,0.01,-0.0488,-0.208,48.3021,31.7883,0.2824
2024-09-13,3.2064,69.1383,29.4589,14.0281,54.0528,28.8577,22.4259,28.4886,65.02,232866789.28,0.7206,0.01,-0.0184,-0.1896,54.0528,31.2813,0.2243
2024-09-16,3.2064,69.3387,28.8577,17.6353,50.852,29.6593,22.3584,28.7195,64.09,287905674.81,0.7191,0.0101,-0.0286,-0.1599,50.852,31.621,0.2236
2024-09-17,3.006,68.7375,33.8677,21.2425,56.2517,33.2665,22.1151,31.217,65.89,342780601.24,0.7185,0.01,0.0025,-0.1304,56.2517,32.6437,0.2212
2024-09-18,4.2084,68.3367,30.2605,18.8377,51.2953,37.0741,22.1653,30.3581,64.42,285981380.92,0.7258,0.0098,-0.0157,-0.1456,51.2953,33.4585,0.2217
2024-09-19,5.01,68.1363,37.4749,19.0381,55.7251,41.6834,13.1225,31.7092,65.97,317986614.9,0.7299,0.0095,0.0124,-0.1417,55.7251,34.3701,0.1312
2024-09-20,9.2184,68.3367,42.8858,21.6433,57.8049,40.481,15.4844,34.2154,66.75,512879966.25,0.7699,0.0099,0.0279,-0.1155,57.8049,34.0351,0.1548
2024-09-23,9.2184,68.3367,41.6834,19.6393,56.1303,41.0822,16.9278,33.8135,66.29,192775164.82,0.7689,0.0099,0.0247,-0.1348,56.1303,34.164,0.1693
2024-09-24,16.6333,69.7395,43.6874,21.0421,56.6304,32.8657,18.4515,34.7233,66.46,441955012.4,0.7989,0.0102,0.0313,-0.1229,56.6304,32.5682,0.1845
2024-09-25,13.8277,68.9379,42.2846,18.8377,54.8098,33.8677,19.968,33.8069,66.0,250231212.0,0.7887,0.01,0.0277,-0.1359,54.8098,32.7564,0.1997
2024-09-26,25.2505,70.3407,80.3607,22.6453,66.1666,57.9158,41.5953,51.8339,70.46,622505997.1,0.8294,0.0105,0.0976,-0.0972,66.1666,39.407,0.416
2024-09-27,25.4509,70.1403,73.5471,21.8437,62.2388,60.521,40.8428,50.2461,69.42,284051367.6,0.8294,0.0105,0.0817,-0.1076,62.2388,40.0669,0.4084
2024-09-30,22.6453,69.3387,64.7295,21.2425,58.1963,54.9098,42.1843,46.8467,68.29,363780078.81,0.8195,0.0104,0.0646,-0.1151,58.1963,38.4955,0.4218
2024-10-01,17.0341,67.7355,48.497,16.2325,53.1616,50.501,41.1698,40.5297,66.76,233003949.48,0.7997,0.01,0.0428,-0.1496,53.1616,36.524,0.4117
2024-10-02,17.8357,68.7375,47.6954,15.8317,52.3959,50.7014,44.4954,40.982,66.52,254676542.92,0.8016,0.0101,0.0411,-0.1519,52.3959,36.5609,0.445
2024-10-03,22.4449,69.1383,48.6974,12.8257,52.5798,50.501,44.4281,41.4412,66.58,263939898.16,0.8168,0.0103,0.0438,-0.1702,52.5798,36.4421,0.4443
2024-10-04,24.2485,70.7415,46.6934,16.2325,51.7544,42.8858,42.0621,40.4026,66.35,302868972.95,0.8223,0.0107,0.0403,-0.1476,51.7544,34.431,0.4206
2024-10-07,21.8437,69.3387,47.8958,15.2305,52.0714,35.4709,41.0051,38.7527,66.44,216684027.56,0.8153,0.0105,0.0423,-0.1565,52.0714,33.0988,0.4101
2024-10-08,23.8477,69.9399,44.489,14.4289,50.9889,35.8717,35.6978,37.4676,66.17,256365938.01,0.8206,0.0105,0.0381,-0.1605,50.9889,33.1931,0.357
2024-10-09,25.8517,71.7435,33.8677,14.0281,44.7219,44.6894,35.3248,36.4042,64.48,286075901.28,0.8267,0.011,0.0112,-0.1632,44.7219,34.6056,0.3532
2024-10-10,24.8497,71.9439,32.0641,21.6433,43.2648,46.0922,36.1858,37.2493,64.05,224938091.7,0.8223,0.011,0.0054,-0.1078,43.2648,34.7065,0.3619
2024-10-11,25.8517,71.9439,36.6733,23.6473,46.8635,38.6774,35.946,37.8338,64.88,262539125.92,0.8252,0.011,0.017,-0.0763,46.8635,33.5636,0.3595
2024-10-14,25.6513,71.9439,49.2986,26.2525,54.212,46.2926,34.7882,42.423,66.83,295841974.72,0.8246,0.011,0.0445,-0.0428,54.212,34.6944,0.3479
2024-10-15,28.0561,72.3447,48.0962,22.4449,54.6278,36.6733,34.7774,40.6092,66.95,399997394.55,0.8317,0.0111,0.0431,-0.0836,54.6278,33.3513,0.3478
2024-10-16,28.4569,74.1483,56.513,24.2485,57.5351,32.6653,32.9686,42.2218,67.79,301073828.88,0.8325,0.0114,0.0528,-0.0709,57.5351,32.4015,0.3297
2024-10-17,24.6493,74.9499,47.2946,24.6493,55.528,29.4589,32.9696,39.2658,67.35,245677174.8,0.8221,0.0117,0.0423,-0.0647,55.528,31.5421,0.3297
2024-10-18,11.8236,74.5491,42.6854,32.2645,54.0512,29.0581,39.9155,38.3564,67.03,197676765.37,0.7801,0.0116,0.0348,0.0081,54.0512,31.3419,0.3992
2024-10-21,16.8337,76.5531,42.8858,29.6593,54.978,28.4569,43.767,39.5378,67.26,341315645.46,0.7983,0.012,0.0359,-0.0146,54.978,31.2449,0.4377
2024-10-22,15.0301,77.1543,46.493,33.8677,57.0082,29.2585,50.0663,41.9482,67.76,426158292.56,0.7942,0.0122,0.0413,0.02,57.0082,31.3299,0.5007
2024-10-23,20.2405,77.3547,36.2725,39.0782,51.2806,31.4629,38.8826,39.5677,66.61,364776875.88,0.8072,0.0122,0.022,0.0543,51.2806,31.874,0.3888
2024-10-24,19.2385,77.7555,34.4689,29.4589,49.9186,1.002,31.763,31.8806,66.32,583820530.88,0.8029,0.0123,0.016,-0.0109,49.9186,20.6785,0.3176
2024-10-25,40.2806,85.3707,63.1263,64.5291,61.7325,12.4248,27.7761,49.0872,69.45,1225400038.05,0.9174,0.0141,0.0621,0.1474,61.7325,26.5452,0.2778
2024-10-28,43.0862,90.982,64.3287,82.1643,62.5233,10.6212,25.1879,52.3752,69.71,550844795.08,0.9433,0.0151,0.0642,0.2181,62.5233,25.8451,0.2519
2024-10-29,48.6974,96.1924,46.0922,77.5551,55.7897,10.02,1.8976,45.1422,68.3,426944119.6,0.9722,0.016,0.0417,0.1985,55.7897,25.5853,0.019
2024-10-30,51.503,96.3928,35.4709,70.7415,50.4753,12.8257,2.9108,42.4781,67.02,314256914.04,0.9857,0.0161,0.0213,0.168,50.4753,26.5224,0.0291
2024-10-31,51.7034,93.988,26.2525,68.3367,44.3915,15.6313,-1.2379,39.2535,65.31,298593336.09,0.9906,0.0158,-0.0048,0.1611,44.3915,28.1041,-0.0124
2024-11-01,50.501,92.986,27.8557,55.3106,46.6977,16.2325,-1.1206,37.678,65.88,251953316.64,0.9832,0.0156,0.0033,0.117,46.6977,28.2912,-0.0112
2024-11-04,49.6994,93.7876,25.6513,47.2946,44.4015,16.8337,0.2969,36.0678,65.22,176423165.34,0.9781,0.0158,-0.007,0.0928,44.4015,28.4895,0.003
2024-11-05,49.8998,93.7876,33.6673,51.503,50.7619,21.8437,0.4802,39.7474,66.83,278882458.79,0.9807,0.0158,0.0162,0.107,50.7619,29.832,0.0048
2024-11-06,51.7034,91.984,61.7234,59.519,60.1532,34.2685,4.0685,49.9923,69.91,400187770.48,0.993,0.0154,0.0608,0.1353,60.1532,32.0582,0.0407
2024-11-07,51.9038,91.7836,66.1323,63.3267,61.5136,33.2665,6.02,51.7337,70.44,265384672.32,0.9984,0.0154,0.0662,0.1452,61.5136,31.8235,0.0602
2024-11-08,51.503,90.3808,54.9098,48.0962,58.1647,34.8697,5.6579,46.8555,69.61,244856029.01,0.9954,0.0153,0.0516,0.0962,58.1647,32.195,0.0566
2024-11-11,51.3026,90.1804,34.4689,36.2725,50.2494,38.8778,11.9299,41.6942,67.38,300050551.8,0.9944,0.0152,0.0173,0.052,50.2494,33.0638,0.1193
2024-11-12,52.1042,93.1864,21.4429,26.0521,41.0281,58.7174,20.9208,41.3792,63.96,542187768.72,1.0094,0.0157,-0.0346,-0.0175,41.0281,37.9377,0.2092
2024-11-13,51.9038,90.5812,17.6353,24.8497,38.3054,59.1182,26.2538,40.7345,62.73,284292987.3,1.0059,0.0153,-0.0531,-0.0262,38.3054,37.9815,0.2625
2024-11-14,51.503,89.3788,19.0381,24.2485,40.0132,60.1202,24.4442,40.7942,63.22,229569268.72,1.0032,0.0152,-0.0458,-0.0278,40.0132,38.1884,0.2444
2024-11-15,51.7034,85.1703,18.0361,25.0501,39.0163,60.3206,23.2041,40.0676,62.8,219920136.4,1.0054,0.0146,-0.0528,-0.0194,39.0163,38.2049,0.232
2024-11-18,50.1002,83.1663,23.0461,29.0581,45.2431,65.7315,23.0992,42.6485,64.58,234364953.12,0.9909,0.0144,-0.0265,0.0036,45.2431,39.7352,0.231
2024-11-19,42.8858,79.3587,24.4489,34.4689,47.5439,66.5331,23.381,42.6704,65.29,187153523.84,0.96,0.0137,-0.0165,0.0415,47.5439,39.8659,0.2338
2024-11-20,40.2806,77.3547,21.2425,30.4609,43.5219,68.1363,32.9928,42.1167,63.84,244361517.12,0.9435,0.0134,-0.0385,0.0158,43.5219,40.1809,0.3299
2024-11-21,34.8697,74.5491,26.6533,37.0741,49.9383,70.9419,36.0452,44.6191,65.88,266119756.56,0.9007,0.0127,-0.0086,0.0553,49.9383,41.8913,0.3605
2024-11-22,12.6253,67.3347,28.6573,36.4729,51.5369,60.7214,37.5642,39.7262,66.43,344167784.87,0.7852,0.0112,-0.0007,0.0539,51.5369,38.3298,0.3756
2024-11-25,14.0281,66.7335,47.6954,37.8758,59.1809,71.1423,41.6043,46.8281,69.425,612245328.85,0.7898,0.0111,0.0426,0.0585,59.1809,41.6922,0.416
2024-11-26,28.0561,69.9399,79.3587,67.1343,66.0939,76.1523,40.6614,61.2757,73.02,783355858.26,0.831,0.0117,0.0943,0.1579,66.0939,44.6253,0.4066
2024-11-27,32.6653,74.1483,68.3367,59.3186,61.362,76.5531,46.1912,59.4276,71.5,735330381.5,0.8856,0.0126,0.0692,0.1358,61.362,44.7715,0.4619
2024-11-29,31.6633,75.3507,76.7535,69.9399,64.0771,74.1483,45.9566,62.5497,72.99,198841328.73,0.876,0.0128,0.0892,0.1658,64.0771,43.7961,0.4596
2024-12-02,33.2665,76.3527,79.1583,79.9599,64.8623,74.1483,45.4399,64.8754,73.43,395977957.13,0.8926,0.0133,0.0936,0.2083,64.8623,43.7811,0.4544
2024-12-03,37.2745,80.3607,65.3307,62.5251,59.3386,76.9539,39.1586,59.4229,71.69,385526524.41,0.9172,0.0138,0.066,0.145,59.3386,44.7029,0.3916
2024-12-04,37.4749,79.3587,70.5411,64.3287,60.6855,75.3507,38.7781,60.5025,72.34,301664455.28,0.9188,0.0138,0.0738,0.1521,60.6855,44.136,0.3878
2024-12-05,33.6673,81.5631,66.7335,59.9198,59.929,70.7415,36.6392,57.6411,72.11,224711994.29,0.8959,0.0141,0.0684,0.139,59.929,41.4166,0.3664
2024-12-06,33.6673,82.9659,55.1102,54.9098,56.4994,71.5431,35.3681,54.2918,71.07,267273517.56,0.8974,0.0143,0.0528,0.1236,56.4994,41.7325,0.3537
2024-12-09,33.2665,83.9679,50.7014,43.2866,55.4157,70.7415,34.8504,51.4004,70.74,221034699.18,0.8951,0.0145,0.0475,0.088,55.4157,41.5288,0.3485
2024-12-10,31.6633,82.7655,34.2685,40.0802,49.4704,69.7395,28.1342,45.5199,68.82,227115221.88,0.8858,0.0143,0.0189,0.0738,49.4704,41.027,0.2813
2024-12-11,27.8557,79.1583,40.2806,36.2725,52.5539,55.1102,21.2567,42.3016,69.9,180397920.0,0.8409,0.0138,0.034,0.0609,52.5539,36.1407,0.2126
2024-12-12,31.6633,86.9739,22.8457,28.8577,42.4532,71.3427,12.0027,39.0918,65.99,651752148.71,0.8859,0.0149,-0.0237,0.0244,42.4532,41.604,0.12
2024-12-13,38.0762,91.984,21.0421,23.4469,40.5841,72.1443,7.401,38.6255,65.12,520763663.2,0.9218,0.0156,-0.0362,-0.0129,40.5841,41.9217,0.074
2024-12-16,39.2786,97.996,21.8437,21.2425,41.1613,71.9439,13.5148,40.1814,65.3,352148142.2,0.9369,0.0165,-0.0332,-0.0217,41.1613,41.8121,0.1351
2024-12-17,39.2786,96.3928,19.4389,21.2425,39.6407,69.5391,12.3404,38.8512,64.64,253267276.8,0.9387,0.0161,-0.0425,-0.0249,39.6407,40.8464,0.1234
2024-12-18,42.485,89.7796,15.6313,18.6373,37.1756,70.1403,13.4182,37.5239,63.54,352662503.76,0.9589,0.0153,-0.058,-0.0439,37.1756,41.0702,0.1342
2024-12-19,52.7054,93.5872,4.4088,15.2305,30.0131,80.9619,35.3873,40.8846,59.62,807184984.98,1.0263,0.0158,-0.1149,-0.0967,30.0131,46.1687,0.3539
2024-12-20,55.1102,90.5812,7.4148,11.022,32.2369,78.1563,32.6397,40.304,60.24,767013932.4,1.0832,0.0154,-0.1047,-0.145,32.2369,44.6365,0.3264
2024-12-23,54.1082,85.7715,10.8216,14.2285,36.8383,78.9579,33.5013,41.5447,61.56,253082701.8,1.0701,0.0149,-0.0841,-0.1132,36.8383,45.3899,0.335
2024-12-24,50.9018,80.3607,11.8236,15.6313,37.3245,72.5451,29.8612,39.4742,61.7,93158855.6,1.0049,0.0142,-0.0806,-0.0965,37.3245,41.823,0.2986
2024-12-26,37.0741,72.5451,12.024,16.8337,37.3615,55.9118,29.8768,34.3499,61.71,132430832.49,0.9237,0.0131,-0.0791,-0.0756,37.3615,36.2709,0.2988
2024-12-27,28.8577,67.3347,9.4188,15.6313,35.1025,55.1102,25.6237,30.9109,60.7,252630789.9,0.8622,0.0119,-0.0922,-0.0875,35.1025,36.0969,0.2562
2024-12-30,29.4589,64.9299,6.4128,14.2285,32.8174,48.2966,28.9554,29.1982,59.62,262918238.0,0.8711,0.0116,-0.1063,-0.1045,32.8174,34.5783,0.2896
2024-12-31,28.0561,61.9238,7.6152,14.4289,32.861,47.0942,28.9246,28.7771,59.63,234646614.09,0.8513,0.0111,-0.1042,-0.1013,32.861,34.2778,0.2892
2025-01-02,27.8557,59.7194,14.8297,17.6353,41.9456,58.9178,30.8922,33.4276,61.87,326225104.37,0.843,0.0108,-0.069,-0.0688,41.9456,37.7164,0.3089
2025-01-03,27.2545,59.7194,21.6433,20.8417,49.2139,69.3387,42.4501,39.2047,64.07,265602056.86,0.8382,0.0108,-0.0348,-0.0317,49.2139,40.247,0.4245
2025-01-06,29.6593,59.7194,25.8517,28.0561,53.6975,73.1463,48.3557,43.3946,65.65,435470564.75,0.8625,0.0109,-0.0107,0.0181,53.6975,41.6715,0.4836
2025-01-07,30.0601,58.517,23.4469,27.8557,51.2902,72.7455,47.3521,42.3721,64.87,293332928.46,0.8653,0.0107,-0.0221,0.0128,51.2902,41.6009,0.4735
2025-01-08,30.6613,58.517,22.4449,24.2485,48.8414,73.7475,46.2076,41.4546,64.06,295737025.78,0.874,0.0107,-0.0327,-0.0126,48.8414,41.6978,0.4621
2025-01-10,31.0621,56.3126,18.4369,18.2365,45.2776,71.7435,45.0437,38.7593,62.82,292319112.42,0.881,0.0104,-0.0494,-0.06,45.2776,41.2192,0.4504
2025-01-13,32.6653,55.9118,15.8317,17.2345,43.0929,70.7415,45.7871,38.0311,62.02,245085054.2,0.8882,0.0104,-0.0598,-0.0736,43.0929,40.6074,0.4579
2025-01-14,28.0561,52.505,19.0381,17.2345,45.6354,55.7114,45.5854,35.6098,62.74,280973435.72,0.8429,0.0097,-0.0476,-0.0745,45.6354,36.1265,0.4559
2025-01-15,21.4429,51.9038,24.6493,20.2405,51.7315,59.1182,52.7741,38.3297,64.63,323613009.32,0.8178,0.0093,-0.0187,-0.0404,51.7315,37.6182,0.5277
2025-01-16,21.0421,51.7034,24.0481,20.0401,50.5053,59.3186,52.8137,38.0127,64.25,341179836.0,0.8161,0.0093,-0.024,-0.0415,50.5053,37.6479,0.5281
2025-01-17,28.4569,52.3046,27.2545,21.4429,52.9996,59.7194,52.9187,40.362,65.04,465718204.56,0.8411,0.0095,-0.0119,-0.033,52.9996,37.7489,0.5292
2025-01-21,30.0601,55.3106,38.0762,26.8537,59.6284,66.3327,52.8022,45.5164,67.43,475084808.0,0.8604,0.0103,0.0242,-0.0049,59.6284,39.1851,0.528
2025-01-22,27.8557,55.511,48.497,32.2645,62.489,25.8517,47.9551,41.5884,68.63,641037485.55,0.8394,0.0104,0.0428,0.0303,62.489,30.512,0.4796
2025-01-23,17.6353,58.9178,49.8998,33.6673,62.6078,26.2525,40.0371,39.7714,68.68,484845292.44,0.8046,0.0107,0.0441,0.0356,62.6078,30.5646,0.4004
2025-01-24,27.4549,63.1263,38.8778,22.2445,57.6131,31.2625,42.1796,38.3207,67.41,407602586.79,0.8327,0.0112,0.0255,-0.0294,57.6131,31.2642,0.4218
2025-01-27,34.6693,64.3287,24.8497,17.0341,47.8663,56.1122,45.9346,39.252,64.4,488944442.0,0.8889,0.0114,-0.0194,-0.0762,47.8663,36.0001,0.4593
2025-01-28,40.2806,67.3347,20.4409,16.2325,43.8092,59.7194,46.4043,39.5981,62.87,458549449.31,0.9316,0.0119,-0.0424,-0.0795,43.8092,37.1826,0.464
2025-01-29,49.0982,71.7435,19.8397,19.0381,43.627,58.517,46.1486,41.4253,62.8,669864175.6,0.984,0.0129,-0.0435,-0.063,43.627,36.6227,0.4615
2025-01-30,55.7114,82.5651,31.0621,29.0581,52.6542,67.3347,43.9649,49.1447,65.78,1088937775.64,1.0813,0.0145,0.0011,0.0072,52.6542,39.0782,0.4396
2025-01-31,57.3146,85.1703,28.4569,26.6533,50.7454,68.3367,47.5342,49.2588,65.13,535387617.96,1.1182,0.0149,-0.0095,-0.0114,50.7454,39.404,0.4753
2025-02-03,57.515,84.3687,25.2505,26.4529,48.6699,61.3226,51.703,47.903,64.42,409695352.68,1.1278,0.0148,-0.0202,-0.0123,48.6699,37.8027,0.517
2025-02-04,58.517,85.9719,23.8477,20.2405,46.8953,55.511,48.8482,45.5238,63.81,329970507.21,1.1354,0.0149,-0.029,-0.0452,46.8953,35.9143,0.4885
2025-02-05,57.515,86.7735,27.4549,17.8357,49.8339,53.7074,51.9104,46.297,64.72,345720519.36,1.1235,0.015,-0.0155,-0.0742,49.8339,35.1635,0.5191
2025-02-06,57.3146,88.1764,26.0521,16.0321,49.0628,52.7054,50.9468,45.4842,64.48,198159226.72,1.1125,0.0152,-0.0187,-0.0846,49.0628,34.9352,0.5095
2025-02-07,57.3146,86.7735,26.4529,18.2365,48.9948,50.7014,51.5241,45.5339,64.46,246080691.12,1.1082,0.0151,-0.0184,-0.074,48.9948,34.6341,0.5152
2025-02-10,60.3206,98.1964,58.7174,33.4669,61.993,76.1523,46.836,60.2788,69.04,723555493.44,1.1588,0.0166,0.0515,0.0246,61.993,41.4114,0.4684
2025-02-11,62.1242,99.5992,58.1162,45.2906,61.5504,74.9499,44.6236,61.7865,68.92,636361241.44,1.2037,0.0176,0.0509,0.0775,61.5504,40.9736,0.4462
2025-02-12,62.3246,99.7996,41.483,44.6894,55.6979,80.1603,45.3501,58.725,67.28,556393826.0,1.236,0.0181,0.0273,0.0725,55.6979,42.1843,0.4535
2025-02-13,62.5251,100.0,44.489,43.8878,56.4591,75.3507,48.4402,59.0743,67.56,377908750.56,1.2409,0.0185,0.0332,0.0686,56.4591,41.0403,0.4844
2025-02-14,62.5251,100.0,56.1122,48.0962,58.7232,75.5511,46.7909,62.0393,68.39,388310076.42,1.245,0.019,0.0476,0.089,58.7232,41.0688,0.4679
2025-02-18,62.7255,100.0,87.1743,56.513,66.8616,83.1663,43.6253,71.0255,72.03,674457658.98,1.2667,0.0201,0.1032,0.1154,66.8616,44.5,0.4363
2025-02-19,62.3246,100.0,83.7675,50.7014,64.8565,81.1623,39.2891,68.2608,71.5,374557612.0,1.253,0.0201,0.0954,0.0951,64.8565,43.1402,0.3929
2025-02-20,61.1222,99.5992,82.1643,56.9138,64.037,80.7615,44.2615,69.2554,71.29,329742128.27,1.2129,0.0198,0.0924,0.1167,64.037,42.8269,0.4426
2025-02-21,61.3226,99.3988,61.3226,36.8737,54.8499,83.9679,47.6182,62.1568,68.705,622290522.035,1.2259,0.0192,0.0536,0.0429,54.8499,44.9954,0.4762
2025-02-24,63.3267,99.5992,0.0,0.2004,25.2006,100.0,44.0772,43.6206,49.02,899733864.48,1.2779,0.0198,-0.2433,-0.2621,25.2006,128.1458,0.4408
2025-02-25,63.7275,100.0,0.2004,0.0,25.311,99.7996,42.7935,43.5193,49.07,573123222.49,1.2854,0.0203,-0.2378,-0.2932,25.311,127.7794,0.4279
2025-02-26,63.1263,99.7996,1.2024,0.0,27.8132,100.0,42.4138,43.8328,50.16,428716215.84,1.2809,0.0203,-0.2161,-0.3131,27.8132,128.323,0.4241
2025-02-27,61.523,98.5972,0.2004,0.0,26.1188,100.0,41.8913,43.0238,48.2,452694737.4,1.2516,0.0191,-0.2425,-0.3259,26.1188,128.6519,0.4189
2025-02-28,58.9178,96.7936,1.2024,0.0,27.881,99.1984,38.6597,42.2243,48.93,453507705.0,1.1736,0.017,-0.2271,-0.3296,27.881,127.1997,0.3866
2025-03-03,58.517,95.7916,0.0,0.0,26.1165,99.1984,39.4315,41.7629,47.01,415651701.72,1.1667,0.0167,-0.2531,-0.3598,26.1165,127.4954,0.3943
2025-03-04,59.1182,93.988,0.0,0.0,24.082,99.3988,33.4554,40.6029,44.63,525088552.36,1.1795,0.0162,-0.2864,-0.3775,24.082,128.0966,0.3346
2025-03-05,59.1182,88.5772,0.0,0.0,23.7224,99.1984,29.3393,39.3783,44.2,336608326.6,1.1817,0.0156,-0.2889,-0.389,23.7224,128.0951,0.2934
2025-03-06,59.7194,84.1683,0.0,0.0,21.5104,99.7996,29.0331,38.8507,41.45,488696660.6,1.2007,0.0152,-0.3292,-0.4252,21.5104,128.4776,0.2903
2025-03-07,60.7214,82.9659,0.2004,0.2004,22.2205,100.0,26.4708,38.6676,41.7,503933407.8,1.2377,0.0151,-0.3211,-0.4133,22.2205,128.7102,0.2647
2025-03-10,61.7234,79.7595,0.0,0.0,21.2594,99.3988,26.2612,38.2094,40.54,428245181.88,1.2601,0.0148,-0.3354,-0.4269,21.2594,128.4734,0.2626
2025-03-11,59.7194,70.1403,0.6012,0.6012,25.0512,97.7956,27.4289,37.4712,41.8,388059287.0,1.2193,0.0136,-0.3103,-0.3926,25.0512,125.5437,0.2743
2025-03-12,57.7154,65.3307,1.002,1.002,28.4664,97.7956,30.4292,37.6214,42.96,257705913.36,1.1737,0.0127,-0.2867,-0.3854,28.4664,126.682,0.3043
2025-03-13,55.3106,62.1242,0.8016,1.4028,27.3889,97.7956,31.1058,36.9539,42.03,230957960.22,1.1332,0.0121,-0.2978,-0.3631,27.3889,126.6834,0.3111
2025-03-14,55.1102,61.1222,1.8036,2.2044,34.5601,100.0,33.7564,38.5896,44.53,350988309.92,1.1283,0.0119,-0.2523,-0.3162,34.5601,129.6331,0.3376
2025-03-17,53.9078,58.1162,2.004,2.4048,35.1669,99.7996,34.1074,38.2621,44.75,256615787.25,1.1129,0.0115,-0.2448,-0.3147,35.1669,129.4124,0.3411
2025-03-18,49.8998,51.1022,2.004,2.6052,34.5244,96.994,33.0036,36.3389,44.34,230837321.16,1.058,0.0107,-0.2473,-0.314,34.5244,126.6252,0.33
2025-03-19,49.6994,46.8938,3.2064,3.006,36.238,97.3948,33.8535,36.5475,44.9,161782333.0,1.0327,0.0102,-0.2328,-0.2934,36.238,127.1741,0.3385
2025-03-20,49.2986,44.6894,3.2064,4.4088,35.5404,97.1944,35.0004,36.5496,44.51,218539426.45,1.0193,0.0099,-0.2339,-0.2534,35.5404,127.0681,0.35
2025-03-21,46.0922,43.6874,2.6052,3.6072,34.0039,96.994,31.3599,34.9982,43.66,336756172.66,0.9878,0.0095,-0.243,-0.2752,34.0039,126.976,0.3136
2025-03-24,34.0681,41.483,4.4088,3.6072,36.2727,83.1663,35.876,32.165,44.31,249012894.9,0.9078,0.0087,-0.2264,-0.2802,36.2727,48.285,0.3588
2025-03-25,29.6593,41.2826,3.2064,3.006,34.4667,83.7675,28.6526,29.979,43.39,379641976.53,0.8839,0.0086,-0.2373,-0.2968,34.4667,48.549,0.2865
2025-03-26,28.4569,40.2806,2.2044,3.006,32.9863,81.9639,28.7257,29.0904,42.62,308737489.96,0.873,0.0084,-0.2457,-0.3094,32.9863,47.5384,0.2873
2025-03-27,25.6513,40.0802,1.8036,3.006,31.637,80.7615,29.2212,28.3284,41.91,205766826.21,0.844,0.0083,-0.2527,-0.3096,31.637,46.1835,0.2922
2025-03-28,16.8337,38.2766,1.6032,2.2044,29.2924,80.5611,32.961,26.9616,40.62,188480821.38,0.8136,0.0081,-0.2695,-0.3187,29.2924,46.1791,0.3296
2025-03-31,14.4289,36.6733,1.8036,2.2044,28.9521,78.5571,38.8663,27.0318,40.43,332017264.93,0.8076,0.0079,-0.2666,-0.322,28.9521,44.7421,0.3887
2025-04-01,5.4108,35.4709,2.6052,1.8036,31.041,73.9479,39.8438,25.3232,40.89,216418175.88,0.7704,0.0079,-0.2517,-0.3391,31.041,41.962,0.3984
2025-04-02,4.4088,34.8697,5.4108,1.8036,35.0216,75.3507,40.971,26.4514,41.78,209619200.92,0.7587,0.0077,-0.2282,-0.3479,35.0216,42.8911,0.4097
2025-04-03,8.4168,35.0701,0.0,0.0,22.846,95.992,53.0706,29.4135,34.15,727639479.85,0.7888,0.0078,-0.361,-0.4798,22.846,80.3613,0.5307
2025-04-04,16.2325,33.0661,0.0,0.0,19.408,95.992,61.9896,31.3795,30.54,700560694.26,0.8131,0.0074,-0.4203,-0.5292,19.408,87.831,0.6199
2025-04-07,18.2365,31.2625,0.2004,0.2004,21.5904,95.992,53.8257,30.5636,31.16,450949794.68,0.8169,0.0069,-0.4003,-0.5136,21.5904,88.5798,0.5383
2025-04-08,24.0481,31.0621,0.4008,0.4008,23.0029,95.5912,53.0929,31.4566,31.55,553615358.9,0.8384,0.0068,-0.385,-0.4978,23.0029,87.6187,0.5309
2025-04-09,32.4649,30.8617,2.4048,1.2024,37.7184,95.992,48.6696,34.0883,36.3,730890299.7,0.8972,0.0066,-0.285,-0.4147,37.7184,102.5816,0.4867
2025-04-10,37.0741,30.8617,1.6032,0.8016,35.5176,95.992,40.2498,33.0762,34.87,531610794.22,0.9347,0.0066,-0.3055,-0.4442,35.5176,103.1047,0.4025
2025-04-11,36.2725,30.2605,1.6032,0.8016,34.799,95.5912,38.8732,32.5574,34.4,297693747.2,0.9287,0.0065,-0.3062,-0.4677,34.799,100.0086,0.3887
2025-04-14,37.8758,30.2605,3.2064,1.2024,38.8264,95.5912,38.48,33.5224,35.82,356311784.52,0.9418,0.0065,-0.2689,-0.4425,38.8264,101.6304,0.3848
2025-04-15,37.6754,30.2605,3.6072,1.002,39.14,95.5912,38.7226,33.6102,35.93,222747999.07,0.9417,0.0066,-0.258,-0.4476,39.14,101.7545,0.3872
2025-04-16,39.6794,30.4609,3.8076,0.8016,38.5403,95.1904,38.1344,33.7325,35.62,258791268.32,0.956,0.0066,-0.2558,-0.4717,38.5403,101.3947,0.3813
2025-04-17,41.483,30.4609,7.6152,1.002,41.3199,95.5912,37.8307,35.0872,36.51,269941139.22,0.9628,0.0066,-0.2281,-0.468,41.3199,102.2093,0.3783
2025-04-21,38.8778,30.0601,7.4148,0.8016,40.1126,95.3908,38.6266,34.5548,35.96,240091614.8,0.9526,0.0066,-0.2304,-0.4764,40.1126,102.1698,0.3863
2025-04-22,38.477,29.2585,8.8176,1.6032,42.4819,95.5912,38.7394,35.0992,36.68,186588555.72,0.9473,0.0065,-0.2056,-0.4559,42.4819,102.3457,0.3874
2025-04-23,34.8697,27.8557,9.6192,3.006,45.7561,95.7916,40.4986,35.4099,37.7,208329973.8,0.9284,0.0062,-0.1722,-0.4146,45.7561,103.0622,0.405
2025-04-24,34.2685,27.4549,11.8236,4.4088,52.7676,95.992,41.0249,36.7411,40.17,238764374.16,0.922,0.0061,-0.1067,-0.3611,52.7676,105.9303,0.4102
2025-04-25,33.8677,26.8537,15.4309,4.8096,54.3374,95.992,41.399,37.6155,40.78,169584037.8,0.9214,0.006,-0.0823,-0.3506,54.3374,105.9822,0.414
2025-04-28,35.8717,27.4549,18.8377,4.008,54.6831,95.5912,40.1567,38.3255,40.91,242040087.64,0.9356,0.0062,-0.0682,-0.3781,54.6831,105.3971,0.4016
2025-04-29,35.2705,28.2565,19.4389,4.4088,53.7064,95.5912,39.5086,38.3009,40.62,279128982.06,0.9321,0.0063,-0.063,-0.3763,53.7064,105.416,0.3951
2025-04-30,46.6934,29.6593,40.6814,6.4128,61.8952,95.992,37.0809,45.2186,43.86,697627247.64,0.9939,0.0066,0.0251,-0.3192,61.8952,108.8311,0.3708
2025-05-01,49.2986,30.8617,48.6974,7.6152,62.0958,95.7916,36.9539,47.4841,43.95,412173120.6,1.0226,0.0068,0.0406,-0.3112,62.0958,108.6226,0.3695
2025-05-02,43.6874,30.6613,73.5471,8.016,63.7838,91.984,34.6393,50.9029,44.69,369294250.85,0.9762,0.0067,0.0716,-0.3095,63.7838,77.3279,0.3464
2025-05-05,34.0681,31.2625,81.5631,8.4168,64.5646,88.7776,32.4583,50.4535,45.03,338712597.96,0.9294,0.0069,0.0921,-0.3016,64.5646,61.7383,0.3246
2025-05-06,29.6593,32.8657,75.5511,7.6152,61.4588,88.7776,32.5389,48.3313,44.29,219334133.83,0.9013,0.0074,0.0767,-0.3129,61.4588,63.0427,0.3254
2025-05-07,24.4489,33.8677,76.5531,5.2104,61.4858,88.7776,27.7977,46.7812,44.3,335111647.1,0.872,0.0076,0.0794,-0.3583,61.4858,63.3232,0.278
2025-05-08,11.2224,36.0721,77.7555,5.4108,61.4858,74.9499,9.3462,40.4463,44.3,235705681.0,0.8072,0.0079,0.0825,-0.3572,61.4858,43.6128,0.0935
2025-05-09,3.8076,38.6774,76.3527,6.012,60.504,63.9279,1.2574,36.4394,44.1,218740630.5,0.7668,0.0082,0.0798,-0.3445,60.504,39.8485,0.0126
2025-05-12,4.2084,39.479,94.5892,8.6172,67.4224,69.3387,11.3762,43.6391,46.57,324004441.48,0.7698,0.0083,0.1416,-0.3107,67.4224,41.4084,0.1138
2025-05-13,5.01,39.479,99.7996,10.2204,72.5396,73.7475,12.2101,46.34,49.01,397650819.67,0.7742,0.0083,0.2002,-0.2834,72.5396,42.4279,0.1221
2025-05-14,9.4188,40.481,99.7996,7.4148,72.8966,73.7475,37.2277,50.469,49.2,425560812.0,0.8018,0.0085,0.2022,-0.317,72.8966,42.3972,0.3723
2025-05-15,16.8337,41.2826,100.0,9.6192,73.9523,69.9399,36.4608,51.4515,49.75,410401680.0,0.8235,0.0087,0.2123,-0.3042,73.9523,41.4595,0.3646
2025-05-16,15.6313,41.0822,100.0,10.02,74.4205,70.3407,36.7828,51.4665,49.99,247728494.39,0.8216,0.0086,0.2131,-0.2988,74.4205,41.5524,0.3678
2025-05-19,17.6353,40.8818,100.0,11.6232,75.8429,64.5291,35.138,51.0113,50.72,267959643.52,0.8269,0.0086,0.2255,-0.2618,75.8429,39.9299,0.3514
2025-05-20,19.8397,41.8838,99.7996,39.8798,75.2871,66.7335,31.2268,55.329,50.63,249622557.27,0.8367,0.0088,0.2174,0.0328,75.2871,40.4737,0.3123
2025-05-21,22.4449,41.8838,97.996,35.4709,68.4445,75.1503,34.5918,55.7807,49.49,360225634.44,0.8568,0.0089,0.1856,0.0086,68.4445,42.4855,0.3459
2025-05-22,23.4469,41.6834,98.1964,33.4669,69.3651,57.7154,33.0478,52.8957,49.84,289208611.44,0.8632,0.0089,0.19,-0.0064,69.3651,38.2095,0.3305
2025-05-23,25.0501,42.0842,98.3968,41.0822,70.2724,57.515,33.307,54.4582,50.18,289194465.56,0.8801,0.0089,0.1935,0.0411,70.2724,38.1992,0.3331
2025-05-27,27.6553,41.2826,100.0,44.8898,74.236,60.7214,30.8233,56.1653,51.82,330327211.84,0.8907,0.0088,0.2283,0.0591,74.236,38.8552,0.3082
2025-05-28,29.4589,41.0822,100.0,57.3146,75.3785,58.1162,31.9993,58.1794,52.35,355041259.8,0.9009,0.0088,0.2364,0.1136,75.3785,38.2172,0.32
2025-05-29,21.0421,37.4749,99.7996,74.5491,75.8144,18.0361,38.1164,54.0504,52.55,240234374.45,0.8431,0.0083,0.2363,0.1775,75.8144,29.8577,0.3812
2025-05-30,20.0401,34.8697,98.5972,72.3447,69.2166,28.0561,40.0557,54.2026,51.55,381612690.4,0.8399,0.0081,0.209,0.1663,69.2166,31.4303,0.4006
2025-06-02,15.8317,31.8637,99.1984,87.7756,70.9585,27.4549,38.3888,55.5395,52.19,219955537.85,0.8231,0.0078,0.2196,0.2591,70.9585,31.3077,0.3839
2025-06-03,14.2285,30.8617,100.0,90.5812,74.7563,32.0641,39.2256,56.9767,53.77,303008790.52,0.8184,0.0076,0.2506,0.2894,74.7563,32.2719,0.3923
2025-06-04,16.4329,30.6613,100.0,94.3888,76.1588,24.0481,44.6999,57.6175,54.43,257973107.77,0.8238,0.0076,0.26,0.3426,76.1588,30.8484,0.447
2025-06-05,23.2465,31.4629,100.0,92.7856,77.4275,22.4449,44.859,58.3894,55.05,604528547.25,0.8582,0.0077,0.2675,0.317,77.4275,30.618,0.4486
2025-06-06,25.0501,31.6633,100.0,90.3808,78.2323,20.6413,45.5516,58.2331,55.45,330045941.2,0.8705,0.0078,0.2693,0.2907,78.2323,30.3843,0.4555
2025-06-09,29.0581,33.2665,100.0,95.3908,81.0833,20.4409,46.7646,60.1831,57.02,373475583.1,0.8917,0.0079,0.2962,0.3567,81.0833,30.3364,0.4676
2025-06-10,31.4629,34.6693,99.3988,85.7715,73.9725,12.024,40.5231,56.2112,55.95,401053460.55,0.9027,0.0081,0.2631,0.2565,73.9725,28.0802,0.4052
2025-06-11,26.6533,31.2625,98.7976,83.9679,72.1884,6.012,37.0652,53.1594,55.67,245583027.69,0.8828,0.0078,0.2482,0.244,72.1884,23.6977,0.3707
2025-06-12,22.6453,28.6573,98.5972,86.3727,72.4693,6.2124,26.4579,51.0854,55.78,201295182.52,0.855,0.0076,0.2424,0.258,72.4693,23.7338,0.2646
2025-06-13,26.4529,30.0601,97.996,83.5671,71.9005,6.8136,28.1407,51.5414,55.7,587878631.8,0.8784,0.0077,0.2329,0.2405,71.9005,23.8123,0.2814
2025-06-16,28.6573,30.4609,98.998,89.7796,76.2005,7.8156,30.5293,53.983,57.41,318753696.53,0.8872,0.0077,0.2578,0.2898,76.2005,25.3544,0.3053
2025-06-17,35.0701,33.4669,99.5992,93.7876,78.5937,8.6172,31.1239,56.4157,58.57,563236706.47,0.925,0.008,0.2677,0.3415,78.5937,25.6463,0.3112
2025-06-18,38.8778,35.0701,99.1984,93.5872,79.7648,8.016,30.5946,56.9845,59.19,393477481.38,0.9447,0.0081,0.2657,0.3358,79.7648,25.4466,0.3059
2025-06-20,42.8858,37.2745,98.3968,95.992,79.9553,5.4108,25.7259,56.9045,59.29,558882718.24,0.9702,0.0083,0.253,0.3664,79.9553,22.9014,0.2573
2025-06-23,42.8858,36.0721,98.998,98.3968,81.9499,6.012,26.3967,57.6555,60.38,279371557.82,0.9714,0.0082,0.2632,0.4167,81.9499,23.1151,0.264
2025-06-24,44.489,37.4749,99.7996,99.3988,84.5216,7.4148,32.1298,59.6744,62.07,373725145.89,0.9829,0.0083,0.2839,0.481,84.5216,23.9465,0.3213
2025-06-25,43.6874,37.2745,99.5992,99.7996,85.168,5.2104,30.7466,59.0807,62.55,283357504.8,0.9766,0.0083,0.279,0.5399,85.168,22.5642,0.3075
2025-06-26,44.0882,35.8717,99.7996,100.0,86.392,5.4108,29.8543,59.0893,63.51,376632463.86,0.9785,0.0082,0.2841,0.5709,86.392,22.6581,0.2985
2025-06-27,47.2946,38.0762,98.3968,99.5992,84.6676,6.2124,34.7621,60.134,63.29,420390407.52,1.0017,0.0083,0.2656,0.5478,84.6676,23.0516,0.3476
2025-06-30,48.0962,37.6754,98.1964,99.1984,85.6491,0.8016,32.2432,59.0226,63.99,388716149.61,1.0055,0.0083,0.2652,0.5316,85.6491,20.4424,0.3224
2025-07-01,49.0982,38.0762,96.7936,100.0,84.4023,2.2044,33.9671,59.397,63.84,342215852.16,1.0212,0.0084,0.2488,0.8694,84.4023,20.9548,0.3397
2025-07-02,49.6994,38.8778,99.1984,100.0,87.0317,2.4048,26.4423,59.2126,65.78,468677763.84,1.0406,0.0085,0.2719,1.1539,87.0317,20.9688,0.2644
2025-07-03,49.6994,39.8798,97.7956,99.7996,87.3859,2.6052,23.9236,58.6898,66.08,340078010.72,1.0494,0.0087,0.2633,1.1207,87.3859,21.0419,0.2392
2025-07-07,48.497,38.477,95.3908,99.5992,80.5553,5.6112,28.1459,58.2594,65.215,406426988.435,1.0205,0.0085,0.2338,1.067,80.5553,22.5349,0.2815
2025-07-08,49.499,41.0822,93.1864,99.1984,72.1632,8.8176,24.3144,57.2362,64.02,534891261.3,1.0451,0.0088,0.2004,0.7636,72.1632,24.4883,0.2431
2025-07-09,50.7014,41.6834,93.1864,99.1984,73.6944,6.8136,21.9904,56.9806,64.64,551652045.44,1.0653,0.0089,0.2012,0.8537,73.6944,23.2645,0.2199
2025-07-10,49.2986,40.481,92.5852,99.3988,74.7093,3.8076,23.871,56.4925,65.06,254858952.46,1.047,0.0088,0.1983,0.8913,74.7093,21.2751,0.2387
2025-07-11,50.1002,42.0842,93.5872,98.7976,77.1505,2.4048,24.5716,57.022,66.14,353131645.56,1.0609,0.0089,0.2068,0.8465,77.1505,20.9572,0.2457
2025-07-14,51.503,42.485,93.7876,98.998,78.7652,1.8036,23.6929,57.2822,66.93,341350094.58,1.0797,0.0091,0.2111,0.8628,78.7652,20.8353,0.2369
2025-07-15,49.2986,42.2846,93.7876,99.3988,79.9254,1.2024,24.1098,57.0799,67.53,427809843.24,1.0585,0.009,0.2116,0.8958,79.9254,20.4609,0.2411
2025-07-16,49.2986,42.0842,90.3808,98.1964,72.7871,1.6032,24.0689,55.5383,66.53,318027903.54,1.0585,0.009,0.1844,0.8222,72.7871,20.7056,0.2407
2025-07-17,48.0962,40.2806,90.1804,98.7976,74.0119,0.6012,22.3171,54.9371,67.02,416275696.32,1.0429,0.0089,0.1838,0.8637,74.0119,20.1617,0.2232
2025-07-18,47.6954,39.8798,91.3828,98.3968,76.3086,1.002,22.6369,55.355,68.0,290720128.0,1.0327,0.0088,0.1911,0.8539,76.3086,20.3102,0.2264
2025-07-21,44.0882,37.6754,91.5832,97.7956,77.897,1.002,23.236,54.7921,68.74,283754870.56,0.9961,0.0086,0.1939,0.8233,77.897,20.2558,0.2324
2025-07-22,45.0902,40.0802,87.1743,97.1944,66.9263,6.6132,26.9907,54.5188,67.06,341785104.36,1.0051,0.0089,0.1556,0.6694,66.9263,22.7928,0.2699
2025-07-23,46.2926,42.0842,89.7796,97.1944,72.5309,7.6152,21.4711,55.3034,69.32,499839346.56,1.0187,0.009,0.1842,0.6999,72.5309,23.5848,0.2147
2025-07-24,48.6974,42.6854,88.5772,96.994,70.8154,8.2164,20.3761,55.2081,69.02,555905301.28,1.054,0.0092,0.1701,0.6871,70.8154,23.8233,0.2038
2025-07-25,51.503,43.2866,87.1743,96.994,69.633,7.6152,20.6151,55.2359,68.82,542327476.32,1.0802,0.0095,0.1589,0.6942,69.633,23.6514,0.2062
2025-07-28,50.501,43.8878,85.9719,96.3928,70.0769,7.4148,19.1095,54.6036,68.985,311035152.96,1.0655,0.0096,0.154,0.5728,70.0769,23.4963,0.1911
2025-07-29,52.3046,46.493,88.7776,96.3928,74.0934,9.018,20.9072,56.6075,70.61,625699217.4,1.0948,0.0101,0.173,0.6066,74.0934,24.3493,0.2091
2025-07-30,57.7154,52.3046,88.7776,96.1924,75.8547,9.018,18.6383,57.8061,71.43,998878905.75,1.1772,0.0108,0.1783,0.5983,75.8547,24.2986,0.1864
2025-07-31,69.3387,62.9259,99.7996,97.1944,85.3506,66.1323,10.6294,71.2818,78.69,1889558733.48,1.3518,0.0122,0.2861,0.7475,85.3506,39.8125,0.1063
2025-08-01,72.1443,59.7194,95.5912,96.994,75.8777,75.3507,19.3539,72.2544,76.55,672847784.05,1.4097,0.0118,0.2407,0.7284,75.8777,41.8643,0.1935
2025-08-04,72.1443,59.1182,95.5912,96.994,76.8352,71.3427,18.2504,71.5233,77.29,393981214.89,1.4135,0.0118,0.2415,0.7447,76.8352,41.1577,0.1825
2025-08-05,71.5431,57.7154,92.5852,96.5932,70.8972,71.3427,20.0053,70.3009,75.84,447318274.56,1.4045,0.0116,0.2081,0.712,70.8972,41.1966,0.2001
2025-08-06,71.5431,58.1162,86.9739,95.7916,63.4007,78.5571,20.4888,69.5036,73.78,564198758.76,1.4059,0.0116,0.1665,0.673,63.4007,43.1254,0.2049
2025-08-07,72.9459,58.9178,86.9739,95.1904,64.689,78.5571,18.7764,69.5759,74.44,516488466.36,1.44,0.0118,0.1686,0.5985,64.689,43.133,0.1878
2025-08-08,72.9459,58.9178,86.9739,93.5872,65.7321,78.1563,19.8317,69.5379,74.97,373635935.82,1.4425,0.0118,0.1686,0.5297,65.7321,42.9806,0.1983
2025-08-11,73.7475,61.1222,84.3687,93.3868,64.4554,78.1563,20.2626,69.2645,74.64,545097188.88,1.4661,0.012,0.1555,0.5171,64.4554,43.0874,0.2026
2025-08-12,74.5491,62.5251,86.3727,93.3868,67.1035,78.7575,21.6229,70.4848,75.91,584105587.92,1.4842,0.0122,0.1664,0.5258,67.1035,43.2644,0.2162
2025-08-13,75.1503,64.1283,85.1703,93.1864,67.4327,76.7535,20.0714,69.9644,76.07,403056362.51,1.4941,0.0125,0.1603,0.5217,67.4327,42.5974,0.2007
2025-08-14,75.3507,64.5291,83.7675,92.5852,67.8014,76.7535,22.5558,70.0733,76.24,504816069.68,1.5022,0.0127,0.155,0.5032,67.8014,42.6258,0.2256
2025-08-15,75.3507,64.3287,80.3607,92.1844,62.5114,78.5571,23.819,69.2428,75.06,319641959.16,1.5067,0.0127,0.13,0.4825,62.5114,43.2059,0.2382
2025-08-18,75.7515,66.3327,80.9619,93.988,65.5304,78.7575,22.1945,69.9824,76.29,396069452.7,1.5198,0.013,0.1413,0.5415,65.5304,43.3467,0.2219
2025-08-19,75.1503,65.3307,79.3587,92.986,63.6021,74.7495,22.2023,68.5282,75.86,286052736.28,1.5133,0.0128,0.1279,0.5221,63.6021,42.109,0.222
2025-08-20,74.5491,63.3267,77.5551,92.1844,62.5873,67.9359,19.5567,66.2363,75.64,414378838.92,1.4992,0.0125,0.1185,0.5074,62.5873,40.9745,0.1956
2025-08-21,72.9459,63.1263,73.7475,90.5812,58.1376,69.7395,19.8208,64.839,74.66,409907813.82,1.4778,0.0125,0.0979,0.4408,58.1376,41.3345,0.1982
2025-08-22,72.1443,61.7234,78.7575,90.982,64.5377,75.1503,21.7023,67.3745,76.97,501963934.41,1.4679,0.0122,0.1248,0.4703,64.5377,42.2897,0.217
2025-08-25,73.1463,62.3246,83.1663,92.1844,69.4387,77.3547,21.1113,69.3791,79.22,427896610.62,1.4796,0.0124,0.1498,0.5075,69.4387,43.0572,0.2111
2025-08-26,73.1463,63.1263,82.7655,93.988,70.3982,75.9519,24.2404,70.0045,79.71,695441134.11,1.4811,0.0125,0.1489,0.5463,70.3982,42.6208,0.2424
2025-08-27,68.7375,60.3206,83.7675,93.7876,72.2373,76.1523,25.4664,69.6309,80.67,446630019.69,1.4071,0.0122,0.155,0.5457,72.2373,42.6283,0.2547
2025-08-28,55.3106,48.0962,86.5731,92.5852,74.657,11.8236,36.3065,58.9938,82.04,373888193.56,1.2085,0.0108,0.1668,0.5258,74.657,26.4321,0.3631
2025-08-29,52.7054,48.497,79.7595,90.1804,66.8688,10.02,36.7943,55.9435,80.34,402048514.92,1.1716,0.011,0.1358,0.476,66.8688,25.5347,0.3679
2025-09-02,53.9078,48.8978,82.7655,90.7816,69.9831,11.6232,27.1065,55.9541,81.91,473254765.31,1.1813,0.011,0.1506,0.4879,69.9831,26.1258,0.2711
2025-09-03,57.1142,55.3106,91.1824,94.3888,76.2472,18.2365,27.1816,60.9304,86.0,1048743340.0,1.2507,0.0117,0.1995,0.5509,76.2472,29.452,0.2718
2025-09-04,62.9259,62.3246,96.3928,94.7896,80.9561,24.6493,34.1302,66.0809,90.5,1225591996.5,1.3225,0.0124,0.2523,0.5872,80.9561,30.659,0.3413
2025-09-05,71.9439,72.5451,97.3948,95.3908,82.2527,25.2505,31.7588,68.6103,92.04,1869350992.08,1.4695,0.0139,0.2633,0.645,82.2527,30.7443,0.3176
2025-09-08,75.1503,76.1523,98.7976,95.7916,83.2497,25.2505,33.8655,70.2084,93.29,792904268.21,1.5139,0.0144,0.2701,0.6758,83.2497,30.7311,0.3387
2025-09-09,75.7515,76.7535,98.998,96.1924,84.2052,22.0441,35.7716,70.3594,94.54,680218136.2,1.5244,0.0145,0.2762,0.6949,84.2052,30.1968,0.3577
2025-09-10,76.1523,77.9559,98.7976,96.3928,84.5692,22.2445,35.6462,70.5774,95.02,798004470.58,1.542,0.0146,0.272,0.7059,84.5692,30.2255,0.3565
2025-09-11,76.9539,79.3587,98.7976,95.1904,85.421,21.2425,35.9419,70.6368,96.15,671608999.95,1.5683,0.0148,0.2761,0.6748,85.421,30.0328,0.3594
2025-09-12,76.9539,79.5591,99.5992,94.5892,86.494,20.6413,36.2385,70.7886,97.66,659502179.38,1.581,0.0148,0.2853,0.6674,86.494,29.8471,0.3624
2025-09-15,81.9639,91.1824,100.0,96.7936,89.1802,23.4469,31.3651,73.0717,102.39,1282256898.57,1.6817,0.0159,0.3348,0.7299,89.1802,30.3726,0.3137
2025-09-16,85.1703,94.5892,99.7996,96.7936,89.5126,25.0501,30.668,74.0224,103.09,900458882.83,1.7326,0.0163,0.3308,0.7387,89.5126,30.527,0.3067
2025-09-17,87.1743,94.99,99.3988,94.3888,81.255,34.8697,29.8701,74.4497,100.94,886991979.86,1.7957,0.0165,0.2907,0.6717,81.255,32.351,0.2987
2025-09-18,89.98,96.994,99.5992,95.1904,84.3077,37.6754,29.9599,75.9708,105.15,1092390311.4,1.8627,0.0172,0.3308,0.6941,84.3077,32.9911,0.2996
2025-09-19,92.3848,97.1944,100.0,95.7916,85.219,27.8557,25.4168,74.4587,106.63,1176199382.43,1.9381,0.0175,0.3354,0.7047,85.219,31.1269,0.2542
2025-09-22,93.3868,97.7956,100.0,97.3948,88.1205,38.6774,23.5267,76.5395,112.41,1088828777.07,1.9965,0.0183,0.3917,0.77,88.1205,33.2645,0.2353
2025-09-23,94.1884,97.5952,99.7996,96.5932,81.6686,50.3006,23.7129,77.6056,110.25,813124179.0,2.03,0.0183,0.3505,0.742,81.6686,35.6809,0.2371
2025-09-24,94.5892,97.7956,98.7976,95.7916,80.0325,52.505,27.1877,78.0534,109.69,922776119.58,2.0473,0.0183,0.3299,0.7142,80.0325,36.3323,0.2719
2025-09-25,95.7916,97.1944,98.1964,93.988,73.053,60.1202,31.6209,78.8921,107.21,911219387.48,2.0885,0.0182,0.2871,0.6794,73.053,38.8571,0.3162
2025-09-26,96.1924,97.7956,96.1924,92.3848,72.1513,61.1222,35.1627,78.9625,106.88,589967767.04,2.1141,0.0183,0.271,0.6248,72.1513,39.3198,0.3516
2025-09-29,96.7936,98.7976,99.7996,97.1944,80.0676,81.1623,36.2161,84.5514,116.74,1637113429.64,2.229,0.0196,0.3723,0.7666,80.0676,45.3716,0.3622
2025-09-30,97.1944,100.0,100.0,97.7956,81.9302,81.3627,36.3418,85.0972,120.06,1664232580.44,2.3373,0.0207,0.3945,0.841,81.9302,45.4933,0.3634
2025-10-01,98.5972,100.0,100.0,99.3988,86.3022,83.1663,41.4657,87.0244,130.59,2421186657.12,2.4439,0.022,0.4948,1.0398,86.3022,50.0464,0.4147
2025-10-02,99.3988,100.0,99.7996,99.1984,86.5256,82.9659,38.9868,86.695,131.26,2009090105.62,2.4919,0.0228,0.4814,1.0306,86.5256,49.024,0.3899
2025-10-03,97.5952,99.7996,99.5992,98.998,86.5433,82.9659,39.0044,86.3387,131.31,1111636319.4,2.3916,0.0223,0.4615,1.0183,86.5433,49.4484,0.39
2025-10-06,98.3968,100.0,98.998,98.5972,73.9683,85.3707,39.2975,85.4458,125.28,1636180102.08,2.4545,0.0232,0.377,0.8942,73.9683,54.5433,0.393
2025-10-07,99.7996,100.0,97.3948,96.3928,64.9509,87.976,40.2312,84.634,119.93,1639948724.88,2.5264,0.024,0.3036,0.7919,64.9509,58.3549,0.4023
2025-10-08,99.5992,100.0,97.1944,96.3928,65.994,87.7756,39.7072,84.5595,121.18,871477360.92,2.521,0.0244,0.3029,0.7945,65.994,58.3029,0.3971
2025-10-09,99.3988,100.0,94.99,96.3928,63.5812,88.1764,40.7244,84.06,119.7,746247744.9,2.5191,0.0245,0.2738,0.7992,63.5812,58.9461,0.4072
2025-10-10,99.5992,99.3988,88.5772,93.988,57.0817,88.1764,32.7887,80.5463,115.42,813263401.24,2.5228,0.0233,0.2187,0.7222,57.0817,61.2488,0.3279
2025-10-13,98.1964,98.7976,90.5812,95.1904,60.5705,87.976,30.6281,80.8517,118.86,997074939.0,2.4779,0.0228,0.2439,0.7479,60.5705,60.056,0.3063
2025-10-14,97.5952,98.5972,81.9639,90.3808,52.8622,88.7776,35.6373,78.3974,113.13,887406426.9,2.4645,0.0224,0.1751,0.6458,52.8622,63.3609,0.3564
2025-10-15,98.1964,98.998,89.7796,96.1924,59.8773,90.3808,37.5777,82.1955,120.44,1197560694.16,2.4802,0.023,0.2396,0.796,59.8773,65.7729,0.3758
2025-10-16,98.998,99.1984,95.5912,96.3928,64.1808,90.3808,38.5213,84.1001,125.92,1747582608.8,2.5174,0.0233,0.2822,0.8165,64.1808,66.0197,0.3852
2025-10-17,97.5952,98.7976,94.1884,96.7936,64.391,90.3808,39.6117,83.8137,126.2,866785770.0,2.4737,0.023,0.2716,0.8285,64.391,66.0344,0.3961
2025-10-20,97.3948,98.998,87.3747,94.7896,58.252,89.98,38.8247,81.3483,121.53,1236222118.68,2.4679,0.0233,0.2132,0.7659,58.252,65.7835,0.3882
2025-10-21,95.992,99.3988,85.1703,94.3888,58.0987,88.978,40.1008,80.7028,121.41,557788013.91,2.4382,0.0234,0.2008,0.7599,58.0987,65.2408,0.401
2025-10-22,95.992,99.1984,81.5631,92.1844,56.8371,88.978,39.496,79.4137,120.47,1088264540.3,2.4418,0.0234,0.1811,0.7061,56.8371,65.3017,0.395
2025-10-23,95.5912,99.3988,87.976,94.3888,61.8235,89.7796,35.0496,80.9388,125.72,913161059.72,2.4314,0.0237,0.2207,0.76,61.8235,65.7749,0.3505
2025-10-24,96.1924,99.3988,89.98,88.5772,64.9086,90.3808,37.1324,81.2691,129.43,847293821.64,2.4517,0.0238,0.2439,0.6448,64.9086,66.0489,0.3713
2025-10-27,94.1884,97.996,85.3707,88.978,60.9617,85.9719,35.4581,78.6594,126.67,918210689.47,2.3867,0.0233,0.2054,0.6547,60.9617,59.9178,0.3546
2025-10-28,93.1864,97.1944,80.1603,87.976,58.5314,85.7715,38.2567,77.3832,124.92,878412830.76,2.3031,0.0228,0.1778,0.6163,58.5314,59.5421,0.3826
2025-10-29,92.7856,96.5932,97.3948,97.996,70.4599,91.3828,37.0773,84.0705,141.38,2582627905.02,2.2803,0.0228,0.3167,0.8642,70.4599,67.8861,0.3708
2025-10-30,92.3848,96.3928,93.988,98.1964,66.3987,91.5832,34.9947,82.6506,138.13,1915952055.72,2.2434,0.0224,0.2717,0.8722,66.3987,68.5662,0.3499
2025-10-31,93.988,99.3988,98.5972,98.7976,72.6979,91.7836,30.112,84.1313,150.21,3025163307.6,2.3769,0.0239,0.3639,1.0179,72.6979,74.37,0.3011
2025-11-03,94.1884,99.5992,99.3988,99.5992,75.8501,91.5832,32.0488,85.0376,158.02,2097745207.76,2.3871,0.0243,0.414,1.1078,75.8501,73.0822,0.3205
2025-11-04,92.986,98.998,97.996,98.998,69.3978,91.3828,41.3316,85.1435,152.18,1349972344.56,2.34,0.0239,0.3442,1.0389,69.3978,72.5107,0.4133
2025-11-05,93.7876,99.5992,98.998,99.5992,72.7796,91.5832,36.6697,85.2834,160.1,1560814900.0,2.3808,0.0244,0.3944,1.1091,72.7796,73.8013,0.3667
2025-11-06,94.7896,100.0,99.1984,99.7996,74.1397,91.3828,37.3292,85.7488,163.6,1377355434.8,2.4209,0.0247,0.4046,1.1507,74.1397,73.1828,0.3733
2025-11-07,96.7936,100.0,98.3968,99.5992,73.4117,90.7816,41.7429,86.3581,162.955,1572866103.25,2.4661,0.0262,0.3798,1.1374,73.4117,70.9961,0.4174
2025-11-10,99.1984,100.0,99.3988,100.0,77.5565,90.982,46.6769,88.164,174.22,1956587466.32,2.521,0.0272,0.4521,1.3211,77.5565,73.0612,0.4668
2025-11-11,100.0,100.0,98.7976,99.7996,72.9574,90.3808,42.246,86.9192,169.99,1571388919.92,2.5583,0.0283,0.3964,1.2282,72.9574,70.4576,0.4225
2025-11-12,100.0,100.0,96.994,99.5992,68.9202,90.1804,41.1224,85.9261,166.11,1639179293.85,2.5772,0.0291,0.3468,1.1897,68.9202,70.2079,0.4112
2025-11-13,99.5992,99.7996,89.3788,98.1964,60.5912,91.3828,43.5625,83.826,157.16,1609095704.28,2.5418,0.0291,0.2606,1.0777,60.5912,73.71,0.4356
2025-11-14,99.7996,100.0,88.5772,98.5972,60.9715,91.1824,41.6827,83.5019,157.83,1527427129.59,2.5756,0.0297,0.2527,1.114,60.9715,73.6811,0.4168
2025-11-17,99.5992,99.7996,92.7856,98.3968,63.5809,90.1804,42.2428,84.458,162.45,1425326065.65,2.5706,0.0293,0.2754,1.1106,63.5809,71.5816,0.4224
2025-11-18,100.0,99.3988,79.3587,96.3928,55.3136,91.7836,46.0359,81.4748,152.86,1424785589.58,2.6228,0.0291,0.1892,0.9296,55.3136,76.2988,0.4604
2025-11-19,99.7996,98.998,79.1583,96.3928,56.0263,91.5832,46.2988,81.4452,153.97,1000644101.35,2.6012,0.0288,0.187,0.9316,56.0263,75.9809,0.463
2025-11-20,100.0,98.5972,53.7074,89.7796,46.2029,92.1844,43.9797,74.113,140.23,1594898893.5,2.6343,0.0277,0.0738,0.7383,46.2029,83.73,0.4398
2025-11-21,100.0,98.3968,46.8938,87.7756,45.5519,91.984,40.9108,71.8742,139.19,1557695750.93,2.6702,0.0276,0.0591,0.6966,45.5519,83.3663,0.4091
2025-11-24,100.0,98.5972,68.5371,95.3908,53.5148,92.1844,43.8072,78.626,150.93,1632814923.87,2.7059,0.028,0.14,0.8786,53.5148,87.1173,0.4381
2025-11-25,99.7996,98.1964,74.1483,95.992,56.1502,91.984,43.185,79.9084,155.41,849724844.53,2.6994,0.0277,0.1646,0.8973,56.1502,86.9746,0.4318
2025-11-26,97.996,97.5952,76.3527,93.1864,57.4998,90.7816,41.138,79.2453,157.74,765633364.32,2.5523,0.0264,0.1721,0.8342,57.4998,76.1491,0.4114
2025-11-28,92.986,97.1944,82.1643,92.1844,60.6304,90.5812,41.5404,79.8091,163.33,526294339.08,2.4429,0.0257,0.2032,0.8048,60.6304,76.0335,0.4154
2025-12-01,88.7776,96.7936,80.3607,91.1824,60.7473,88.1764,43.6463,78.5936,163.54,1289054170.3,2.2856,0.0246,0.1947,0.7768,60.7473,70.6211,0.4365
2025-12-02,87.7756,94.99,72.9459,87.976,57.6301,87.3747,39.3352,75.2204,159.99,1225100066.46,2.2034,0.0238,0.1607,0.715,57.6301,68.9737,0.3934
2025-12-03,87.1743,94.99,64.7295,83.7675,53.9357,86.9739,34.3899,71.6843,155.59,1051209605.2,2.1702,0.0238,0.1214,0.6458,53.9357,68.3389,0.3439
2025-12-04,86.7735,94.3888,70.5411,86.1723,57.5398,85.9719,36.5119,73.6155,161.0,1014825504.0,2.1169,0.0235,0.1519,0.6944,57.5398,66.9836,0.3651
2025-12-05,85.7715,92.7856,80.3607,89.7796,62.1865,87.1743,38.8149,76.8004,168.89,982149732.58,2.0754,0.0232,0.1978,0.7565,62.1865,68.7158,0.3881
2025-12-08,82.9659,92.5852,79.5591,88.5772,62.6826,86.9739,40.7193,76.3241,169.78,725333436.88,2.0025,0.023,0.1935,0.7385,62.6826,68.695,0.4072
2025-12-09,79.7595,90.5812,77.1543,83.5671,62.4447,81.7635,35.7457,72.8588,169.54,628963560.96,1.8929,0.0221,0.183,0.6558,62.4447,64.2876,0.3575
2025-12-10,79.5591,90.1804,88.7776,90.3808,68.9974,86.5731,38.5322,77.9301,181.95,1449369304.2,1.8689,0.0216,0.2587,0.765,68.9974,68.4756,0.3853
2025-12-11,78.3567,89.98,93.988,93.988,71.2804,86.1723,38.1268,79.4202,187.2,1398083918.4,1.8361,0.021,0.285,0.8546,71.2804,68.2747,0.3813
2025-12-12,78.1563,89.7796,81.5631,84.3687,61.2352,87.1743,36.2112,74.3007,176.34,1706601944.04,1.8316,0.021,0.203,0.677,61.2352,68.8121,0.3621
2025-12-15,76.9539,89.3788,73.5471,81.3627,57.7641,87.5752,39.3695,72.2129,172.04,994686248.6,1.7854,0.0206,0.1672,0.6134,57.7641,69.6576,0.3937
2025-12-16,76.3527,88.1764,75.1503,79.9599,59.2313,87.3747,38.0478,72.0311,174.575,1022471110.7,1.7472,0.0198,0.1765,0.553,59.2313,69.1743,0.3805
2025-12-17,73.9479,87.7756,61.9238,76.7535,52.7574,84.5691,30.0435,66.2352,166.26,1112741436.54,1.7143,0.0196,0.1135,0.508,52.7574,67.8044,0.3004
2025-12-18,76.1523,88.3768,71.7435,80.5611,57.9641,87.5752,30.3681,70.1813,175.01,1600797568.92,1.7467,0.0199,0.1637,0.5955,57.9641,69.8386,0.3037
2025-12-19,84.5691,96.994,79.3587,84.7695,61.1619,78.5571,31.8377,73.6474,181.08,6567700435.56,2.0509,0.025,0.1943,0.689,61.1619,59.5662,0.3184
2025-12-22,83.9679,97.1944,69.9399,82.3647,57.7923,78.9579,27.3649,70.385,176.76,1535163958.44,2.0401,0.0258,0.1565,0.6538,57.7923,60.6044,0.2736
2025-12-23,81.5631,96.7936,70.3407,77.3547,58.6387,76.3527,23.8924,68.4858,178.25,663273062.75,1.965,0.0251,0.1572,0.5269,58.6387,54.842,0.2389
2025-12-24,80.5611,96.7936,69.5391,75.1503,59.4094,75.9519,24.2657,67.9175,179.56,444965840.4,1.9317,0.0254,0.1558,0.4956,59.4094,54.2814,0.2427
2025-12-26,79.7595,96.994,70.5411,71.1423,60.6043,75.7515,24.1058,67.4819,181.54,608441476.24,1.9151,0.0257,0.1594,0.3902,60.6043,54.2259,0.2411
2025-12-29,79.7595,96.5932,65.1303,70.1403,58.8517,75.5511,24.2228,66.0216,179.68,701889733.76,1.9228,0.0256,0.1397,0.3689,58.8517,53.5189,0.2422
2025-12-30,78.7575,96.5932,61.3226,66.9339,55.4884,75.7515,24.5768,64.3756,176.06,1057766015.16,1.8974,0.0256,0.1097,0.3408,55.4884,54.2519,0.2458
2025-12-31,77.1543,95.5912,53.7074,70.1403,52.1294,75.5511,24.677,62.6419,172.27,611943006.64,1.8495,0.0248,0.0789,0.3751,52.1294,54.2404,0.2468
2026-01-02,77.1543,94.99,72.3447,79.3587,62.1698,78.7575,37.0464,71.0325,187.7,1277919974.7,1.8556,0.0245,0.1659,0.5651,62.1698,60.1471,0.3705
2026-01-05,78.7575,95.992,69.9399,78.7575,62.2692,77.7555,36.1907,70.5333,187.88,1846233444.44,1.8977,0.0251,0.1573,0.5504,62.2692,59.4827,0.3619
2026-01-06,84.5691,98.3968,96.5932,92.7856,74.7668,91.1824,40.8076,83.0367,219.38,3768593881.92,2.0554,0.0279,0.3359,0.8327,74.7668,78.266,0.4081
2026-01-07,87.1743,99.7996,81.9639,87.5752,61.2431,91.7836,39.8303,78.4516,199.88,2859269608.28,2.1721,0.0295,0.2068,0.7318,61.2431,86.8806,0.3983
2026-01-08,88.1764,100.0,62.9259,79.3587,54.5902,92.7856,41.874,73.3734,187.68,2233812027.84,2.2576,0.0308,0.1249,0.579,54.5902,90.4553,0.4187
2026-01-09,88.3768,100.0,77.9559,90.5812,59.5476,92.5852,39.4893,78.2008,200.46,1982071703.82,2.2729,0.0314,0.1907,0.7719,59.5476,90.0118,0.3949
2026-01-12,88.1764,100.0,87.1743,89.3788,63.4724,92.7856,39.0025,80.1836,212.14,1583708471.02,2.269,0.032,0.2496,0.7614,63.4724,91.5352,0.39
2026-01-13,87.3747,100.0,86.9739,84.9699,64.0703,91.984,39.3306,79.3507,214.0,1387900638.0,2.2347,0.0324,0.2493,0.6995,64.0703,88.1496,0.3933
2026-01-14,87.3747,100.0,86.3727,85.1703,64.4076,91.3828,39.4032,79.215,215.0,1206549685.0,2.2383,0.0325,0.2458,0.7036,64.4076,87.243,0.394
2026-01-15,87.976,100.0,92.7856,92.3848,66.7912,91.3828,36.3892,81.4561,222.1,1673740491.7,2.2652,0.0341,0.2774,0.8275,66.7912,87.5674,0.3639
2026-01-16,89.1784,100.0,89.3788,92.1844,66.3933,90.3808,33.4512,80.2943,221.51,1987566035.55,2.304,0.0356,0.2639,0.8245,66.3933,84.8035,0.3345
2026-01-20,88.5772,99.7996,88.7776,93.3868,66.9185,89.98,36.5912,80.7076,222.97,1588759133.83,2.29,0.0355,0.2632,0.8508,66.9185,83.6981,0.3659
2026-01-21,80.1603,98.3968,97.1944,95.992,72.8443,90.7816,38.0172,82.3057,241.9,2285208496.6,1.9975,0.0307,0.3584,0.9241,72.8443,86.9756,0.3802
2026-01-22,81.1623,98.5972,96.994,94.99,73.2236,90.1804,40.1947,82.56,243.29,2171780249.06,2.0207,0.0312,0.354,0.8797,73.2236,85.8552,0.4019
2026-01-23,82.7655,98.7976,94.7896,94.1884,68.1361,91.1824,42.4572,82.2403,236.39,1445592693.93,2.0594,0.032,0.3065,0.8662,68.1361,87.2918,0.4246
2026-01-26,85.3707,99.3988,94.99,95.992,69.6061,90.982,42.3821,83.1075,240.85,1716835399.75,2.1263,0.0327,0.3208,0.928,69.6061,87.2678,0.4238
2026-01-27,85.9719,99.3988,97.5952,89.3788,73.1397,91.7836,44.1168,83.4605,252.66,1890660843.84,2.1908,0.0336,0.3726,0.7871,73.1397,88.0391,0.4412
2026-01-28,90.5812,100.0,100.0,96.7936,79.1241,92.7856,46.3605,86.8905,279.7,4500504179.3,2.3814,0.0372,0.4995,1.0249,79.1241,92.3786,0.4636
2026-01-29,97.7956,100.0,99.3988,92.3848,78.2287,92.5852,48.1138,87.3345,278.41,4390506768.12,2.5435,0.0391,0.4735,0.8535,78.2287,91.5846,0.4811
2026-01-30,100.0,100.0,93.988,76.5531,61.7804,93.1864,43.3563,81.94,250.23,5428687051.47,2.7675,0.0428,0.3122,0.5835,61.7804,101.5077,0.4336
2026-02-02,100.0,100.0,98.3968,88.5772,67.0721,92.7856,32.7942,83.5101,270.23,4328903005.44,2.8931,0.0458,0.3999,0.7757,67.0721,100.7746,0.3279
2026-02-03,100.0,100.0,99.5992,89.98,71.3466,93.988,32.6092,84.5411,290.24,4463413464.96,2.9869,0.0471,0.4826,0.8129,71.3466,102.2674,0.3261
2026-02-04,99.7996,99.7996,95.992,78.5571,62.2827,92.1844,30.4521,80.5556,269.41,3986093641.81,2.9506,0.0463,0.3583,0.6468,62.2827,94.7742,0.3045
2026-02-05,99.5992,99.3988,92.3848,76.3527,58.7263,90.7816,34.4949,79.4737,260.19,2774645344.8,2.9126,0.0452,0.296,0.5967,58.7263,88.3877,0.3449
2026-02-06,99.3988,99.1984,97.1944,77.3547,64.0889,88.1764,32.3867,80.3651,282.58,2801288445.64,2.911,0.045,0.3893,0.622,64.0889,86.8373,0.3239
2026-02-09,99.1984,99.3988,96.994,80.7615,64.8382,87.7756,31.0786,80.6446,285.99,2300701465.08,2.9084,0.0455,0.3882,0.6824,64.8382,85.1905,0.3108
2026-02-10,99.5992,99.5992,85.3707,75.1503,56.1665,91.3828,33.7604,77.6346,262.56,2510233499.04,2.9347,0.0462,0.2616,0.5806,56.1665,91.3068,0.3376
2026-02-11,99.7996,100.0,92.1844,85.3707,58.9853,91.7836,32.5171,80.7561,273.74,2562932084.74,2.972,0.0473,0.3015,0.7418,58.9853,91.9619,0.3252
2026-02-12,100.0,100.0,94.3888,89.5792,61.4587,91.7836,33.2326,82.2129,284.1,4730595124.2,3.1017,0.0496,0.3355,0.8,61.4587,92.3258,0.3323
2026-02-13,100.0,100.0,92.5852,84.3687,60.5029,91.984,33.4932,81.0442,281.58,2788078730.58,3.1285,0.05,0.3087,0.7333,60.5029,92.3918,0.3349
2026-02-17,99.5992,99.7996,92.1844,92.986,61.156,91.3828,34.4871,82.3007,284.11,1569428753.98,3.0955,0.0497,0.3049,0.8586,61.156,92.2415,0.3449
2026-02-18,100.0,100.0,94.7896,95.5912,64.2858,91.984,34.7902,83.7413,296.56,3609976837.28,3.1573,0.0524,0.3453,0.9261,64.2858,92.8337,0.3479
2026-02-19,100.0,100.0,88.978,96.7936,59.3663,90.1804,32.4823,81.6507,284.67,2960496832.5,3.1579,0.0552,0.2779,1.03,59.3663,91.2313,0.3248
2026-02-20,100.0,99.7996,86.3727,97.3948,59.6043,90.1804,32.6342,81.2463,285.52,3000926838.32,3.1692,0.0552,0.2686,1.0513,59.6043,91.2461,0.3263
2026-02-23,100.0,99.5992,79.3587,92.1844,57.4308,89.7796,32.9154,78.8066,280.42,2416454292.56,3.1982,0.0551,0.2337,0.8579,57.4308,90.7501,0.3292
2026-02-24,100.0,100.0,69.7395,83.9679,53.382,90.982,32.1914,75.3573,270.57,2348415020.7,3.2069,0.0553,0.1812,0.741,53.382,91.9919,0.3219
2026-02-25,100.0,100.0,83.3667,90.7816,59.7108,91.984,31.3988,79.7691,290.95,3142498579.0,3.2339,0.0563,0.2588,0.8445,59.7108,93.8924,0.314
2026-02-26,98.7976,98.998,76.5531,82.1643,56.203,87.7756,28.7689,75.4567,282.25,3059976682.5,3.1322,0.0548,0.21,0.7281,56.203,87.7408,0.2877
2026-02-27,97.996,98.7976,70.9419,81.1623,55.1798,87.7756,27.5024,73.7516,279.7,2768688486.3,3.0273,0.0539,0.1881,0.7103,55.1798,87.7892,0.275
2026-03-02,96.1924,98.3968,58.9178,78.5571,51.3796,83.9679,29.3708,69.9744,270.08,2000950878.72,2.8468,0.0514,0.138,0.6881,51.3796,79.5016,0.2937
2026-03-03,95.7916,97.5952,39.8798,73.9479,44.6737,83.7675,37.0555,65.7872,250.61,2501773468.96,2.7398,0.0492,0.0485,0.6107,44.6737,79.245,0.3706
2026-03-04,94.7896,97.3948,51.7034,74.5491,48.6375,82.9659,33.646,67.8365,261.3,2541078481.5,2.6277,0.0484,0.0854,0.623,48.6375,76.1504,0.3365
2026-03-05,91.5832,96.7936,46.8938,69.5391,47.8535,80.5611,31.506,64.8219,259.03,1630786309.29,2.5072,0.0463,0.0691,0.5337,47.8535,71.668,0.3151
2026-03-06,88.978,95.992,27.6553,65.3307,43.2914,81.3627,40.497,60.8846,245.25,1557976376.25,2.4412,0.0456,0.0065,0.4445,43.2914,73.2043,0.405
2026-03-09,88.1764,95.5912,46.6934,70.1403,49.6032,79.7595,32.2185,64.4023,262.06,2719454273.2,2.4169,0.0453,0.0682,0.5457,49.6032,70.8765,0.3222
2026-03-10,87.976,95.5912,50.1002,65.3307,51.0551,79.9599,35.5255,65.0035,266.22,2573789402.88,2.4101,0.0453,0.0775,0.4631,51.0551,70.9997,0.3553
2026-03-11,86.5731,94.7896,51.503,64.3287,51.9826,71.3427,33.5542,63.3476,268.81,1524746232.48,2.3545,0.0445,0.0804,0.436,51.9826,64.1459,0.3355
2026-03-12,85.5711,94.3888,37.4749,66.1323,49.0346,70.5411,35.3091,60.4704,261.18,1417251742.38,2.2928,0.0428,0.0429,0.4811,49.0346,63.1117,0.3531
2026-03-13,82.3647,94.1884,50.9018,72.1443,53.1967,70.9419,35.344,64.0381,272.29,2233091950.37,2.1655,0.0412,0.0789,0.5827,53.1967,63.5052,0.3534
2026-03-16,82.1643,94.1884,58.3166,74.7495,57.8421,74.3487,36.4205,67.0188,286.21,2451394946.62,2.1336,0.0413,0.1239,0.6395,57.8421,66.0475,0.3642
2026-03-17,83.1663,94.5892,78.1563,93.988,65.2144,81.3627,37.1827,75.9666,313.81,4471003267.85,2.2289,0.0437,0.2202,0.8875,65.2144,73.5661,0.3718
2026-03-18,82.9659,94.5892,67.5351,83.9679,61.4768,80.5611,34.3632,71.3923,304.9,3797172767.0,2.209,0.0437,0.1749,0.7422,61.4768,73.0651,0.3436
2026-03-19,82.3647,93.7876,76.7535,84.5691,64.4401,79.9599,32.1734,73.0336,316.93,2881296834.96,2.1855,0.0425,0.2121,0.7502,64.4401,72.4135,0.3217
2026-03-20,82.5651,93.5872,56.7134,75.7515,55.3564,83.3667,34.8373,67.7151,293.1,3774243131.1,2.1928,0.0418,0.1131,0.6582,55.3564,78.2611,0.3484
2026-03-23,81.9639,92.986,56.3126,74.9499,55.8319,83.1663,36.0783,67.5681,294.79,2650283553.48,2.1849,0.0411,0.1104,0.6538,55.8319,77.9364,0.3608
2026-03-24,81.1623,92.7856,58.1162,76.9539,57.6321,82.7655,35.7157,68.1546,301.05,2165956306.65,2.1643,0.0406,0.1255,0.6766,57.6321,76.8379,0.3572
2026-03-25,80.1603,92.5852,55.3106,73.3467,55.714,79.5591,37.9201,66.54,296.14,2263115798.58,2.1138,0.0393,0.1002,0.6313,55.714,72.8969,0.3792
2026-03-26,79.3587,92.1844,27.8557,65.9319,47.7675,82.9659,42.7537,60.2179,273.35,2658822420.1,2.0802,0.0386,0.0111,0.5213,47.7675,77.7014,0.4275
2026-03-27,76.5531,91.984,28.4569,69.3387,48.4588,82.9659,44.1346,60.6845,275.34,1915240534.74,2.0336,0.0377,0.0139,0.5639,48.4588,77.7093,0.4413
2026-03-30,76.1523,91.984,16.6333,62.7255,41.4343,84.1683,46.3996,57.0853,251.67,2280968764.44,2.0321,0.0378,-0.0752,0.4609,41.4343,83.1655,0.464
2026-03-31,75.3507,91.3828,26.0521,61.9238,47.9009,83.9679,36.431,57.7898,270.49,2375311992.35,2.0128,0.0369,-0.0097,0.4411,47.9009,82.8143,0.3643
2026-04-01,76.9539,91.5832,52.9058,70.7415,55.551,88.3768,49.9477,68.1976,297.73,3846648972.52,2.0415,0.0376,0.0841,0.5847,55.551,88.1679,0.4995
2026-04-02,77.7555,92.1844,48.2966,58.7174,54.675,88.3768,53.5099,66.0992,294.97,2318587792.43,2.0585,0.0389,0.07,0.3446,54.675,88.1816,0.5351
2026-04-06,79.3587,92.7856,56.513,65.5311,57.0983,84.7695,53.1059,68.7058,304.15,2594985901.2,2.0871,0.041,0.0984,0.5217,57.0983,85.4923,0.5311
2026-04-07,76.5531,92.7856,58.7174,75.5511,59.1017,83.5671,59.1764,71.1594,311.96,1837914211.76,2.0434,0.0411,0.1205,0.6622,59.1017,83.1687,0.5918
2026-04-08,76.7535,92.986,75.7515,78.1563,65.1247,85.9719,63.0731,76.5546,338.78,3104377329.56,2.0478,0.0412,0.2083,0.69,65.1247,87.1926,0.6307
2026-04-09,78.1563,93.5872,72.9459,70.5411,64.7799,86.5731,61.4425,74.9328,337.88,2159668817.36,2.0633,0.042,0.1978,0.5927,64.7799,87.347,0.6144
2026-04-10,78.9579,94.5892,76.5531,71.3427,65.9761,84.5691,60.5996,75.6876,343.43,2102643649.83,2.0798,0.044,0.212,0.6048,65.9761,86.0494,0.606
2026-04-13,77.1543,94.7896,78.7575,72.7455,67.421,83.9679,60.3959,76.1121,350.16,1901151000.48,2.0568,0.0447,0.2296,0.6287,67.421,85.4506,0.604
2026-04-14,76.7535,95.3908,88.1764,74.1483,70.6267,83.5671,58.3931,78.1663,366.22,2673638915.92,2.0507,0.0453,0.2756,0.6489,70.6267,85.1785,0.5839
2026-04-15,72.5451,94.1884,83.7675,73.9479,70.0627,81.7635,57.9862,76.115,365.0,2350132435.0,1.9571,0.0442,0.263,0.6478,70.0627,79.9018,0.5799
2026-04-16,70.9419,93.3868,80.5611,71.7435,68.4652,81.1623,61.2642,75.0642,361.69,2129421301.49,1.8833,0.0435,0.2454,0.6221,68.4652,79.0141,0.6126
2026-04-17,69.7395,93.3868,87.5752,65.7315,70.8103,80.9619,63.6089,75.941,372.52,2096033325.16,1.8435,0.0437,0.2736,0.54,70.8103,78.6151,0.6361
2026-04-20,68.7375,94.7896,85.9719,65.3307,71.1495,75.7515,63.1596,74.7352,374.11,2024199595.77,1.7685,0.0452,0.2692,0.5377,71.1495,71.7678,0.6316
2026-04-21,68.3367,96.7936,90.7816,71.9439,73.196,75.7515,62.1386,76.8809,383.81,2351115279.87,1.7461,0.047,0.2932,0.6236,73.196,71.8768,0.6214
2026-04-22,68.9379,97.3948,91.3828,70.9419,74.268,75.5511,61.5608,76.9916,389.1,2724413220.3,1.7537,0.0491,0.302,0.6155,74.268,71.8182,0.6156
2026-04-23,69.1383,98.1964,94.3888,69.3387,76.9043,74.7495,60.2508,77.4094,403.12,2730763904.64,1.758,0.0506,0.3363,0.5955,76.9043,71.3719,0.6025
2026-04-24,68.1363,98.3968,92.7856,59.519,77.0631,64.3287,52.5045,72.7764,404.0,2263589780.0,1.733,0.0519,0.3278,0.4444,77.0631,62.1506,0.525
2026-04-27,68.5371,98.998,91.7836,58.9178,74.9989,64.3287,51.2546,72.2121,400.73,2319485750.23,1.7372,0.0548,0.307,0.4394,74.9989,62.7902,0.5125
2026-04-28,68.7375,100.0,84.1683,66.7335,69.0648,59.1182,46.294,69.8726,390.99,2848500560.46,1.7447,0.0575,0.2662,0.5625,69.0648,50.9712,0.4629
2026-04-29,70.5411,100.0,92.5852,63.7275,74.0139,57.9158,51.474,72.4672,412.76,4316652747.96,1.7956,0.0652,0.3256,0.5274,74.0139,48.9931,0.5147
2026-04-30,70.9419,100.0,96.7936,61.1222,77.8316,48.8978,38.4071,70.0472,434.52,5084088658.92,1.8154,0.0682,0.3833,0.4971,77.8316,42.0236,0.3841
2026-05-01,74.3487,100.0,95.5912,69.9399,76.1701,47.6954,36.9836,71.0804,431.52,6682182565.92,1.9338,0.0752,0.361,0.6017,76.1701,41.8192,0.3698
2026-05-04,74.9499,100.0,96.5932,79.5591,77.9977,46.493,35.9884,72.667,442.36,4501290802.08,1.9766,0.0766,0.3815,0.7001,77.9977,41.655,0.3599
2026-05-05,77.1543,100.0,98.5972,73.3467,81.2665,51.9038,37.7979,73.8765,465.26,4556966272.26,2.0449,0.0823,0.4364,0.6465,81.2665,43.1135,0.378
2026-05-06,78.1563,100.0,98.998,77.7555,83.3478,34.8697,33.8421,71.8279,483.15,4028934220.35,2.0555,0.0864,0.4724,0.6894,83.3478,37.0045,0.3384
2026-05-07,79.1583,100.0,97.5952,86.1723,73.8456,48.0962,36.2932,74.3616,463.91,3322855579.56,2.0771,0.0881,0.399,0.7669,73.8456,41.9124,0.3629
2026-05-08,79.9599,100.0,98.1964,84.3687,76.2809,49.499,26.0508,73.2491,480.0,3806233440.0,2.1133,0.0897,0.4304,0.7535,76.2809,42.4108,0.2605
2026-05-11,82.3647,100.0,100.0,88.5772,80.6106,56.513,30.2619,76.7186,515.83,5169914428.28,2.1923,0.0949,0.5159,0.8157,80.6106,46.7362,0.3026
2026-05-12,82.9659,100.0,97.7956,81.7635,70.1798,59.1182,37.2546,75.7424,488.74,3798988238.5,2.2092,0.097,0.418,0.7357,70.1798,52.4061,0.3725
2026-05-13,82.9659,100.0,97.3948,82.3647,70.9785,58.9178,36.8527,75.742,494.09,2852261012.04,2.2115,0.0988,0.4136,0.7391,70.9785,52.0083,0.3685
2026-05-14,82.9659,100.0,94.99,72.7455,69.1371,58.9178,37.08,73.6681,489.15,2710319006.25,2.217,0.0998,0.3814,0.6494,69.1371,52.0674,0.3708
2026-05-15,83.7675,100.0,92.3848,76.9539,66.4573,59.1182,41.4826,74.321,482.02,3381059879.12,2.2399,0.1024,0.3444,0.6933,66.4573,52.8028,0.4148
2026-05-18,84.9699,100.0,80.7615,68.1363,58.4681,60.9218,41.6059,70.3442,458.68,4126576541.8,2.2837,0.1048,0.2642,0.6065,58.4681,57.2485,0.4161
2026-05-19,84.5691,100.0,75.5511,70.1403,57.5488,60.7214,42.0981,69.4944,455.8,2685389456.8,2.2803,0.1055,0.243,0.6254,57.5488,57.2295,0.421
2026-05-20,83.7675,99.5992,74.7495,77.9559,58.4813,60.521,41.6786,70.3464,459.62,2441359417.42,2.2599,0.1045,0.2404,0.6987,58.4813,57.1978,0.4168
2026-05-21,82.9659,99.7996,87.7756,74.1483,64.3987,62.1242,47.2208,73.9438,486.46,2455077030.12,2.2396,0.1053,0.2975,0.672,64.3987,59.012,0.4722
2026-05-22,81.9639,99.7996,84.7695,80.1603,63.6058,62.1242,49.6083,74.373,484.28,2175738315.84,2.2266,0.1053,0.2765,0.7158,63.6058,59.1675,0.4961
2026-05-26,83.3667,100.0,93.988,93.3868,70.7808,65.3307,49.9454,79.6801,524.65,3962423846.85,2.2566,0.1066,0.3648,0.8758,70.7808,63.8649,0.4995
2026-05-27,83.1663,100.0,93.5872,95.7916,71.6674,63.9279,48.9751,79.6633,530.6,3327452557.8,2.2549,0.1071,0.3629,0.9646,71.6674,62.2777,0.4898
2026-05-28,80.5611,99.1984,92.3848,98.5972,71.7573,63.1263,49.6854,79.368,531.18,3188552430.96,2.2056,0.1053,0.3494,1.1195,71.7573,60.709,0.4969
2026-05-29,78.7575,99.3988,90.3808,96.5932,71.7623,61.3226,48.9379,78.034,531.21,4457672088.24,2.166,0.1054,0.3341,1.033,71.7623,59.0739,0.4894
2026-06-01,74.5491,97.996,92.7856,97.7956,74.2158,61.1222,52.5146,78.6755,546.2,3408776849.0,2.0543,0.1004,0.3561,1.1086,74.2158,59.0376,0.5251
2026-06-02,71.1423,97.7956,94.5892,99.7996,76.6763,61.523,53.6264,79.2787,563.1,2831859744.3,1.9938,0.0999,0.3796,1.296,76.6763,59.2372,0.5363
2026-06-03,70.7415,97.1944,97.996,99.5992,80.3767,61.7234,52.2887,80.0092,594.11,4661422706.6,1.9766,0.0984,0.4345,1.2671,80.3767,59.5166,0.5229
2026-06-04,70.1403,96.994,93.5872,98.998,72.9017,62.9259,54.4897,78.6901,575.5,3733921692.5,1.9541,0.0981,0.3714,1.1617,72.9017,60.6728,0.5449
2026-06-05,70.5411,96.5932,67.5351,93.3868,54.2728,77.7555,63.6902,74.3996,511.72,4610180148.2,1.9715,0.0956,0.207,0.9036,54.2728,73.6967,0.6369
2026-06-08,69.7395,96.1924,70.9419,94.5892,57.0889,77.1543,59.6728,74.6899,526.93,3280774200.65,1.9439,0.0947,0.2282,1.0175,57.0889,73.4636,0.5967
2026-06-09,67.9359,95.7916,63.3267,92.986,54.8847,72.5451,57.6346,71.3982,517.72,3768281969.2,1.8903,0.0889,0.1933,0.9014,54.8847,69.3424,0.5763
2026-06-10,66.9339,95.3908,50.7014,77.3547,48.7978,72.5451,57.0132,65.6362,490.09,2929887893.85,1.855,0.0873,0.1173,0.7123,48.7978,69.4361,0.5701
2026-06-11,67.1343,94.99,63.1263,72.9459,56.2168,78.3567,55.5706,68.847,529.29,3352841492.58,1.8559,0.0846,0.1926,0.6867,56.2168,74.5627,0.5557
2026-06-12,67.3347,94.99,75.9519,88.3768,61.3867,79.5591,55.2746,74.4098,562.925,3541557635.825,1.8666,0.0847,0.2534,0.8463,61.3867,77.1374,0.5527
2026-06-15,68.7375,95.5912,97.7956,96.3928,71.2387,90.3808,57.1134,83.1358,653.53,6223490380.52,1.9195,0.0882,0.4323,1.0621,71.2387,91.6084,0.5711
2026-06-16,74.3487,95.992,98.5972,100.0,73.4564,88.5772,53.6607,84.1523,681.08,10801984648.56,2.0542,0.0947,0.4684,1.3237,73.4564,88.7107,0.5366
2026-06-17,80.1603,97.7956,99.7996,100.0,75.728,88.1764,55.2003,85.8428,712.13,9662910485.38,2.1953,0.1002,0.5093,1.4157,75.728,88.5662,0.552
2026-06-18,87.7756,100.0,100.0,100.0,77.9589,88.5772,55.06,87.5078,746.23,12449903569.05,2.3954,0.1087,0.5547,1.4788,77.9589,88.8127,0.5506
2026-06-22,92.7856,100.0,99.3988,99.7996,74.9961,88.5772,54.1755,87.68,732.62,9641353927.24,2.5291,0.1166,0.5016,1.4739,74.9961,89.1688,0.5418
2026-06-23,94.99,100.0,91.1824,99.5992,63.2316,92.1844,61.3162,86.7731,670.75,8508077398.0,2.6434,0.1213,0.3566,1.4538,63.2316,96.8977,0.6132
2026-06-24,95.1904,100.0,83.7675,99.1984,58.902,91.984,58.4296,84.3641,643.83,7863989426.04,2.6987,0.1241,0.2869,1.3383,58.902,95.8496,0.5843
2026-06-25,95.992,100.0,88.1764,100.0,62.1722,91.984,59.3676,85.954,675.39,7934847781.38,2.7692,0.1281,0.3335,1.6836,62.1722,96.7773,0.5937
2026-06-26,97.1944,100.0,51.7034,97.5952,50.0788,95.992,63.0558,78.4242,586.45,13725495718.75,2.9447,0.1366,0.1479,1.1681,50.0788,111.046,0.6306
2026-06-29,97.5952,100.0,75.3507,97.5952,56.7447,95.992,60.1179,83.4396,651.88,7345951627.48,2.9732,0.1395,0.2616,1.1895,56.7447,116.6284,0.6012
2026-06-30,97.7956,100.0,68.5371,97.1944,55.1496,95.992,59.5369,81.8002,638.72,5925575978.24,3.0,0.1409,0.2235,1.1654,55.1496,116.9194,0.5954
2026-07-01,97.7956,100.0,50.1002,92.1844,50.4656,95.992,61.225,77.1461,598.37,4747523228.41,3.0199,0.1413,0.1365,0.9674,50.4656,119.3721,0.6122
2026-07-02,97.3948,99.5992,30.0601,75.5511,44.4795,95.992,64.4834,70.4331,539.0,4827359999.0,2.9995,0.1408,0.0177,0.7278,44.4795,123.6058,0.6448
2026-07-06,97.1944,100.0,44.2886,73.3467,48.7227,96.1924,63.5077,73.2662,577.46,4389084053.12,2.9929,0.1415,0.0826,0.7045,48.7227,125.8447,0.6351
2026-07-07,96.3928,100.0,26.6533,58.7174,44.4116,95.5912,61.7276,66.6362,532.1,4253319001.8,2.9655,0.1467,-0.0072,0.5748,44.4116,122.0022,0.6173
2026-07-08,96.1924,100.0,30.6613,61.3226,46.4587,95.5912,63.8611,68.3232,550.3,3780574207.2,2.9597,0.1479,0.0212,0.6024,46.4587,122.1409,0.6386
