date,ticker,market,foreign_net_shares,institution_net_shares,individual_net_shares,foreign_holding_ratio_pct,close_krw,volume_shares,source,source_url
2025-01-02,000660,ALL,-268540,-186401,454167,54.67,171200,2102175,Naver Finance,https://m.stock.naver.com/domestic/stock/000660/tradingTrend?marketType=ALL
2025-01-02,000660,KRX,-268540,-186401,454167,54.67,171200,2102175,Naver Finance,https://m.stock.naver.com/domestic/stock/000660/tradingTrend?marketType=KRX
2025-01-03,000660,ALL,877935,521018,-1406538,54.8,181900,4233446,Naver Finance,https://m.stock.naver.com/domestic/stock/000660/tradingTrend?marketType=ALL
2025-01-03,000660,KRX,877935,521018,-1406538,54.8,181900,4233446,Naver Finance,https://m.stock.naver.com/domestic/stock/000660/tradingTrend?marketType=KRX
2025-01-06,000660,ALL,1474612,280519,-1786578,55.0,199800,7320382,Naver Finance,https://m.stock.naver.com/domestic/stock/000660/tradingTrend?marketType=ALL
2025-01-06,000660,KRX,1474612,280519,-1786578,55.0,199800,7320382,Naver Finance,https://m.stock.naver.com/domestic/stock/000660/tradingTrend?marketType=KRX
2025-01-07,000660,ALL,-89178,84953,17897,54.98,195000,6075445,Naver Finance,https://m.stock.naver.com/domestic/stock/000660/tradingTrend?marketType=ALL
2025-01-07,000660,KRX,-89178,84953,17897,54.98,195000,6075445,Naver Finance,https://m.stock.naver.com/domestic/stock/000660/tradingTrend?marketType=KRX
2025-01-08,000660,ALL,-87724,-65165,119808,54.97,194700,4275792,Naver Finance,https://m.stock.naver.com/domestic/stock/000660/tradingTrend?marketType=ALL
2025-01-08,000660,KRX,-87724,-65165,119808,54.97,194700,4275792,Naver Finance,https://m.stock.naver.com/domestic/stock/000660/tradingTrend?marketType=KRX
2025-01-09,000660,ALL,2187064,-320660,-1829915,55.27,205000,6692254,Naver Finance,https://m.stock.naver.com/domestic/stock/000660/tradingTrend?marketType=ALL
2025-01-09,000660,KRX,2187064,-320660,-1829915,55.27,205000,6692254,Naver Finance,https://m.stock.naver.com/domestic/stock/000660/tradingTrend?marketType=KRX
2025-01-10,000660,ALL,698663,-426839,-256371,55.37,203500,6149475,Naver Finance,https://m.stock.naver.com/domestic/stock/000660/tradingTrend?marketType=ALL
2025-01-10,000660,KRX,698663,-426839,-256371,55.37,203500,6149475,Naver Finance,https://m.stock.naver.com/domestic/stock/000660/tradingTrend?marketType=KRX
2025-01-13,000660,ALL,-858270,75277,775669,55.26,194300,4767294,Naver Finance,https://m.stock.naver.com/domestic/stock/000660/tradingTrend?marketType=ALL
2025-01-13,000660,KRX,-858270,75277,775669,55.26,194300,4767294,Naver Finance,https://m.stock.naver.com/domestic/stock/000660/tradingTrend?marketType=KRX
2025-01-14,000660,ALL,-312171,-98365,410389,55.21,195000,3019149,Naver Finance,https://m.stock.naver.com/domestic/stock/000660/tradingTrend?marketType=ALL
2025-01-14,000660,KRX,-312171,-98365,410389,55.21,195000,3019149,Naver Finance,https://m.stock.naver.com/domestic/stock/000660/tradingTrend?marketType=KRX
2025-01-15,000660,ALL,642043,-260055,-446727,55.32,198200,3620460,Naver Finance,https://m.stock.naver.com/domestic/stock/000660/tradingTrend?marketType=ALL
2025-01-15,000660,KRX,642043,-260055,-446727,55.32,198200,3620460,Naver Finance,https://m.stock.naver.com/domestic/stock/000660/tradingTrend?marketType=KRX
2025-01-16,000660,ALL,2320966,-172295,-2108693,55.63,210000,6029645,Naver Finance,https://m.stock.naver.com/domestic/stock/000660/tradingTrend?marketType=ALL
2025-01-16,000660,KRX,2320966,-172295,-2108693,55.63,210000,6029645,Naver Finance,https://m.stock.naver.com/domestic/stock/000660/tradingTrend?marketType=KRX
2025-01-17,000660,ALL,1010451,-16007,-980145,55.77,214500,5041329,Naver Finance,https://m.stock.naver.com/domestic/stock/000660/tradingTrend?marketType=ALL
2025-01-17,000660,KRX,1010451,-16007,-980145,55.77,214500,5041329,Naver Finance,https://m.stock.naver.com/domestic/stock/000660/tradingTrend?marketType=KRX
2025-01-20,000660,ALL,-16603,16646,-7026,55.77,212000,3036234,Naver Finance,https://m.stock.naver.com/domestic/stock/000660/tradingTrend?marketType=ALL
2025-01-20,000660,KRX,-16603,16646,-7026,55.77,212000,3036234,Naver Finance,https://m.stock.naver.com/domestic/stock/000660/tradingTrend?marketType=KRX
2025-01-21,000660,ALL,350669,-136234,-204695,55.82,218000,3323212,Naver Finance,https://m.stock.naver.com/domestic/stock/000660/tradingTrend?marketType=ALL
2025-01-21,000660,KRX,350669,-136234,-204695,55.82,218000,3323212,Naver Finance,https://m.stock.naver.com/domestic/stock/000660/tradingTrend?marketType=KRX
2025-01-22,000660,ALL,1120727,75134,-1189617,55.97,225500,5901740,Naver Finance,https://m.stock.naver.com/domestic/stock/000660/tradingTrend?marketType=ALL
2025-01-22,000660,KRX,1120727,75134,-1189617,55.97,225500,5901740,Naver Finance,https://m.stock.naver.com/domestic/stock/000660/tradingTrend?marketType=KRX
2025-01-23,000660,ALL,-602885,-91007,672916,55.88,219500,5994781,Naver Finance,https://m.stock.naver.com/domestic/stock/000660/tradingTrend?marketType=ALL
2025-01-23,000660,KRX,-602885,-91007,672916,55.88,219500,5994781,Naver Finance,https://m.stock.naver.com/domestic/stock/000660/tradingTrend?marketType=KRX
2025-01-24,000660,ALL,73967,-193271,99982,55.89,221000,3771572,Naver Finance,https://m.stock.naver.com/domestic/stock/000660/tradingTrend?marketType=ALL
2025-01-24,000660,KRX,73967,-193271,99982,55.89,221000,3771572,Naver Finance,https://m.stock.naver.com/domestic/stock/000660/tradingTrend?marketType=KRX
2025-01-31,000660,ALL,-1976027,-36583,2003969,55.62,199200,11871995,Naver Finance,https://m.stock.naver.com/domestic/stock/000660/tradingTrend?marketType=ALL
2025-01-31,000660,KRX,-1976027,-36583,2003969,55.62,199200,11871995,Naver Finance,https://m.stock.naver.com/domestic/stock/000660/tradingTrend?marketType=KRX
2025-02-03,000660,ALL,168039,-220151,59426,55.64,190900,7926444,Naver Finance,https://m.stock.naver.com/domestic/stock/000660/tradingTrend?marketType=ALL
2025-02-03,000660,KRX,168039,-220151,59426,55.64,190900,7926444,Naver Finance,https://m.stock.naver.com/domestic/stock/000660/tradingTrend?marketType=KRX
2025-02-04,000660,ALL,-761014,99208,649193,55.51,191100,5851146,Naver Finance,https://m.stock.naver.com/domestic/stock/000660/tradingTrend?marketType=ALL
2025-02-04,000660,KRX,-761014,99208,649193,55.51,191100,5851146,Naver Finance,https://m.stock.naver.com/domestic/stock/000660/tradingTrend?marketType=KRX
2025-02-05,000660,ALL,831202,-64178,-758544,55.63,198800,4245118,Naver Finance,https://m.stock.naver.com/domestic/stock/000660/tradingTrend?marketType=ALL
2025-02-05,000660,KRX,831202,-64178,-758544,55.63,198800,4245118,Naver Finance,https://m.stock.naver.com/domestic/stock/000660/tradingTrend?marketType=KRX
2025-02-06,000660,ALL,1065778,-391203,-664054,55.76,203500,4032622,Naver Finance,https://m.stock.naver.com/domestic/stock/000660/tradingTrend?marketType=ALL
2025-02-06,000660,KRX,1065778,-391203,-664054,55.76,203500,4032622,Naver Finance,https://m.stock.naver.com/domestic/stock/000660/tradingTrend?marketType=KRX
2025-02-07,000660,ALL,361984,-259811,-103974,55.8,203000,2206293,Naver Finance,https://m.stock.naver.com/domestic/stock/000660/tradingTrend?marketType=ALL
2025-02-07,000660,KRX,361984,-259811,-103974,55.8,203000,2206293,Naver Finance,https://m.stock.naver.com/domestic/stock/000660/tradingTrend?marketType=KRX
2025-02-10,000660,ALL,38056,-50344,106871,55.8,198100,2779740,Naver Finance,https://m.stock.naver.com/domestic/stock/000660/tradingTrend?marketType=ALL
2025-02-10,000660,KRX,38056,-50344,106871,55.8,198100,2779740,Naver Finance,https://m.stock.naver.com/domestic/stock/000660/tradingTrend?marketType=KRX
2025-02-11,000660,ALL,44776,-22898,-75198,55.81,199700,2488710,Naver Finance,https://m.stock.naver.com/domestic/stock/000660/tradingTrend?marketType=ALL
2025-02-11,000660,KRX,44776,-22898,-75198,55.81,199700,2488710,Naver Finance,https://m.stock.naver.com/domestic/stock/000660/tradingTrend?marketType=KRX
2025-02-12,000660,ALL,279295,-60888,-200709,55.85,198900,2884072,Naver Finance,https://m.stock.naver.com/domestic/stock/000660/tradingTrend?marketType=ALL
2025-02-12,000660,KRX,279295,-60888,-200709,55.85,198900,2884072,Naver Finance,https://m.stock.naver.com/domestic/stock/000660/tradingTrend?marketType=KRX
2025-02-13,000660,ALL,204922,874515,-1061995,55.88,208500,3574410,Naver Finance,https://m.stock.naver.com/domestic/stock/000660/tradingTrend?marketType=ALL
2025-02-13,000660,KRX,204922,874515,-1061995,55.88,208500,3574410,Naver Finance,https://m.stock.naver.com/domestic/stock/000660/tradingTrend?marketType=KRX
2025-02-14,000660,ALL,643588,-86090,-546333,55.97,210000,2598656,Naver Finance,https://m.stock.naver.com/domestic/stock/000660/tradingTrend?marketType=ALL
2025-02-14,000660,KRX,643588,-86090,-546333,55.97,210000,2598656,Naver Finance,https://m.stock.naver.com/domestic/stock/000660/tradingTrend?marketType=KRX
2025-02-17,000660,ALL,274834,-45112,-236294,56.01,212000,2497922,Naver Finance,https://m.stock.naver.com/domestic/stock/000660/tradingTrend?marketType=ALL
2025-02-17,000660,KRX,274834,-45112,-236294,56.01,212000,2497922,Naver Finance,https://m.stock.naver.com/domestic/stock/000660/tradingTrend?marketType=KRX
2025-02-18,000660,ALL,-136958,92001,53979,55.98,210000,1937894,Naver Finance,https://m.stock.naver.com/domestic/stock/000660/tradingTrend?marketType=ALL
2025-02-18,000660,KRX,-136958,92001,53979,55.98,210000,1937894,Naver Finance,https://m.stock.naver.com/domestic/stock/000660/tradingTrend?marketType=KRX
2025-02-19,000660,ALL,790992,307676,-1100989,56.08,218500,3537720,Naver Finance,https://m.stock.naver.com/domestic/stock/000660/tradingTrend?marketType=ALL
2025-02-19,000660,KRX,790992,307676,-1100989,56.08,218500,3537720,Naver Finance,https://m.stock.naver.com/domestic/stock/000660/tradingTrend?marketType=KRX
2025-02-20,000660,ALL,-188577,52894,118557,56.02,212000,3080242,Naver Finance,https://m.stock.naver.com/domestic/stock/000660/tradingTrend?marketType=ALL
2025-02-20,000660,KRX,-188577,52894,118557,56.02,212000,3080242,Naver Finance,https://m.stock.naver.com/domestic/stock/000660/tradingTrend?marketType=KRX
2025-02-21,000660,ALL,-199393,111487,88016,55.99,209500,2601151,Naver Finance,https://m.stock.naver.com/domestic/stock/000660/tradingTrend?marketType=ALL
2025-02-21,000660,KRX,-199393,111487,88016,55.99,209500,2601151,Naver Finance,https://m.stock.naver.com/domestic/stock/000660/tradingTrend?marketType=KRX
2025-02-24,000660,ALL,-207539,-133939,351723,55.95,205000,3087127,Naver Finance,https://m.stock.naver.com/domestic/stock/000660/tradingTrend?marketType=ALL
2025-02-24,000660,KRX,-207539,-133939,351723,55.95,205000,3087127,Naver Finance,https://m.stock.naver.com/domestic/stock/000660/tradingTrend?marketType=KRX
2025-02-25,000660,ALL,-472244,-16013,556874,55.84,200500,3651613,Naver Finance,https://m.stock.naver.com/domestic/stock/000660/tradingTrend?marketType=ALL
2025-02-25,000660,KRX,-472244,-16013,556874,55.84,200500,3651613,Naver Finance,https://m.stock.naver.com/domestic/stock/000660/tradingTrend?marketType=KRX
2025-02-26,000660,ALL,323581,-306619,-64344,55.88,203000,3849749,Naver Finance,https://m.stock.naver.com/domestic/stock/000660/tradingTrend?marketType=ALL
2025-02-26,000660,KRX,323581,-306619,-64344,55.88,203000,3849749,Naver Finance,https://m.stock.naver.com/domestic/stock/000660/tradingTrend?marketType=KRX
2025-02-27,000660,ALL,-679595,-115213,794256,55.56,199200,3993419,Naver Finance,https://m.stock.naver.com/domestic/stock/000660/tradingTrend?marketType=ALL
2025-02-27,000660,KRX,-679595,-115213,794256,55.56,199200,3993419,Naver Finance,https://m.stock.naver.com/domestic/stock/000660/tradingTrend?marketType=KRX
2025-02-28,000660,ALL,-1249315,-101909,1272917,55.38,190200,5533027,Naver Finance,https://m.stock.naver.com/domestic/stock/000660/tradingTrend?marketType=ALL
2025-02-28,000660,KRX,-1249315,-101909,1272917,55.38,190200,5533027,Naver Finance,https://m.stock.naver.com/domestic/stock/000660/tradingTrend?marketType=KRX
2025-03-04,000660,ALL,-948069,147666,751829,55.28,186100,5424556,Naver Finance,https://m.stock.naver.com/domestic/stock/000660/tradingTrend?marketType=ALL
2025-03-04,000660,KRX,-948069,147666,751829,55.28,186100,5424556,Naver Finance,https://m.stock.naver.com/domestic/stock/000660/tradingTrend?marketType=KRX
2025-03-05,000660,ALL,243684,70377,-242654,55.31,193100,4162368,Naver Finance,https://m.stock.naver.com/domestic/stock/000660/tradingTrend?marketType=ALL
2025-03-05,000660,KRX,243684,70377,-242654,55.31,193100,4162368,Naver Finance,https://m.stock.naver.com/domestic/stock/000660/tradingTrend?marketType=KRX
2025-03-06,000660,ALL,198976,-158635,-34079,55.34,192400,2540131,Naver Finance,https://m.stock.naver.com/domestic/stock/000660/tradingTrend?marketType=ALL
2025-03-06,000660,KRX,198976,-158635,-34079,55.34,192400,2540131,Naver Finance,https://m.stock.naver.com/domestic/stock/000660/tradingTrend?marketType=KRX
2025-03-07,000660,ALL,217049,-256629,29617,55.4,192400,2700590,Naver Finance,https://m.stock.naver.com/domestic/stock/000660/tradingTrend?marketType=ALL
2025-03-07,000660,KRX,217049,-256629,29617,55.4,192400,2700590,Naver Finance,https://m.stock.naver.com/domestic/stock/000660/tradingTrend?marketType=KRX
2025-03-10,000660,ALL,-770733,52736,686511,55.29,187900,2441476,Naver Finance,https://m.stock.naver.com/domestic/stock/000660/tradingTrend?marketType=ALL
2025-03-10,000660,KRX,-770733,52736,686511,55.29,187900,2441476,Naver Finance,https://m.stock.naver.com/domestic/stock/000660/tradingTrend?marketType=KRX
2025-03-11,000660,ALL,-209832,26690,141897,55.26,187800,3521800,Naver Finance,https://m.stock.naver.com/domestic/stock/000660/tradingTrend?marketType=ALL
2025-03-11,000660,KRX,-209832,26690,141897,55.26,187800,3521800,Naver Finance,https://m.stock.naver.com/domestic/stock/000660/tradingTrend?marketType=KRX
2025-03-12,000660,ALL,736357,548170,-1291142,55.4,198900,4064278,Naver Finance,https://m.stock.naver.com/domestic/stock/000660/tradingTrend?marketType=ALL
2025-03-12,000660,KRX,736357,548170,-1291142,55.4,198900,4064278,Naver Finance,https://m.stock.naver.com/domestic/stock/000660/tradingTrend?marketType=KRX
2025-03-13,000660,ALL,-714876,1046269,-326773,55.32,199700,3883033,Naver Finance,https://m.stock.naver.com/domestic/stock/000660/tradingTrend?marketType=ALL
2025-03-13,000660,KRX,-714876,1046269,-326773,55.32,199700,3883033,Naver Finance,https://m.stock.naver.com/domestic/stock/000660/tradingTrend?marketType=KRX
2025-03-14,000660,ALL,871561,286681,-1138446,55.47,204500,3397462,Naver Finance,https://m.stock.naver.com/domestic/stock/000660/tradingTrend?marketType=ALL
2025-03-14,000660,KRX,871561,286681,-1138446,55.47,204500,3397462,Naver Finance,https://m.stock.naver.com/domestic/stock/000660/tradingTrend?marketType=KRX
2025-03-17,000660,ALL,-58380,421970,-350963,55.47,206000,2584679,Naver Finance,https://m.stock.naver.com/domestic/stock/000660/tradingTrend?marketType=ALL
2025-03-17,000660,KRX,-58380,421970,-350963,55.47,206000,2584679,Naver Finance,https://m.stock.naver.com/domestic/stock/000660/tradingTrend?marketType=KRX
2025-03-18,000660,ALL,-89215,181450,-41868,55.45,203000,2696191,Naver Finance,https://m.stock.naver.com/domestic/stock/000660/tradingTrend?marketType=ALL
2025-03-18,000660,KRX,-89215,181450,-41868,55.45,203000,2696191,Naver Finance,https://m.stock.naver.com/domestic/stock/000660/tradingTrend?marketType=KRX
2025-03-19,000660,ALL,113503,60599,-176633,55.48,205500,3102000,Naver Finance,https://m.stock.naver.com/domestic/stock/000660/tradingTrend?marketType=ALL
2025-03-19,000660,KRX,113503,60599,-176633,55.48,205500,3102000,Naver Finance,https://m.stock.naver.com/domestic/stock/000660/tradingTrend?marketType=KRX
2025-03-20,000660,ALL,645001,197431,-836661,55.59,210000,2779557,Naver Finance,https://m.stock.naver.com/domestic/stock/000660/tradingTrend?marketType=ALL
2025-03-20,000660,KRX,645001,197431,-836661,55.59,210000,2779557,Naver Finance,https://m.stock.naver.com/domestic/stock/000660/tradingTrend?marketType=KRX
2025-03-21,000660,ALL,1294123,-276739,-1007324,55.78,215500,5731880,Naver Finance,https://m.stock.naver.com/domestic/stock/000660/tradingTrend?marketType=ALL
2025-03-21,000660,KRX,1294123,-276739,-1007324,55.78,215500,5731880,Naver Finance,https://m.stock.naver.com/domestic/stock/000660/tradingTrend?marketType=KRX
2025-03-24,000660,ALL,-55563,-33963,94309,55.74,213000,1874222,Naver Finance,https://m.stock.naver.com/domestic/stock/000660/tradingTrend?marketType=ALL
2025-03-24,000660,KRX,-56079,-34263,88156,55.74,211500,1611040,Naver Finance,https://m.stock.naver.com/domestic/stock/000660/tradingTrend?marketType=KRX
2025-03-24,000660,NXT,516,300,6153,55.74,213000,263182,Naver Finance,https://m.stock.naver.com/domestic/stock/000660/tradingTrend?marketType=NXT
2025-03-25,000660,ALL,-255021,186980,68310,55.72,208500,2611583,Naver Finance,https://m.stock.naver.com/domestic/stock/000660/tradingTrend?marketType=ALL
2025-03-25,000660,KRX,-253604,186842,66694,55.72,208000,2262656,Naver Finance,https://m.stock.naver.com/domestic/stock/000660/tradingTrend?marketType=KRX
2025-03-25,000660,NXT,-1417,138,1616,55.72,208500,348927,Naver Finance,https://m.stock.naver.com/domestic/stock/000660/tradingTrend?marketType=NXT
2025-03-26,000660,ALL,449239,-25975,-429045,55.77,214000,2383389,Naver Finance,https://m.stock.naver.com/domestic/stock/000660/tradingTrend?marketType=ALL
2025-03-26,000660,KRX,449600,-23882,-425803,55.77,214000,2058540,Naver Finance,https://m.stock.naver.com/domestic/stock/000660/tradingTrend?marketType=KRX
2025-03-26,000660,NXT,-361,-2093,-3242,55.77,214000,324849,Naver Finance,https://m.stock.naver.com/domestic/stock/000660/tradingTrend?marketType=NXT
2025-03-27,000660,ALL,-77240,-186415,280321,55.71,207000,2703516,Naver Finance,https://m.stock.naver.com/domestic/stock/000660/tradingTrend?marketType=ALL
2025-03-27,000660,KRX,-77517,-182361,261689,55.71,207000,2287220,Naver Finance,https://m.stock.naver.com/domestic/stock/000660/tradingTrend?marketType=KRX
2025-03-27,000660,NXT,277,-4054,18632,55.71,207000,416296,Naver Finance,https://m.stock.naver.com/domestic/stock/000660/tradingTrend?marketType=NXT
2025-03-28,000660,ALL,-715257,17122,687287,55.53,199700,3083665,Naver Finance,https://m.stock.naver.com/domestic/stock/000660/tradingTrend?marketType=ALL
2025-03-28,000660,KRX,-713734,16979,683524,55.53,199300,2673553,Naver Finance,https://m.stock.naver.com/domestic/stock/000660/tradingTrend?marketType=KRX
2025-03-28,000660,NXT,-1523,143,3763,55.53,199700,410112,Naver Finance,https://m.stock.naver.com/domestic/stock/000660/tradingTrend?marketType=NXT
2025-03-31,000660,ALL,-1758219,873433,867491,55.35,190600,5017005,Naver Finance,https://m.stock.naver.com/domestic/stock/000660/tradingTrend?marketType=ALL
2025-03-31,000660,KRX,-1759080,869475,871776,55.35,190700,4561715,Naver Finance,https://m.stock.naver.com/domestic/stock/000660/tradingTrend?marketType=KRX
2025-03-31,000660,NXT,861,3958,-4285,55.35,190600,455290,Naver Finance,https://m.stock.naver.com/domestic/stock/000660/tradingTrend?marketType=NXT
2025-04-01,000660,ALL,88379,-29751,-60991,55.38,197600,2788275,Naver Finance,https://m.stock.naver.com/domestic/stock/000660/tradingTrend?marketType=ALL
2025-04-01,000660,KRX,88403,-25592,-62870,55.38,197000,2317253,Naver Finance,https://m.stock.naver.com/domestic/stock/000660/tradingTrend?marketType=KRX
2025-04-01,000660,NXT,-24,-4159,1879,55.38,197600,471022,Naver Finance,https://m.stock.naver.com/domestic/stock/000660/tradingTrend?marketType=NXT
2025-04-02,000660,ALL,-636732,788259,-150798,55.36,197100,3063282,Naver Finance,https://m.stock.naver.com/domestic/stock/000660/tradingTrend?marketType=ALL
2025-04-02,000660,KRX,-625098,782594,-154266,55.36,197900,2764223,Naver Finance,https://m.stock.naver.com/domestic/stock/000660/tradingTrend?marketType=KRX
2025-04-02,000660,NXT,-11634,5665,3468,55.36,197100,299059,Naver Finance,https://m.stock.naver.com/domestic/stock/000660/tradingTrend?marketType=NXT
2025-04-03,000660,ALL,-1739034,943201,781360,55.14,193400,4642043,Naver Finance,https://m.stock.naver.com/domestic/stock/000660/tradingTrend?marketType=ALL
2025-04-03,000660,KRX,-1735255,926137,795510,55.14,194600,4177747,Naver Finance,https://m.stock.naver.com/domestic/stock/000660/tradingTrend?marketType=KRX
2025-04-03,000660,NXT,-3779,17064,-14150,55.14,193400,464296,Naver Finance,https://m.stock.naver.com/domestic/stock/000660/tradingTrend?marketType=NXT
2025-04-04,000660,ALL,-5109940,1515551,3577959,54.45,179700,10814345,Naver Finance,https://m.stock.naver.com/domestic/stock/000660/tradingTrend?marketType=ALL
2025-04-04,000660,KRX,-5064177,1508952,3541056,54.45,182200,9182017,Naver Finance,https://m.stock.naver.com/domestic/stock/000660/tradingTrend?marketType=KRX
2025-04-04,000660,NXT,-45763,6599,36903,54.45,179700,1632328,Naver Finance,https://m.stock.naver.com/domestic/stock/000660/tradingTrend?marketType=NXT
2025-04-07,000660,ALL,-2330323,-462798,2737797,54.18,168100,9647619,Naver Finance,https://m.stock.naver.com/domestic/stock/000660/tradingTrend?marketType=ALL
2025-04-07,000660,KRX,-2315622,-443563,2707586,54.18,164800,7879050,Naver Finance,https://m.stock.naver.com/domestic/stock/000660/tradingTrend?marketType=KRX
2025-04-07,000660,NXT,-14701,-19235,30211,54.18,168100,1768569,Naver Finance,https://m.stock.naver.com/domestic/stock/000660/tradingTrend?marketType=NXT
2025-04-08,000660,ALL,-23614,-141438,114705,54.17,170700,6231596,Naver Finance,https://m.stock.naver.com/domestic/stock/000660/tradingTrend?marketType=ALL
2025-04-08,000660,KRX,-24393,-141905,129064,54.17,169500,4965171,Naver Finance,https://m.stock.naver.com/domestic/stock/000660/tradingTrend?marketType=KRX
2025-04-08,000660,NXT,779,467,-14359,54.17,170700,1266425,Naver Finance,https://m.stock.naver.com/domestic/stock/000660/tradingTrend?marketType=NXT
2025-04-09,000660,ALL,-1725675,279495,1376591,53.94,167300,9397414,Naver Finance,https://m.stock.naver.com/domestic/stock/000660/tradingTrend?marketType=ALL
2025-04-09,000660,KRX,-1699546,270192,1364721,53.94,165000,8035679,Naver Finance,https://m.stock.naver.com/domestic/stock/000660/tradingTrend?marketType=KRX
2025-04-09,000660,NXT,-26129,9303,11870,53.94,167300,1361735,Naver Finance,https://m.stock.naver.com/domestic/stock/000660/tradingTrend?marketType=NXT
2025-04-10,000660,ALL,167612,364637,-532223,53.96,181000,11324863,Naver Finance,https://m.stock.naver.com/domestic/stock/000660/tradingTrend?marketType=ALL
2025-04-10,000660,KRX,174098,347150,-493139,53.96,183200,7836984,Naver Finance,https://m.stock.naver.com/domestic/stock/000660/tradingTrend?marketType=KRX
2025-04-10,000660,NXT,-6486,17487,-39084,53.96,181000,3487879,Naver Finance,https://m.stock.naver.com/domestic/stock/000660/tradingTrend?marketType=NXT
2025-04-11,000660,ALL,-868522,117489,736330,53.8,181300,4422146,Naver Finance,https://m.stock.naver.com/domestic/stock/000660/tradingTrend?marketType=ALL
2025-04-11,000660,KRX,-866060,130155,724617,53.8,180800,3223735,Naver Finance,https://m.stock.naver.com/domestic/stock/000660/tradingTrend?marketType=KRX
2025-04-11,000660,NXT,-2462,-12666,11713,53.8,181300,1198411,Naver Finance,https://m.stock.naver.com/domestic/stock/000660/tradingTrend?marketType=NXT
2025-04-14,000660,ALL,-587119,-36871,611554,53.71,180100,4943140,Naver Finance,https://m.stock.naver.com/domestic/stock/000660/tradingTrend?marketType=ALL
2025-04-14,000660,KRX,-587439,-58393,635784,53.71,180200,3466194,Naver Finance,https://m.stock.naver.com/domestic/stock/000660/tradingTrend?marketType=KRX
2025-04-14,000660,NXT,320,21522,-24230,53.71,180100,1476946,Naver Finance,https://m.stock.naver.com/domestic/stock/000660/tradingTrend?marketType=NXT
2025-04-15,000660,ALL,114791,188289,-306304,53.73,181300,2627771,Naver Finance,https://m.stock.naver.com/domestic/stock/000660/tradingTrend?marketType=ALL
2025-04-15,000660,KRX,103379,186227,-292392,53.73,180600,1915455,Naver Finance,https://m.stock.naver.com/domestic/stock/000660/tradingTrend?marketType=KRX
2025-04-15,000660,NXT,11412,2062,-13912,53.73,181300,712316,Naver Finance,https://m.stock.naver.com/domestic/stock/000660/tradingTrend?marketType=NXT
2025-04-16,000660,ALL,-353356,-490388,831895,53.64,174300,4293543,Naver Finance,https://m.stock.naver.com/domestic/stock/000660/tradingTrend?marketType=ALL
2025-04-16,000660,KRX,-295748,-476004,759996,53.64,174000,2933428,Naver Finance,https://m.stock.naver.com/domestic/stock/000660/tradingTrend?marketType=KRX
2025-04-16,000660,NXT,-57608,-14384,71899,53.64,174300,1360115,Naver Finance,https://m.stock.naver.com/domestic/stock/000660/tradingTrend?marketType=NXT
2025-04-17,000660,ALL,-958305,100157,831722,53.51,175300,3900124,Naver Finance,https://m.stock.naver.com/domestic/stock/000660/tradingTrend?marketType=ALL
2025-04-17,000660,KRX,-939948,90551,823820,53.51,175000,2989493,Naver Finance,https://m.stock.naver.com/domestic/stock/000660/tradingTrend?marketType=KRX
2025-04-17,000660,NXT,-18357,9606,7902,53.51,175300,910631,Naver Finance,https://m.stock.naver.com/domestic/stock/000660/tradingTrend?marketType=NXT
2025-04-18,000660,ALL,-224430,46994,171987,53.46,174900,1882414,Naver Finance,https://m.stock.naver.com/domestic/stock/000660/tradingTrend?marketType=ALL
2025-04-18,000660,KRX,-213206,47908,156350,53.46,175000,1305152,Naver Finance,https://m.stock.naver.com/domestic/stock/000660/tradingTrend?marketType=KRX
2025-04-18,000660,NXT,-11224,-914,15637,53.46,174900,577262,Naver Finance,https://m.stock.naver.com/domestic/stock/000660/tradingTrend?marketType=NXT
2025-04-21,000660,ALL,28738,-46886,17221,53.43,175500,2741247,Naver Finance,https://m.stock.naver.com/domestic/stock/000660/tradingTrend?marketType=ALL
2025-04-21,000660,KRX,25557,-40235,13815,53.43,176600,1877473,Naver Finance,https://m.stock.naver.com/domestic/stock/000660/tradingTrend?marketType=KRX
2025-04-21,000660,NXT,3181,-6651,3406,53.43,175500,863774,Naver Finance,https://m.stock.naver.com/domestic/stock/000660/tradingTrend?marketType=NXT
2025-04-22,000660,ALL,-517428,-127951,645712,53.37,175200,2660076,Naver Finance,https://m.stock.naver.com/domestic/stock/000660/tradingTrend?marketType=ALL
2025-04-22,000660,KRX,-503926,-119407,621425,53.37,173800,2008388,Naver Finance,https://m.stock.naver.com/domestic/stock/000660/tradingTrend?marketType=KRX
2025-04-22,000660,NXT,-13502,-8544,24287,53.37,175200,651688,Naver Finance,https://m.stock.naver.com/domestic/stock/000660/tradingTrend?marketType=NXT
2025-04-23,000660,ALL,-255122,967170,-710960,53.32,183000,5373394,Naver Finance,https://m.stock.naver.com/domestic/stock/000660/tradingTrend?marketType=ALL
2025-04-23,000660,KRX,-306470,940283,-629656,53.32,181000,3857373,Naver Finance,https://m.stock.naver.com/domestic/stock/000660/tradingTrend?marketType=KRX
2025-04-23,000660,NXT,51348,26887,-81304,53.32,183000,1516021,Naver Finance,https://m.stock.naver.com/domestic/stock/000660/tradingTrend?marketType=NXT
2025-04-24,000660,ALL,-427362,-432348,862992,53.23,178300,4885775,Naver Finance,https://m.stock.naver.com/domestic/stock/000660/tradingTrend?marketType=ALL
2025-04-24,000660,KRX,-347337,-402030,739563,53.23,178300,3162156,Naver Finance,https://m.stock.naver.com/domestic/stock/000660/tradingTrend?marketType=KRX
2025-04-24,000660,NXT,-80025,-30318,123429,53.23,178300,1723619,Naver Finance,https://m.stock.naver.com/domestic/stock/000660/tradingTrend?marketType=NXT
2025-04-25,000660,ALL,1012387,553181,-1577761,53.34,182700,5033729,Naver Finance,https://m.stock.naver.com/domestic/stock/000660/tradingTrend?marketType=ALL
2025-04-25,000660,KRX,923049,547751,-1460554,53.34,184400,3507810,Naver Finance,https://m.stock.naver.com/domestic/stock/000660/tradingTrend?marketType=KRX
2025-04-25,000660,NXT,89338,5430,-117207,53.34,182700,1525919,Naver Finance,https://m.stock.naver.com/domestic/stock/000660/tradingTrend?marketType=NXT
2025-04-28,000660,ALL,141861,-149537,-15161,53.32,180900,3408752,Naver Finance,https://m.stock.naver.com/domestic/stock/000660/tradingTrend?marketType=ALL
2025-04-28,000660,KRX,188502,-145076,-68217,53.32,182000,2455710,Naver Finance,https://m.stock.naver.com/domestic/stock/000660/tradingTrend?marketType=KRX
2025-04-28,000660,NXT,-46641,-4461,53056,53.32,180900,953042,Naver Finance,https://m.stock.naver.com/domestic/stock/000660/tradingTrend?marketType=NXT
2025-04-29,000660,ALL,-207028,146930,57721,53.29,181100,2487597,Naver Finance,https://m.stock.naver.com/domestic/stock/000660/tradingTrend?marketType=ALL
2025-04-29,000660,KRX,-203434,141725,56964,53.29,180800,1866386,Naver Finance,https://m.stock.naver.com/domestic/stock/000660/tradingTrend?marketType=KRX
2025-04-29,000660,NXT,-3594,5205,757,53.29,181100,621211,Naver Finance,https://m.stock.naver.com/domestic/stock/000660/tradingTrend?marketType=NXT
2025-04-30,000660,ALL,-470261,-258272,742126,53.22,177300,3079806,Naver Finance,https://m.stock.naver.com/domestic/stock/000660/tradingTrend?marketType=ALL
2025-04-30,000660,KRX,-431555,-243236,675396,53.22,177500,2354473,Naver Finance,https://m.stock.naver.com/domestic/stock/000660/tradingTrend?marketType=KRX
2025-04-30,000660,NXT,-38706,-15036,66730,53.22,177300,725333,Naver Finance,https://m.stock.naver.com/domestic/stock/000660/tradingTrend?marketType=NXT
2025-05-02,000660,ALL,2133129,262803,-2338790,53.47,185100,4943816,Naver Finance,https://m.stock.naver.com/domestic/stock/000660/tradingTrend?marketType=ALL
2025-05-02,000660,KRX,2023987,212250,-2175503,53.47,186000,3886874,Naver Finance,https://m.stock.naver.com/domestic/stock/000660/tradingTrend?marketType=KRX
2025-05-02,000660,NXT,109142,50553,-163287,53.47,185100,1056942,Naver Finance,https://m.stock.naver.com/domestic/stock/000660/tradingTrend?marketType=NXT
2025-05-07,000660,ALL,1095058,126480,-1200950,53.61,190500,4614295,Naver Finance,https://m.stock.naver.com/domestic/stock/000660/tradingTrend?marketType=ALL
2025-05-07,000660,KRX,1092569,85412,-1156505,53.61,190800,3830097,Naver Finance,https://m.stock.naver.com/domestic/stock/000660/tradingTrend?marketType=KRX
2025-05-07,000660,NXT,2489,41068,-44445,53.61,190500,784198,Naver Finance,https://m.stock.naver.com/domestic/stock/000660/tradingTrend?marketType=NXT
2025-05-08,000660,ALL,58418,434329,-497853,53.75,192400,6021880,Naver Finance,https://m.stock.naver.com/domestic/stock/000660/tradingTrend?marketType=ALL
2025-05-08,000660,KRX,13309,436000,-448208,53.75,190300,5125330,Naver Finance,https://m.stock.naver.com/domestic/stock/000660/tradingTrend?marketType=KRX
2025-05-08,000660,NXT,45109,-1671,-49645,53.75,192400,896550,Naver Finance,https://m.stock.naver.com/domestic/stock/000660/tradingTrend?marketType=NXT
2025-05-09,000660,ALL,-39356,-21201,57394,53.78,190000,3141342,Naver Finance,https://m.stock.naver.com/domestic/stock/000660/tradingTrend?marketType=ALL
2025-05-09,000660,KRX,-26733,-14076,39814,53.78,190100,2539822,Naver Finance,https://m.stock.naver.com/domestic/stock/000660/tradingTrend?marketType=KRX
2025-05-09,000660,NXT,-12623,-7125,17580,53.78,190000,601520,Naver Finance,https://m.stock.naver.com/domestic/stock/000660/tradingTrend?marketType=NXT
2025-05-12,000660,ALL,324153,205492,-532055,53.93,198700,3106646,Naver Finance,https://m.stock.naver.com/domestic/stock/000660/tradingTrend?marketType=ALL
2025-05-12,000660,KRX,317722,173780,-485448,53.93,195000,1624884,Naver Finance,https://m.stock.naver.com/domestic/stock/000660/tradingTrend?marketType=KRX
2025-05-12,000660,NXT,6431,31712,-46607,53.93,198700,1481762,Naver Finance,https://m.stock.naver.com/domestic/stock/000660/tradingTrend?marketType=NXT
2025-05-13,000660,ALL,986502,-81880,-884943,54.1,197900,4523634,Naver Finance,https://m.stock.naver.com/domestic/stock/000660/tradingTrend?marketType=ALL
2025-05-13,000660,KRX,956052,-61458,-875680,54.1,198500,3385009,Naver Finance,https://m.stock.naver.com/domestic/stock/000660/tradingTrend?marketType=KRX
2025-05-13,000660,NXT,30450,-20422,-9263,0.0,197900,1138625,Naver Finance,https://m.stock.naver.com/domestic/stock/000660/tradingTrend?marketType=NXT
2025-05-14,000660,ALL,1381332,49259,-1414760,54.29,206000,4358717,Naver Finance,https://m.stock.naver.com/domestic/stock/000660/tradingTrend?marketType=ALL
2025-05-14,000660,KRX,1295660,44787,-1323604,54.29,206000,3333511,Naver Finance,https://m.stock.naver.com/domestic/stock/000660/tradingTrend?marketType=KRX
2025-05-14,000660,NXT,85672,4472,-91156,54.29,206000,1025206,Naver Finance,https://m.stock.naver.com/domestic/stock/000660/tradingTrend?marketType=NXT
2025-05-15,000660,ALL,332491,-367590,2609,54.34,200500,3981736,Naver Finance,https://m.stock.naver.com/domestic/stock/000660/tradingTrend?marketType=ALL
2025-05-15,000660,KRX,365980,-347118,-46962,54.34,200500,3178957,Naver Finance,https://m.stock.naver.com/domestic/stock/000660/tradingTrend?marketType=KRX
2025-05-15,000660,NXT,-33489,-20472,49571,54.34,200500,802779,Naver Finance,https://m.stock.naver.com/domestic/stock/000660/tradingTrend?marketType=NXT
2025-05-16,000660,ALL,611666,95101,-686437,54.45,205000,2917120,Naver Finance,https://m.stock.naver.com/domestic/stock/000660/tradingTrend?marketType=ALL
2025-05-16,000660,KRX,552294,90956,-612185,54.45,204500,2419507,Naver Finance,https://m.stock.naver.com/domestic/stock/000660/tradingTrend?marketType=KRX
2025-05-16,000660,NXT,59372,4145,-74252,54.45,205000,497613,Naver Finance,https://m.stock.naver.com/domestic/stock/000660/tradingTrend?marketType=NXT
2025-05-19,000660,ALL,36125,-203320,199213,54.45,198500,3067213,Naver Finance,https://m.stock.naver.com/domestic/stock/000660/tradingTrend?marketType=ALL
2025-05-19,000660,KRX,64618,-197850,148837,54.45,199400,2482673,Naver Finance,https://m.stock.naver.com/domestic/stock/000660/tradingTrend?marketType=KRX
2025-05-19,000660,NXT,-28493,-5470,50376,54.45,198500,584540,Naver Finance,https://m.stock.naver.com/domestic/stock/000660/tradingTrend?marketType=NXT
2025-05-20,000660,ALL,371880,-45787,-315445,54.5,203500,3457534,Naver Finance,https://m.stock.naver.com/domestic/stock/000660/tradingTrend?marketType=ALL
2025-05-20,000660,KRX,355052,-60597,-284124,54.5,202000,2820546,Naver Finance,https://m.stock.naver.com/domestic/stock/000660/tradingTrend?marketType=KRX
2025-05-20,000660,NXT,16828,14810,-31321,54.5,203500,636988,Naver Finance,https://m.stock.naver.com/domestic/stock/000660/tradingTrend?marketType=NXT
2025-05-21,000660,ALL,-137939,-69678,217449,54.47,200500,2122285,Naver Finance,https://m.stock.naver.com/domestic/stock/000660/tradingTrend?marketType=ALL
2025-05-21,000660,KRX,-111674,-68456,187977,54.47,200500,1721760,Naver Finance,https://m.stock.naver.com/domestic/stock/000660/tradingTrend?marketType=KRX
2025-05-21,000660,NXT,-26265,-1222,29472,54.47,200500,400525,Naver Finance,https://m.stock.naver.com/domestic/stock/000660/tradingTrend?marketType=NXT
2025-05-22,000660,ALL,87768,-332809,265943,54.48,197600,2503420,Naver Finance,https://m.stock.naver.com/domestic/stock/000660/tradingTrend?marketType=ALL
2025-05-22,000660,KRX,96681,-335302,248028,54.48,196900,1988587,Naver Finance,https://m.stock.naver.com/domestic/stock/000660/tradingTrend?marketType=KRX
2025-05-22,000660,NXT,-8913,2493,17915,54.48,197600,514833,Naver Finance,https://m.stock.naver.com/domestic/stock/000660/tradingTrend?marketType=NXT
2025-05-23,000660,ALL,386399,-92906,-283661,54.36,199900,1962887,Naver Finance,https://m.stock.naver.com/domestic/stock/000660/tradingTrend?marketType=ALL
2025-05-23,000660,KRX,358618,-96960,-257326,54.36,200000,1538701,Naver Finance,https://m.stock.naver.com/domestic/stock/000660/tradingTrend?marketType=KRX
2025-05-23,000660,NXT,27781,4054,-26335,54.36,199900,424186,Naver Finance,https://m.stock.naver.com/domestic/stock/000660/tradingTrend?marketType=NXT
2025-05-26,000660,ALL,1091,95817,-73238,54.38,202500,2017172,Naver Finance,https://m.stock.naver.com/domestic/stock/000660/tradingTrend?marketType=ALL
2025-05-26,000660,KRX,-22827,93265,-48444,54.38,203000,1459997,Naver Finance,https://m.stock.naver.com/domestic/stock/000660/tradingTrend?marketType=KRX
2025-05-26,000660,NXT,23918,2552,-24794,54.38,202500,557175,Naver Finance,https://m.stock.naver.com/domestic/stock/000660/tradingTrend?marketType=NXT
2025-05-27,000660,ALL,49919,92414,-144172,54.39,204000,1850171,Naver Finance,https://m.stock.naver.com/domestic/stock/000660/tradingTrend?marketType=ALL
2025-05-27,000660,KRX,56575,90856,-147202,54.39,202500,1424916,Naver Finance,https://m.stock.naver.com/domestic/stock/000660/tradingTrend?marketType=KRX
2025-05-27,000660,NXT,-6656,1558,3030,54.39,204000,425255,Naver Finance,https://m.stock.naver.com/domestic/stock/000660/tradingTrend?marketType=NXT
2025-05-28,000660,ALL,28558,937226,-950346,54.4,207500,4074511,Naver Finance,https://m.stock.naver.com/domestic/stock/000660/tradingTrend?marketType=ALL
2025-05-28,000660,KRX,-10300,875535,-848935,54.4,208000,3161188,Naver Finance,https://m.stock.naver.com/domestic/stock/000660/tradingTrend?marketType=KRX
2025-05-28,000660,NXT,38858,61691,-101411,54.4,207500,913323,Naver Finance,https://m.stock.naver.com/domestic/stock/000660/tradingTrend?marketType=NXT
2025-05-29,000660,ALL,144530,605448,-759809,54.19,213000,5039959,Naver Finance,https://m.stock.naver.com/domestic/stock/000660/tradingTrend?marketType=ALL
2025-05-29,000660,KRX,110522,567661,-675777,54.19,212000,3827689,Naver Finance,https://m.stock.naver.com/domestic/stock/000660/tradingTrend?marketType=KRX
2025-05-29,000660,NXT,34008,37787,-84032,54.19,213000,1212270,Naver Finance,https://m.stock.naver.com/domestic/stock/000660/tradingTrend?marketType=NXT
2025-05-30,000660,ALL,-31846,-419102,446787,54.24,204500,5580481,Naver Finance,https://m.stock.naver.com/domestic/stock/000660/tradingTrend?marketType=ALL
2025-05-30,000660,KRX,-7473,-328156,334680,54.24,204500,4826628,Naver Finance,https://m.stock.naver.com/domestic/stock/000660/tradingTrend?marketType=KRX
2025-05-30,000660,NXT,-24373,-90946,112107,54.24,204500,753853,Naver Finance,https://m.stock.naver.com/domestic/stock/000660/tradingTrend?marketType=NXT
2025-06-02,000660,ALL,528695,-183220,-330726,54.41,207500,2163844,Naver Finance,https://m.stock.naver.com/domestic/stock/000660/tradingTrend?marketType=ALL
2025-06-02,000660,KRX,510641,-177220,-314728,54.41,207500,1775752,Naver Finance,https://m.stock.naver.com/domestic/stock/000660/tradingTrend?marketType=KRX
2025-06-02,000660,NXT,18054,-6000,-15998,54.41,207500,388092,Naver Finance,https://m.stock.naver.com/domestic/stock/000660/tradingTrend?marketType=NXT
2025-06-04,000660,ALL,1780544,140091,-1820904,54.81,219000,6532509,Naver Finance,https://m.stock.naver.com/domestic/stock/000660/tradingTrend?marketType=ALL
2025-06-04,000660,KRX,1575416,8167,-1503410,54.81,217500,5108674,Naver Finance,https://m.stock.naver.com/domestic/stock/000660/tradingTrend?marketType=KRX
2025-06-04,000660,NXT,205128,131924,-317494,54.81,219000,1423835,Naver Finance,https://m.stock.naver.com/domestic/stock/000660/tradingTrend?marketType=NXT
2025-06-05,000660,ALL,1084611,77914,-1121838,54.94,224500,7117700,Naver Finance,https://m.stock.naver.com/domestic/stock/000660/tradingTrend?marketType=ALL
2025-06-05,000660,KRX,1048250,39057,-1051758,54.94,224500,5768506,Naver Finance,https://m.stock.naver.com/domestic/stock/000660/tradingTrend?marketType=KRX
2025-06-05,000660,NXT,36361,38857,-70080,54.94,224500,1349194,Naver Finance,https://m.stock.naver.com/domestic/stock/000660/tradingTrend?marketType=NXT
2025-06-09,000660,ALL,391367,-428077,16332,55.0,230000,4595335,Naver Finance,https://m.stock.naver.com/domestic/stock/000660/tradingTrend?marketType=ALL
2025-06-09,000660,KRX,418399,-402231,-32404,55.0,229000,3666084,Naver Finance,https://m.stock.naver.com/domestic/stock/000660/tradingTrend?marketType=KRX
2025-06-09,000660,NXT,-27032,-25846,48736,55.0,230000,929251,Naver Finance,https://m.stock.naver.com/domestic/stock/000660/tradingTrend?marketType=NXT
2025-06-10,000660,ALL,2705,324498,-322182,55.01,231000,4508281,Naver Finance,https://m.stock.naver.com/domestic/stock/000660/tradingTrend?marketType=ALL
2025-06-10,000660,KRX,-44943,271689,-218612,55.01,230500,3718655,Naver Finance,https://m.stock.naver.com/domestic/stock/000660/tradingTrend?marketType=KRX
2025-06-10,000660,NXT,47648,52809,-103570,55.01,231000,789626,Naver Finance,https://m.stock.naver.com/domestic/stock/000660/tradingTrend?marketType=NXT
2025-06-11,000660,ALL,856809,252390,-1089416,55.18,241000,5454612,Naver Finance,https://m.stock.naver.com/domestic/stock/000660/tradingTrend?marketType=ALL
2025-06-11,000660,KRX,824347,192992,-994964,55.18,240000,4230421,Naver Finance,https://m.stock.naver.com/domestic/stock/000660/tradingTrend?marketType=KRX
2025-06-11,000660,NXT,32462,59398,-94452,55.18,241000,1224191,Naver Finance,https://m.stock.naver.com/domestic/stock/000660/tradingTrend?marketType=NXT
2025-06-12,000660,ALL,40196,-279195,247449,55.19,236500,6192017,Naver Finance,https://m.stock.naver.com/domestic/stock/000660/tradingTrend?marketType=ALL
2025-06-12,000660,KRX,89621,-241388,161244,55.19,235500,4994238,Naver Finance,https://m.stock.naver.com/domestic/stock/000660/tradingTrend?marketType=KRX
2025-06-12,000660,NXT,-49425,-37807,86205,55.19,236500,1197779,Naver Finance,https://m.stock.naver.com/domestic/stock/000660/tradingTrend?marketType=NXT
2025-06-13,000660,ALL,772204,-500152,-273337,55.31,236000,5126397,Naver Finance,https://m.stock.naver.com/domestic/stock/000660/tradingTrend?marketType=ALL
2025-06-13,000660,KRX,758573,-492809,-266036,55.31,235500,4100610,Naver Finance,https://m.stock.naver.com/domestic/stock/000660/tradingTrend?marketType=KRX
2025-06-13,000660,NXT,13631,-7343,-7301,55.31,236000,1025787,Naver Finance,https://m.stock.naver.com/domestic/stock/000660/tradingTrend?marketType=NXT
2025-06-16,000660,ALL,772691,57993,-812888,55.42,251000,5206108,Naver Finance,https://m.stock.naver.com/domestic/stock/000660/tradingTrend?marketType=ALL
2025-06-16,000660,KRX,656648,29866,-673654,55.42,248000,3760740,Naver Finance,https://m.stock.naver.com/domestic/stock/000660/tradingTrend?marketType=KRX
2025-06-16,000660,NXT,116043,28127,-139234,55.42,251000,1445368,Naver Finance,https://m.stock.naver.com/domestic/stock/000660/tradingTrend?marketType=NXT
2025-06-17,000660,ALL,-281953,75199,196234,55.33,249000,6583878,Naver Finance,https://m.stock.naver.com/domestic/stock/000660/tradingTrend?marketType=ALL
2025-06-17,000660,KRX,-239639,128369,104135,55.33,249000,5044669,Naver Finance,https://m.stock.naver.com/domestic/stock/000660/tradingTrend?marketType=KRX
2025-06-17,000660,NXT,-42314,-53170,92099,55.33,249000,1539209,Naver Finance,https://m.stock.naver.com/domestic/stock/000660/tradingTrend?marketType=NXT
2025-06-18,000660,ALL,-227192,-158144,378767,55.31,247500,5037029,Naver Finance,https://m.stock.naver.com/domestic/stock/000660/tradingTrend?marketType=ALL
2025-06-18,000660,KRX,-203528,-122329,321787,55.31,246500,4081001,Naver Finance,https://m.stock.naver.com/domestic/stock/000660/tradingTrend?marketType=KRX
2025-06-18,000660,NXT,-23664,-35815,56980,55.31,247500,956028,Naver Finance,https://m.stock.naver.com/domestic/stock/000660/tradingTrend?marketType=NXT
2025-06-19,000660,ALL,39446,-105196,34750,55.32,246500,3076776,Naver Finance,https://m.stock.naver.com/domestic/stock/000660/tradingTrend?marketType=ALL
2025-06-19,000660,KRX,56851,-94724,5343,55.32,246000,2317796,Naver Finance,https://m.stock.naver.com/domestic/stock/000660/tradingTrend?marketType=KRX
2025-06-19,000660,NXT,-17405,-10472,29407,55.32,246500,758980,Naver Finance,https://m.stock.naver.com/domestic/stock/000660/tradingTrend?marketType=NXT
2025-06-20,000660,ALL,875164,-92998,-784834,55.42,259000,4889895,Naver Finance,https://m.stock.naver.com/domestic/stock/000660/tradingTrend?marketType=ALL
2025-06-20,000660,KRX,825146,-92627,-728232,55.42,257000,3597877,Naver Finance,https://m.stock.naver.com/domestic/stock/000660/tradingTrend?marketType=KRX
2025-06-20,000660,NXT,50018,-371,-56602,55.42,259000,1292018,Naver Finance,https://m.stock.naver.com/domestic/stock/000660/tradingTrend?marketType=NXT
2025-06-23,000660,ALL,25654,-298815,239185,55.44,260500,4942164,Naver Finance,https://m.stock.naver.com/domestic/stock/000660/tradingTrend?marketType=ALL
2025-06-23,000660,KRX,54144,-300589,208591,55.44,259500,3398736,Naver Finance,https://m.stock.naver.com/domestic/stock/000660/tradingTrend?marketType=KRX
2025-06-23,000660,NXT,-28490,1774,30594,55.44,260500,1543428,Naver Finance,https://m.stock.naver.com/domestic/stock/000660/tradingTrend?marketType=NXT
2025-06-24,000660,ALL,620483,-277884,-330274,55.59,277000,7628518,Naver Finance,https://m.stock.naver.com/domestic/stock/000660/tradingTrend?marketType=ALL
2025-06-24,000660,KRX,629145,-317387,-296095,55.59,278500,5436312,Naver Finance,https://m.stock.naver.com/domestic/stock/000660/tradingTrend?marketType=KRX
2025-06-24,000660,NXT,-8662,39503,-34179,55.59,277000,2192206,Naver Finance,https://m.stock.naver.com/domestic/stock/000660/tradingTrend?marketType=NXT
2025-06-25,000660,ALL,71807,-488992,413631,55.61,288500,7396716,Naver Finance,https://m.stock.naver.com/domestic/stock/000660/tradingTrend?marketType=ALL
2025-06-25,000660,KRX,84269,-426172,345406,55.61,286000,5466598,Naver Finance,https://m.stock.naver.com/domestic/stock/000660/tradingTrend?marketType=KRX
2025-06-25,000660,NXT,-12462,-62820,68225,55.61,288500,1930118,Naver Finance,https://m.stock.naver.com/domestic/stock/000660/tradingTrend?marketType=NXT
2025-06-26,000660,ALL,161305,-268663,157122,55.66,296500,8121907,Naver Finance,https://m.stock.naver.com/domestic/stock/000660/tradingTrend?marketType=ALL
2025-06-26,000660,KRX,173061,-227590,70307,55.66,293000,5894020,Naver Finance,https://m.stock.naver.com/domestic/stock/000660/tradingTrend?marketType=KRX
2025-06-26,000660,NXT,-11756,-41073,86815,55.66,296500,2227887,Naver Finance,https://m.stock.naver.com/domestic/stock/000660/tradingTrend?marketType=NXT
2025-06-27,000660,ALL,-660810,-101838,736746,55.52,283500,6990924,Naver Finance,https://m.stock.naver.com/domestic/stock/000660/tradingTrend?marketType=ALL
2025-06-27,000660,KRX,-641214,-87427,667580,55.52,284000,5134863,Naver Finance,https://m.stock.naver.com/domestic/stock/000660/tradingTrend?marketType=KRX
2025-06-27,000660,NXT,-19596,-14411,69166,55.52,283500,1856061,Naver Finance,https://m.stock.naver.com/domestic/stock/000660/tradingTrend?marketType=NXT
2025-06-30,000660,ALL,-207266,112115,76613,55.51,293000,5634478,Naver Finance,https://m.stock.naver.com/domestic/stock/000660/tradingTrend?marketType=ALL
2025-06-30,000660,KRX,-202849,107172,85952,55.51,292000,4375298,Naver Finance,https://m.stock.naver.com/domestic/stock/000660/tradingTrend?marketType=KRX
2025-06-30,000660,NXT,-4417,4943,-9339,55.51,293000,1259180,Naver Finance,https://m.stock.naver.com/domestic/stock/000660/tradingTrend?marketType=NXT
2025-07-01,000660,ALL,-276988,-227520,466655,55.51,287000,4754381,Naver Finance,https://m.stock.naver.com/domestic/stock/000660/tradingTrend?marketType=ALL
2025-07-01,000660,KRX,-188824,-216441,380108,55.51,285500,3687981,Naver Finance,https://m.stock.naver.com/domestic/stock/000660/tradingTrend?marketType=KRX
2025-07-01,000660,NXT,-88164,-11079,86547,55.51,287000,1066400,Naver Finance,https://m.stock.naver.com/domestic/stock/000660/tradingTrend?marketType=NXT
2025-07-02,000660,ALL,-41530,-179689,269973,55.5,278000,5899887,Naver Finance,https://m.stock.naver.com/domestic/stock/000660/tradingTrend?marketType=ALL
2025-07-02,000660,KRX,-13536,-162408,188147,55.5,279000,4702056,Naver Finance,https://m.stock.naver.com/domestic/stock/000660/tradingTrend?marketType=KRX
2025-07-02,000660,NXT,-27994,-17281,81826,55.5,278000,1197831,Naver Finance,https://m.stock.naver.com/domestic/stock/000660/tradingTrend?marketType=NXT
2025-07-03,000660,ALL,-223198,-42980,267976,55.48,279000,4800195,Naver Finance,https://m.stock.naver.com/domestic/stock/000660/tradingTrend?marketType=ALL
2025-07-03,000660,KRX,-233077,-24678,248983,55.48,278500,3642140,Naver Finance,https://m.stock.naver.com/domestic/stock/000660/tradingTrend?marketType=KRX
2025-07-03,000660,NXT,9879,-18302,18993,55.48,279000,1158055,Naver Finance,https://m.stock.naver.com/domestic/stock/000660/tradingTrend?marketType=NXT
2025-07-04,000660,ALL,41329,-235401,176340,55.46,270500,4732424,Naver Finance,https://m.stock.naver.com/domestic/stock/000660/tradingTrend?marketType=ALL
2025-07-04,000660,KRX,75539,-231341,118462,55.46,270500,3654933,Naver Finance,https://m.stock.naver.com/domestic/stock/000660/tradingTrend?marketType=KRX
2025-07-04,000660,NXT,-34210,-4060,57878,55.46,270500,1077491,Naver Finance,https://m.stock.naver.com/domestic/stock/000660/tradingTrend?marketType=NXT
2025-07-07,000660,ALL,-176544,-103016,252215,55.42,271500,3328781,Naver Finance,https://m.stock.naver.com/domestic/stock/000660/tradingTrend?marketType=ALL
2025-07-07,000660,KRX,-145348,-108026,231279,55.42,271000,2523564,Naver Finance,https://m.stock.naver.com/domestic/stock/000660/tradingTrend?marketType=KRX
2025-07-07,000660,NXT,-31196,5010,20936,55.42,271500,805217,Naver Finance,https://m.stock.naver.com/domestic/stock/000660/tradingTrend?marketType=NXT
2025-07-08,000660,ALL,186847,85969,-233779,55.44,283500,4285418,Naver Finance,https://m.stock.naver.com/domestic/stock/000660/tradingTrend?marketType=ALL
2025-07-08,000660,KRX,160634,70499,-205420,55.44,282000,3119395,Naver Finance,https://m.stock.naver.com/domestic/stock/000660/tradingTrend?marketType=KRX
2025-07-08,000660,NXT,26213,15470,-28359,55.44,283500,1166023,Naver Finance,https://m.stock.naver.com/domestic/stock/000660/tradingTrend?marketType=NXT
2025-07-09,000660,ALL,-78857,-116839,212531,55.43,281500,3314179,Naver Finance,https://m.stock.naver.com/domestic/stock/000660/tradingTrend?marketType=ALL
2025-07-09,000660,KRX,-50323,-94746,149306,55.43,281000,2626484,Naver Finance,https://m.stock.naver.com/domestic/stock/000660/tradingTrend?marketType=KRX
2025-07-09,000660,NXT,-28534,-22093,63225,55.43,281500,687695,Naver Finance,https://m.stock.naver.com/domestic/stock/000660/tradingTrend?marketType=NXT
2025-07-10,000660,ALL,860779,120797,-976101,55.47,296500,6203733,Naver Finance,https://m.stock.naver.com/domestic/stock/000660/tradingTrend?marketType=ALL
2025-07-10,000660,KRX,793940,81630,-871583,55.47,297000,4556065,Naver Finance,https://m.stock.naver.com/domestic/stock/000660/tradingTrend?marketType=KRX
2025-07-10,000660,NXT,66839,39167,-104518,55.47,296500,1647668,Naver Finance,https://m.stock.naver.com/domestic/stock/000660/tradingTrend?marketType=NXT
2025-07-11,000660,ALL,-5988,-347344,392466,55.46,292500,5476996,Naver Finance,https://m.stock.naver.com/domestic/stock/000660/tradingTrend?marketType=ALL
2025-07-11,000660,KRX,24318,-330246,354131,55.46,294500,3732533,Naver Finance,https://m.stock.naver.com/domestic/stock/000660/tradingTrend?marketType=KRX
2025-07-11,000660,NXT,-30306,-17098,38335,55.46,292500,1744463,Naver Finance,https://m.stock.naver.com/domestic/stock/000660/tradingTrend?marketType=NXT
2025-07-14,000660,ALL,692513,-395113,-301192,55.55,299500,4030393,Naver Finance,https://m.stock.naver.com/domestic/stock/000660/tradingTrend?marketType=ALL
2025-07-14,000660,KRX,699101,-373971,-324695,55.55,300000,2936976,Naver Finance,https://m.stock.naver.com/domestic/stock/000660/tradingTrend?marketType=KRX
2025-07-14,000660,NXT,-6588,-21142,23503,55.55,299500,1093417,Naver Finance,https://m.stock.naver.com/domestic/stock/000660/tradingTrend?marketType=NXT
2025-07-15,000660,ALL,-2081,-515340,524729,55.55,301000,5780286,Naver Finance,https://m.stock.naver.com/domestic/stock/000660/tradingTrend?marketType=ALL
2025-07-15,000660,KRX,15261,-456605,435930,55.55,298500,4196196,Naver Finance,https://m.stock.naver.com/domestic/stock/000660/tradingTrend?marketType=KRX
2025-07-15,000660,NXT,-17342,-58735,88799,55.55,301000,1584090,Naver Finance,https://m.stock.naver.com/domestic/stock/000660/tradingTrend?marketType=NXT
2025-07-16,000660,ALL,155719,-527634,353426,55.57,295000,4252091,Naver Finance,https://m.stock.naver.com/domestic/stock/000660/tradingTrend?marketType=ALL
2025-07-16,000660,KRX,192113,-455990,260745,55.57,296000,3123297,Naver Finance,https://m.stock.naver.com/domestic/stock/000660/tradingTrend?marketType=KRX
2025-07-16,000660,NXT,-36394,-71644,92681,55.57,295000,1128794,Naver Finance,https://m.stock.naver.com/domestic/stock/000660/tradingTrend?marketType=NXT
2025-07-17,000660,ALL,-2169958,-1088066,3283575,55.28,268500,13533454,Naver Finance,https://m.stock.naver.com/domestic/stock/000660/tradingTrend?marketType=ALL
2025-07-17,000660,KRX,-2041448,-1049071,3023681,55.28,269500,9328322,Naver Finance,https://m.stock.naver.com/domestic/stock/000660/tradingTrend?marketType=KRX
2025-07-17,000660,NXT,-128510,-38995,259894,55.28,268500,4205132,Naver Finance,https://m.stock.naver.com/domestic/stock/000660/tradingTrend?marketType=NXT
2025-07-18,000660,ALL,-530457,5267,546165,55.19,269500,7496580,Naver Finance,https://m.stock.naver.com/domestic/stock/000660/tradingTrend?marketType=ALL
2025-07-18,000660,KRX,-501541,4691,501407,55.19,269000,5359504,Naver Finance,https://m.stock.naver.com/domestic/stock/000660/tradingTrend?marketType=KRX
2025-07-18,000660,NXT,-28916,576,44758,55.19,269500,2137076,Naver Finance,https://m.stock.naver.com/domestic/stock/000660/tradingTrend?marketType=NXT
2025-07-21,000660,ALL,-9369,60840,-39241,55.16,273000,3710392,Naver Finance,https://m.stock.naver.com/domestic/stock/000660/tradingTrend?marketType=ALL
2025-07-21,000660,KRX,-9616,69317,-61055,55.16,272500,2424891,Naver Finance,https://m.stock.naver.com/domestic/stock/000660/tradingTrend?marketType=KRX
2025-07-21,000660,NXT,247,-8477,21814,55.16,273000,1285501,Naver Finance,https://m.stock.naver.com/domestic/stock/000660/tradingTrend?marketType=NXT
2025-07-22,000660,ALL,-5453,-291241,315001,55.13,268000,4102651,Naver Finance,https://m.stock.naver.com/domestic/stock/000660/tradingTrend?marketType=ALL
2025-07-22,000660,KRX,15114,-268704,263777,55.13,268500,3139858,Naver Finance,https://m.stock.naver.com/domestic/stock/000660/tradingTrend?marketType=KRX
2025-07-22,000660,NXT,-20567,-22537,51224,55.13,268000,962793,Naver Finance,https://m.stock.naver.com/domestic/stock/000660/tradingTrend?marketType=NXT
2025-07-23,000660,ALL,-236616,-29625,254741,55.16,270500,4088809,Naver Finance,https://m.stock.naver.com/domestic/stock/000660/tradingTrend?marketType=ALL
2025-07-23,000660,KRX,-226587,-26183,241819,55.16,269000,3116279,Naver Finance,https://m.stock.naver.com/domestic/stock/000660/tradingTrend?marketType=KRX
2025-07-23,000660,NXT,-10029,-3442,12922,55.16,270500,972530,Naver Finance,https://m.stock.naver.com/domestic/stock/000660/tradingTrend?marketType=NXT
2025-07-24,000660,ALL,364552,-110208,-249839,55.22,269500,5749576,Naver Finance,https://m.stock.naver.com/domestic/stock/000660/tradingTrend?marketType=ALL
2025-07-24,000660,KRX,387098,-75586,-307523,55.22,269500,3667144,Naver Finance,https://m.stock.naver.com/domestic/stock/000660/tradingTrend?marketType=KRX
2025-07-24,000660,NXT,-22546,-34622,57684,55.22,269500,2082432,Naver Finance,https://m.stock.naver.com/domestic/stock/000660/tradingTrend?marketType=NXT
2025-07-25,000660,ALL,-128366,-337691,458857,55.2,266500,3100076,Naver Finance,https://m.stock.naver.com/domestic/stock/000660/tradingTrend?marketType=ALL
2025-07-25,000660,KRX,-129666,-294719,409602,55.2,266000,2171063,Naver Finance,https://m.stock.naver.com/domestic/stock/000660/tradingTrend?marketType=KRX
2025-07-25,000660,NXT,1300,-42972,49255,55.2,266500,929013,Naver Finance,https://m.stock.naver.com/domestic/stock/000660/tradingTrend?marketType=NXT
2025-07-28,000660,ALL,-202503,246004,-38549,55.17,261500,4278834,Naver Finance,https://m.stock.naver.com/domestic/stock/000660/tradingTrend?marketType=ALL
2025-07-28,000660,KRX,-215189,233322,-26781,55.17,262000,2877357,Naver Finance,https://m.stock.naver.com/domestic/stock/000660/tradingTrend?marketType=KRX
2025-07-28,000660,NXT,12686,12682,-11768,55.17,261500,1401477,Naver Finance,https://m.stock.naver.com/domestic/stock/000660/tradingTrend?marketType=NXT
2025-07-29,000660,ALL,-9461,84193,-67246,55.12,263500,3978792,Naver Finance,https://m.stock.naver.com/domestic/stock/000660/tradingTrend?marketType=ALL
2025-07-29,000660,KRX,2233,130589,-136560,55.12,262500,2944177,Naver Finance,https://m.stock.naver.com/domestic/stock/000660/tradingTrend?marketType=KRX
2025-07-29,000660,NXT,-11694,-46396,69314,55.12,263500,1034615,Naver Finance,https://m.stock.naver.com/domestic/stock/000660/tradingTrend?marketType=NXT
2025-07-30,000660,ALL,22022,165494,-175562,55.11,264000,3199091,Naver Finance,https://m.stock.naver.com/domestic/stock/000660/tradingTrend?marketType=ALL
2025-07-30,000660,KRX,13699,160136,-165586,55.11,263500,2482807,Naver Finance,https://m.stock.naver.com/domestic/stock/000660/tradingTrend?marketType=KRX
2025-07-30,000660,NXT,8323,5358,-9976,55.11,264000,716284,Naver Finance,https://m.stock.naver.com/domestic/stock/000660/tradingTrend?marketType=NXT
2025-07-31,000660,ALL,610913,240565,-844752,55.2,273500,4989118,Naver Finance,https://m.stock.naver.com/domestic/stock/000660/tradingTrend?marketType=ALL
2025-07-31,000660,KRX,533529,252601,-775339,55.2,273500,3472644,Naver Finance,https://m.stock.naver.com/domestic/stock/000660/tradingTrend?marketType=KRX
2025-07-31,000660,NXT,77384,-12036,-69413,55.2,273500,1516474,Naver Finance,https://m.stock.naver.com/domestic/stock/000660/tradingTrend?marketType=NXT
2025-08-01,000660,ALL,-820914,-435548,1260467,55.08,257500,4561029,Naver Finance,https://m.stock.naver.com/domestic/stock/000660/tradingTrend?marketType=ALL
2025-08-01,000660,KRX,-693827,-408706,1098600,55.08,258000,3227394,Naver Finance,https://m.stock.naver.com/domestic/stock/000660/tradingTrend?marketType=KRX
2025-08-01,000660,NXT,-127087,-26842,161867,55.08,257500,1333635,Naver Finance,https://m.stock.naver.com/domestic/stock/000660/tradingTrend?marketType=NXT
2025-08-04,000660,ALL,-213968,59020,143874,55.06,259500,2990232,Naver Finance,https://m.stock.naver.com/domestic/stock/000660/tradingTrend?marketType=ALL
2025-08-04,000660,KRX,-217329,53561,154377,55.06,258000,2281558,Naver Finance,https://m.stock.naver.com/domestic/stock/000660/tradingTrend?marketType=KRX
2025-08-04,000660,NXT,3361,5459,-10503,55.06,259500,708674,Naver Finance,https://m.stock.naver.com/domestic/stock/000660/tradingTrend?marketType=NXT
2025-08-05,000660,ALL,445245,-230127,-208870,55.12,263000,2771947,Naver Finance,https://m.stock.naver.com/domestic/stock/000660/tradingTrend?marketType=ALL
2025-08-05,000660,KRX,441872,-215162,-218908,55.12,263500,2118171,Naver Finance,https://m.stock.naver.com/domestic/stock/000660/tradingTrend?marketType=KRX
2025-08-05,000660,NXT,3373,-14965,10038,55.12,263000,653776,Naver Finance,https://m.stock.naver.com/domestic/stock/000660/tradingTrend?marketType=NXT
2025-08-06,000660,ALL,159975,-293488,140087,55.14,259000,1860433,Naver Finance,https://m.stock.naver.com/domestic/stock/000660/tradingTrend?marketType=ALL
2025-08-06,000660,KRX,183812,-281403,104485,55.14,258500,1374559,Naver Finance,https://m.stock.naver.com/domestic/stock/000660/tradingTrend?marketType=KRX
2025-08-06,000660,NXT,-23837,-12085,35602,55.14,259000,485874,Naver Finance,https://m.stock.naver.com/domestic/stock/000660/tradingTrend?marketType=NXT
2025-08-07,000660,ALL,432708,-255626,-194477,55.17,262500,3917207,Naver Finance,https://m.stock.naver.com/domestic/stock/000660/tradingTrend?marketType=ALL
2025-08-07,000660,KRX,405730,-277031,-139600,55.17,262000,2724438,Naver Finance,https://m.stock.naver.com/domestic/stock/000660/tradingTrend?marketType=KRX
2025-08-07,000660,NXT,26978,21405,-54877,55.17,262500,1192769,Naver Finance,https://m.stock.naver.com/domestic/stock/000660/tradingTrend?marketType=NXT
2025-08-08,000660,ALL,-83738,-185864,276673,55.15,257000,3586593,Naver Finance,https://m.stock.naver.com/domestic/stock/000660/tradingTrend?marketType=ALL
2025-08-08,000660,KRX,-68291,-151837,219574,55.15,256500,2676174,Naver Finance,https://m.stock.naver.com/domestic/stock/000660/tradingTrend?marketType=KRX
2025-08-08,000660,NXT,-15447,-34027,57099,55.15,257000,910419,Naver Finance,https://m.stock.naver.com/domestic/stock/000660/tradingTrend?marketType=NXT
2025-08-11,000660,ALL,707900,43577,-769723,55.21,265500,3282507,Naver Finance,https://m.stock.naver.com/domestic/stock/000660/tradingTrend?marketType=ALL
2025-08-11,000660,KRX,598562,-37813,-562606,55.21,267000,2415473,Naver Finance,https://m.stock.naver.com/domestic/stock/000660/tradingTrend?marketType=KRX
2025-08-11,000660,NXT,109338,81390,-207117,55.21,265500,867034,Naver Finance,https://m.stock.naver.com/domestic/stock/000660/tradingTrend?marketType=NXT
2025-08-12,000660,ALL,540235,94537,-635046,55.31,269500,4146086,Naver Finance,https://m.stock.naver.com/domestic/stock/000660/tradingTrend?marketType=ALL
2025-08-12,000660,KRX,432213,89862,-517134,55.31,269000,3008648,Naver Finance,https://m.stock.naver.com/domestic/stock/000660/tradingTrend?marketType=KRX
2025-08-12,000660,NXT,108022,4675,-117912,55.31,269500,1137438,Naver Finance,https://m.stock.naver.com/domestic/stock/000660/tradingTrend?marketType=NXT
2025-08-13,000660,ALL,1350353,88951,-1424426,55.48,278000,4645893,Naver Finance,https://m.stock.naver.com/domestic/stock/000660/tradingTrend?marketType=ALL
2025-08-13,000660,KRX,1254448,-7975,-1223279,55.48,278000,3472694,Naver Finance,https://m.stock.naver.com/domestic/stock/000660/tradingTrend?marketType=KRX
2025-08-13,000660,NXT,95905,96926,-201147,55.48,278000,1173199,Naver Finance,https://m.stock.naver.com/domestic/stock/000660/tradingTrend?marketType=NXT
2025-08-14,000660,ALL,-94866,-44,89010,55.48,275000,2823661,Naver Finance,https://m.stock.naver.com/domestic/stock/000660/tradingTrend?marketType=ALL
2025-08-14,000660,KRX,-84757,15387,68993,55.48,276500,2101050,Naver Finance,https://m.stock.naver.com/domestic/stock/000660/tradingTrend?marketType=KRX
2025-08-14,000660,NXT,-10109,-15431,20017,55.48,275000,722611,Naver Finance,https://m.stock.naver.com/domestic/stock/000660/tradingTrend?marketType=NXT
2025-08-18,000660,ALL,-440351,5769,425268,55.41,268000,2558202,Naver Finance,https://m.stock.naver.com/domestic/stock/000660/tradingTrend?marketType=ALL
2025-08-18,000660,KRX,-367079,14296,341725,55.41,267500,1993220,Naver Finance,https://m.stock.naver.com/domestic/stock/000660/tradingTrend?marketType=KRX
2025-08-18,000660,NXT,-73272,-8527,83543,55.41,268000,564982,Naver Finance,https://m.stock.naver.com/domestic/stock/000660/tradingTrend?marketType=NXT
2025-08-19,000660,ALL,-412848,138154,276633,55.37,263500,2186435,Naver Finance,https://m.stock.naver.com/domestic/stock/000660/tradingTrend?marketType=ALL
2025-08-19,000660,KRX,-384942,138326,245840,55.37,263000,1709646,Naver Finance,https://m.stock.naver.com/domestic/stock/000660/tradingTrend?marketType=KRX
2025-08-19,000660,NXT,-27906,-172,30793,55.37,263500,476789,Naver Finance,https://m.stock.naver.com/domestic/stock/000660/tradingTrend?marketType=NXT
2025-08-20,000660,ALL,-596829,300968,301098,55.3,256000,4573718,Naver Finance,https://m.stock.naver.com/domestic/stock/000660/tradingTrend?marketType=ALL
2025-08-20,000660,KRX,-569287,307944,262420,55.3,255500,3571545,Naver Finance,https://m.stock.naver.com/domestic/stock/000660/tradingTrend?marketType=KRX
2025-08-20,000660,NXT,-27542,-6976,38678,55.3,256000,1002173,Naver Finance,https://m.stock.naver.com/domestic/stock/000660/tradingTrend?marketType=NXT
2025-08-21,000660,ALL,-1795924,-81586,1853806,55.05,246000,7720836,Naver Finance,https://m.stock.naver.com/domestic/stock/000660/tradingTrend?marketType=ALL
2025-08-21,000660,KRX,-1622227,-43137,1648429,55.05,245000,6301130,Naver Finance,https://m.stock.naver.com/domestic/stock/000660/tradingTrend?marketType=KRX
2025-08-21,000660,NXT,-173697,-38449,205377,55.05,246000,1419706,Naver Finance,https://m.stock.naver.com/domestic/stock/000660/tradingTrend?marketType=NXT
2025-08-22,000660,ALL,-16080,285976,-300866,55.07,250500,4132220,Naver Finance,https://m.stock.naver.com/domestic/stock/000660/tradingTrend?marketType=ALL
2025-08-22,000660,KRX,-41106,225367,-212448,55.07,251000,3064062,Naver Finance,https://m.stock.naver.com/domestic/stock/000660/tradingTrend?marketType=KRX
2025-08-22,000660,NXT,25026,60609,-88418,55.07,250500,1068158,Naver Finance,https://m.stock.naver.com/domestic/stock/000660/tradingTrend?marketType=NXT
2025-08-25,000660,ALL,431412,-14575,-388949,55.14,259000,4079680,Naver Finance,https://m.stock.naver.com/domestic/stock/000660/tradingTrend?marketType=ALL
2025-08-25,000660,KRX,413193,-31176,-369567,55.14,259500,3183709,Naver Finance,https://m.stock.naver.com/domestic/stock/000660/tradingTrend?marketType=KRX
2025-08-25,000660,NXT,18219,16601,-19382,55.14,259000,895971,Naver Finance,https://m.stock.naver.com/domestic/stock/000660/tradingTrend?marketType=NXT
2025-08-26,000660,ALL,-143760,168213,-31719,55.15,261000,2576679,Naver Finance,https://m.stock.naver.com/domestic/stock/000660/tradingTrend?marketType=ALL
2025-08-26,000660,KRX,-116080,180008,-68755,55.15,261500,2050625,Naver Finance,https://m.stock.naver.com/domestic/stock/000660/tradingTrend?marketType=KRX
2025-08-26,000660,NXT,-27680,-11795,37036,55.15,261000,526054,Naver Finance,https://m.stock.naver.com/domestic/stock/000660/tradingTrend?marketType=NXT
2025-08-27,000660,ALL,-530159,343641,175942,55.06,260500,3342823,Naver Finance,https://m.stock.naver.com/domestic/stock/000660/tradingTrend?marketType=ALL
2025-08-27,000660,KRX,-550013,342271,199172,55.06,260000,2801594,Naver Finance,https://m.stock.naver.com/domestic/stock/000660/tradingTrend?marketType=KRX
2025-08-27,000660,NXT,19854,1370,-23230,55.06,260500,541229,Naver Finance,https://m.stock.naver.com/domestic/stock/000660/tradingTrend?marketType=NXT
2025-08-28,000660,ALL,824839,213774,-1026069,54.81,267500,5023980,Naver Finance,https://m.stock.naver.com/domestic/stock/000660/tradingTrend?marketType=ALL
2025-08-28,000660,KRX,779359,188458,-948244,54.81,268500,3836024,Naver Finance,https://m.stock.naver.com/domestic/stock/000660/tradingTrend?marketType=KRX
2025-08-28,000660,NXT,45480,25316,-77825,54.81,267500,1187956,Naver Finance,https://m.stock.naver.com/domestic/stock/000660/tradingTrend?marketType=NXT
2025-08-29,000660,ALL,137338,183429,-278247,54.82,267500,2353442,Naver Finance,https://m.stock.naver.com/domestic/stock/000660/tradingTrend?marketType=ALL
2025-08-29,000660,KRX,105637,187324,-258347,54.82,269000,1892127,Naver Finance,https://m.stock.naver.com/domestic/stock/000660/tradingTrend?marketType=KRX
2025-08-29,000660,NXT,31701,-3895,-19900,54.82,267500,461315,Naver Finance,https://m.stock.naver.com/domestic/stock/000660/tradingTrend?marketType=NXT
2025-09-01,000660,ALL,-501876,-93462,599976,55.06,256500,2780682,Naver Finance,https://m.stock.naver.com/domestic/stock/000660/tradingTrend?marketType=ALL
2025-09-01,000660,KRX,-398855,-62514,456426,55.06,256000,1837054,Naver Finance,https://m.stock.naver.com/domestic/stock/000660/tradingTrend?marketType=KRX
2025-09-01,000660,NXT,-103021,-30948,143550,55.06,256500,943628,Naver Finance,https://m.stock.naver.com/domestic/stock/000660/tradingTrend?marketType=NXT
2025-09-02,000660,ALL,443050,-166797,-266345,55.13,258000,2076296,Naver Finance,https://m.stock.naver.com/domestic/stock/000660/tradingTrend?marketType=ALL
2025-09-02,000660,KRX,426784,-153312,-256878,55.13,260500,1584710,Naver Finance,https://m.stock.naver.com/domestic/stock/000660/tradingTrend?marketType=KRX
2025-09-02,000660,NXT,16266,-13485,-9467,55.13,258000,491586,Naver Finance,https://m.stock.naver.com/domestic/stock/000660/tradingTrend?marketType=NXT
2025-09-03,000660,ALL,381974,-127218,-238884,55.18,264500,2913306,Naver Finance,https://m.stock.naver.com/domestic/stock/000660/tradingTrend?marketType=ALL
2025-09-03,000660,KRX,402800,-144481,-242600,55.18,262500,2437896,Naver Finance,https://m.stock.naver.com/domestic/stock/000660/tradingTrend?marketType=KRX
2025-09-03,000660,NXT,-20826,17263,3716,55.18,264500,475410,Naver Finance,https://m.stock.naver.com/domestic/stock/000660/tradingTrend?marketType=NXT
2025-09-04,000660,ALL,34139,213328,-254618,55.16,266500,2676955,Naver Finance,https://m.stock.naver.com/domestic/stock/000660/tradingTrend?marketType=ALL
2025-09-04,000660,KRX,51771,209404,-269500,55.16,265500,2189959,Naver Finance,https://m.stock.naver.com/domestic/stock/000660/tradingTrend?marketType=KRX
2025-09-04,000660,NXT,-17632,3924,14882,55.16,266500,486996,Naver Finance,https://m.stock.naver.com/domestic/stock/000660/tradingTrend?marketType=NXT
2025-09-05,000660,ALL,1198184,224182,-1400802,55.35,273500,4023761,Naver Finance,https://m.stock.naver.com/domestic/stock/000660/tradingTrend?marketType=ALL
2025-09-05,000660,KRX,1036811,114232,-1128309,55.35,273500,3103427,Naver Finance,https://m.stock.naver.com/domestic/stock/000660/tradingTrend?marketType=KRX
2025-09-05,000660,NXT,161373,109950,-272493,55.35,273500,920334,Naver Finance,https://m.stock.naver.com/domestic/stock/000660/tradingTrend?marketType=NXT
2025-09-08,000660,ALL,594550,65716,-592883,55.44,277500,2727934,Naver Finance,https://m.stock.naver.com/domestic/stock/000660/tradingTrend?marketType=ALL
2025-09-08,000660,KRX,531363,2553,-502828,55.44,277000,2018299,Naver Finance,https://m.stock.naver.com/domestic/stock/000660/tradingTrend?marketType=KRX
2025-09-08,000660,NXT,63187,63163,-90055,55.44,277500,709635,Naver Finance,https://m.stock.naver.com/domestic/stock/000660/tradingTrend?marketType=NXT
2025-09-09,000660,ALL,1421925,97444,-1514582,55.63,287500,5463759,Naver Finance,https://m.stock.naver.com/domestic/stock/000660/tradingTrend?marketType=ALL
2025-09-09,000660,KRX,1351109,-57249,-1274676,55.63,288000,4158342,Naver Finance,https://m.stock.naver.com/domestic/stock/000660/tradingTrend?marketType=KRX
2025-09-09,000660,NXT,70816,154693,-239906,55.63,287500,1305417,Naver Finance,https://m.stock.naver.com/domestic/stock/000660/tradingTrend?marketType=NXT
2025-09-10,000660,ALL,2417223,347884,-2691731,55.97,304500,7278605,Naver Finance,https://m.stock.naver.com/domestic/stock/000660/tradingTrend?marketType=ALL
2025-09-10,000660,KRX,2180179,207320,-2306746,55.97,304000,5265553,Naver Finance,https://m.stock.naver.com/domestic/stock/000660/tradingTrend?marketType=KRX
2025-09-10,000660,NXT,237044,140564,-384985,55.97,304500,2013052,Naver Finance,https://m.stock.naver.com/domestic/stock/000660/tradingTrend?marketType=NXT
2025-09-11,000660,ALL,935417,-197564,-689381,56.09,306500,7029149,Naver Finance,https://m.stock.naver.com/domestic/stock/000660/tradingTrend?marketType=ALL
2025-09-11,000660,KRX,963288,-223152,-704841,56.09,307000,5148088,Naver Finance,https://m.stock.naver.com/domestic/stock/000660/tradingTrend?marketType=KRX
2025-09-11,000660,NXT,-27871,25588,15460,56.09,306500,1881061,Naver Finance,https://m.stock.naver.com/domestic/stock/000660/tradingTrend?marketType=NXT
2025-09-12,000660,ALL,1233096,403069,-1570482,56.21,330000,6569716,Naver Finance,https://m.stock.naver.com/domestic/stock/000660/tradingTrend?marketType=ALL
2025-09-12,000660,KRX,1031871,312354,-1305206,56.21,328500,4242516,Naver Finance,https://m.stock.naver.com/domestic/stock/000660/tradingTrend?marketType=KRX
2025-09-12,000660,NXT,201225,90715,-265276,56.21,330000,2327200,Naver Finance,https://m.stock.naver.com/domestic/stock/000660/tradingTrend?marketType=NXT
2025-09-15,000660,ALL,166009,-59728,-73678,56.25,328000,6323973,Naver Finance,https://m.stock.naver.com/domestic/stock/000660/tradingTrend?marketType=ALL
2025-09-15,000660,KRX,230476,8924,-231456,56.25,331000,4221256,Naver Finance,https://m.stock.naver.com/domestic/stock/000660/tradingTrend?marketType=KRX
2025-09-15,000660,NXT,-64467,-68652,157778,56.25,328000,2102717,Naver Finance,https://m.stock.naver.com/domestic/stock/000660/tradingTrend?marketType=NXT
2025-09-16,000660,ALL,763207,-110667,-630235,56.32,351000,8110613,Naver Finance,https://m.stock.naver.com/domestic/stock/000660/tradingTrend?marketType=ALL
2025-09-16,000660,KRX,736005,-110204,-613141,56.32,348000,5841135,Naver Finance,https://m.stock.naver.com/domestic/stock/000660/tradingTrend?marketType=KRX
2025-09-16,000660,NXT,27202,-463,-17094,56.32,351000,2269478,Naver Finance,https://m.stock.naver.com/domestic/stock/000660/tradingTrend?marketType=NXT
2025-09-17,000660,ALL,-603860,2078,617736,56.26,334500,6017608,Naver Finance,https://m.stock.naver.com/domestic/stock/000660/tradingTrend?marketType=ALL
2025-09-17,000660,KRX,-523391,16245,508867,56.26,333500,4498866,Naver Finance,https://m.stock.naver.com/domestic/stock/000660/tradingTrend?marketType=KRX
2025-09-17,000660,NXT,-80469,-14167,108869,56.26,334500,1518742,Naver Finance,https://m.stock.naver.com/domestic/stock/000660/tradingTrend?marketType=NXT
2025-09-18,000660,ALL,57947,99182,-191813,56.21,357000,6979225,Naver Finance,https://m.stock.naver.com/domestic/stock/000660/tradingTrend?marketType=ALL
2025-09-18,000660,KRX,60118,125398,-194242,56.21,353000,4526286,Naver Finance,https://m.stock.naver.com/domestic/stock/000660/tradingTrend?marketType=KRX
2025-09-18,000660,NXT,-2171,-26216,2429,56.21,357000,2452939,Naver Finance,https://m.stock.naver.com/domestic/stock/000660/tradingTrend?marketType=NXT
2025-09-19,000660,ALL,-652563,-65081,736153,56.08,353000,6407867,Naver Finance,https://m.stock.naver.com/domestic/stock/000660/tradingTrend?marketType=ALL
2025-09-19,000660,KRX,-589747,-19315,600519,56.08,353000,4385543,Naver Finance,https://m.stock.naver.com/domestic/stock/000660/tradingTrend?marketType=KRX
2025-09-19,000660,NXT,-62816,-45766,135634,56.08,353000,2022324,Naver Finance,https://m.stock.naver.com/domestic/stock/000660/tradingTrend?marketType=NXT
2025-09-22,000660,ALL,-863978,404239,446996,55.9,352000,6245607,Naver Finance,https://m.stock.naver.com/domestic/stock/000660/tradingTrend?marketType=ALL
2025-09-22,000660,KRX,-857589,387157,464965,55.9,351000,4377563,Naver Finance,https://m.stock.naver.com/domestic/stock/000660/tradingTrend?marketType=KRX
2025-09-22,000660,NXT,-6389,17082,-17969,55.9,352000,1868044,Naver Finance,https://m.stock.naver.com/domestic/stock/000660/tradingTrend?marketType=NXT
2025-09-23,000660,ALL,15723,206933,-245844,55.9,362500,5073977,Naver Finance,https://m.stock.naver.com/domestic/stock/000660/tradingTrend?marketType=ALL
2025-09-23,000660,KRX,-12600,199611,-193291,55.9,361000,3315336,Naver Finance,https://m.stock.naver.com/domestic/stock/000660/tradingTrend?marketType=KRX
2025-09-23,000660,NXT,28323,7322,-52553,55.9,362500,1758641,Naver Finance,https://m.stock.naver.com/domestic/stock/000660/tradingTrend?marketType=NXT
2025-09-24,000660,ALL,-799728,293305,498454,55.81,357500,5794413,Naver Finance,https://m.stock.naver.com/domestic/stock/000660/tradingTrend?marketType=ALL
2025-09-24,000660,KRX,-753381,283694,456519,55.81,357500,4165199,Naver Finance,https://m.stock.naver.com/domestic/stock/000660/tradingTrend?marketType=KRX
2025-09-24,000660,NXT,-46347,9611,41935,55.81,357500,1629214,Naver Finance,https://m.stock.naver.com/domestic/stock/000660/tradingTrend?marketType=NXT
2025-09-25,000660,ALL,197620,-77557,-133097,55.85,354500,3140450,Naver Finance,https://m.stock.naver.com/domestic/stock/000660/tradingTrend?marketType=ALL
2025-09-25,000660,KRX,227515,-54677,-192046,55.85,356500,2148215,Naver Finance,https://m.stock.naver.com/domestic/stock/000660/tradingTrend?marketType=KRX
2025-09-25,000660,NXT,-29895,-22880,58949,55.85,354500,992235,Naver Finance,https://m.stock.naver.com/domestic/stock/000660/tradingTrend?marketType=NXT
2025-09-26,000660,ALL,-1146785,-92752,1226452,55.57,335500,5363347,Naver Finance,https://m.stock.naver.com/domestic/stock/000660/tradingTrend?marketType=ALL
2025-09-26,000660,KRX,-1046173,-47041,1071106,55.57,336500,3685324,Naver Finance,https://m.stock.naver.com/domestic/stock/000660/tradingTrend?marketType=KRX
2025-09-26,000660,NXT,-100612,-45711,155346,55.57,335500,1678023,Naver Finance,https://m.stock.naver.com/domestic/stock/000660/tradingTrend?marketType=NXT
2025-09-29,000660,ALL,309265,226246,-536515,55.48,351000,3480363,Naver Finance,https://m.stock.naver.com/domestic/stock/000660/tradingTrend?marketType=ALL
2025-09-29,000660,KRX,247455,165103,-405440,55.48,349000,2275986,Naver Finance,https://m.stock.naver.com/domestic/stock/000660/tradingTrend?marketType=KRX
2025-09-29,000660,NXT,61810,61143,-131075,55.48,351000,1204377,Naver Finance,https://m.stock.naver.com/domestic/stock/000660/tradingTrend?marketType=NXT
2025-09-30,000660,ALL,-262756,-28479,288752,55.45,348000,3138059,Naver Finance,https://m.stock.naver.com/domestic/stock/000660/tradingTrend?marketType=ALL
2025-09-30,000660,KRX,-207704,17393,180827,55.45,347500,2238614,Naver Finance,https://m.stock.naver.com/domestic/stock/000660/tradingTrend?marketType=KRX
2025-09-30,000660,NXT,-55052,-45872,107925,55.45,348000,899445,Naver Finance,https://m.stock.naver.com/domestic/stock/000660/tradingTrend?marketType=NXT
2025-10-01,000660,ALL,278412,341827,-655791,55.48,364000,4377467,Naver Finance,https://m.stock.naver.com/domestic/stock/000660/tradingTrend?marketType=ALL
2025-10-01,000660,KRX,203493,270253,-490160,55.48,360000,2802437,Naver Finance,https://m.stock.naver.com/domestic/stock/000660/tradingTrend?marketType=KRX
2025-10-01,000660,NXT,74919,71574,-165631,55.48,364000,1575030,Naver Finance,https://m.stock.naver.com/domestic/stock/000660/tradingTrend?marketType=NXT
2025-10-02,000660,ALL,1025446,-201204,-832078,55.64,397500,10976040,Naver Finance,https://m.stock.naver.com/domestic/stock/000660/tradingTrend?marketType=ALL
2025-10-02,000660,KRX,1031530,-215434,-821959,55.64,395500,7430763,Naver Finance,https://m.stock.naver.com/domestic/stock/000660/tradingTrend?marketType=KRX
2025-10-02,000660,NXT,-6084,14230,-10119,55.64,397500,3545277,Naver Finance,https://m.stock.naver.com/domestic/stock/000660/tradingTrend?marketType=NXT
2025-10-10,000660,ALL,-207058,-499501,687087,55.61,426000,9787852,Naver Finance,https://m.stock.naver.com/domestic/stock/000660/tradingTrend?marketType=ALL
2025-10-10,000660,KRX,-163368,-425711,569699,55.61,428000,6835852,Naver Finance,https://m.stock.naver.com/domestic/stock/000660/tradingTrend?marketType=KRX
2025-10-10,000660,NXT,-43690,-73790,117388,55.61,426000,2952000,Naver Finance,https://m.stock.naver.com/domestic/stock/000660/tradingTrend?marketType=NXT
2025-10-13,000660,ALL,-1398300,85077,1251435,55.44,423500,6698518,Naver Finance,https://m.stock.naver.com/domestic/stock/000660/tradingTrend?marketType=ALL
2025-10-13,000660,KRX,-1278923,210510,1007023,55.44,415000,4356534,Naver Finance,https://m.stock.naver.com/domestic/stock/000660/tradingTrend?marketType=KRX
2025-10-13,000660,NXT,-119377,-125433,244412,55.44,423500,2341984,Naver Finance,https://m.stock.naver.com/domestic/stock/000660/tradingTrend?marketType=NXT
2025-10-14,000660,ALL,-67518,-133626,188498,55.41,403500,6291923,Naver Finance,https://m.stock.naver.com/domestic/stock/000660/tradingTrend?marketType=ALL
2025-10-14,000660,KRX,-49708,-2718,36923,55.41,411500,4101275,Naver Finance,https://m.stock.naver.com/domestic/stock/000660/tradingTrend?marketType=KRX
2025-10-14,000660,NXT,-17810,-130908,151575,55.41,403500,2190648,Naver Finance,https://m.stock.naver.com/domestic/stock/000660/tradingTrend?marketType=NXT
2025-10-15,000660,ALL,-779469,448354,305132,55.3,425500,4040292,Naver Finance,https://m.stock.naver.com/domestic/stock/000660/tradingTrend?marketType=ALL
2025-10-15,000660,KRX,-760648,406496,340737,55.3,422500,2688019,Naver Finance,https://m.stock.naver.com/domestic/stock/000660/tradingTrend?marketType=KRX
2025-10-15,000660,NXT,-18821,41858,-35605,55.3,425500,1352273,Naver Finance,https://m.stock.naver.com/domestic/stock/000660/tradingTrend?marketType=NXT
2025-10-16,000660,ALL,442134,130223,-605381,55.35,455000,6615148,Naver Finance,https://m.stock.naver.com/domestic/stock/000660/tradingTrend?marketType=ALL
2025-10-16,000660,KRX,350491,139672,-511720,55.35,452500,4247934,Naver Finance,https://m.stock.naver.com/domestic/stock/000660/tradingTrend?marketType=KRX
2025-10-16,000660,NXT,91643,-9449,-93661,55.35,455000,2367214,Naver Finance,https://m.stock.naver.com/domestic/stock/000660/tradingTrend?marketType=NXT
2025-10-17,000660,ALL,-541540,206155,335521,55.3,454500,7680258,Naver Finance,https://m.stock.naver.com/domestic/stock/000660/tradingTrend?marketType=ALL
2025-10-17,000660,KRX,-433516,234374,194708,55.3,465500,4541583,Naver Finance,https://m.stock.naver.com/domestic/stock/000660/tradingTrend?marketType=KRX
2025-10-17,000660,NXT,-108024,-28219,140813,55.3,454500,3138675,Naver Finance,https://m.stock.naver.com/domestic/stock/000660/tradingTrend?marketType=NXT
2025-10-20,000660,ALL,-482703,183884,291634,55.23,490000,5522463,Naver Finance,https://m.stock.naver.com/domestic/stock/000660/tradingTrend?marketType=ALL
2025-10-20,000660,KRX,-497216,254026,250643,55.23,485500,3333903,Naver Finance,https://m.stock.naver.com/domestic/stock/000660/tradingTrend?marketType=KRX
2025-10-20,000660,NXT,14513,-70142,40991,55.23,490000,2188560,Naver Finance,https://m.stock.naver.com/domestic/stock/000660/tradingTrend?marketType=NXT
2025-10-21,000660,ALL,-800406,-165941,1014132,55.13,486000,6655407,Naver Finance,https://m.stock.naver.com/domestic/stock/000660/tradingTrend?marketType=ALL
2025-10-21,000660,KRX,-792724,-66149,864862,55.13,479000,4126858,Naver Finance,https://m.stock.naver.com/domestic/stock/000660/tradingTrend?marketType=KRX
2025-10-21,000660,NXT,-7682,-99792,149270,55.13,486000,2528549,Naver Finance,https://m.stock.naver.com/domestic/stock/000660/tradingTrend?marketType=NXT
2025-10-22,000660,ALL,-1155200,245552,889620,54.96,481000,5508761,Naver Finance,https://m.stock.naver.com/domestic/stock/000660/tradingTrend?marketType=ALL
2025-10-22,000660,KRX,-1102585,309326,775079,54.96,481500,3870276,Naver Finance,https://m.stock.naver.com/domestic/stock/000660/tradingTrend?marketType=KRX
2025-10-22,000660,NXT,-52615,-63774,114541,54.96,481000,1638485,Naver Finance,https://m.stock.naver.com/domestic/stock/000660/tradingTrend?marketType=NXT
2025-10-23,000660,ALL,-593870,131679,461861,54.87,477000,5212490,Naver Finance,https://m.stock.naver.com/domestic/stock/000660/tradingTrend?marketType=ALL
2025-10-23,000660,KRX,-564516,153080,382825,54.87,478500,3583993,Naver Finance,https://m.stock.naver.com/domestic/stock/000660/tradingTrend?marketType=KRX
2025-10-23,000660,NXT,-29354,-21401,79036,54.87,477000,1628497,Naver Finance,https://m.stock.naver.com/domestic/stock/000660/tradingTrend?marketType=NXT
2025-10-24,000660,ALL,145193,552397,-706844,54.99,513000,7231421,Naver Finance,https://m.stock.naver.com/domestic/stock/000660/tradingTrend?marketType=ALL
2025-10-24,000660,KRX,163026,506428,-660317,54.99,510000,4254202,Naver Finance,https://m.stock.naver.com/domestic/stock/000660/tradingTrend?marketType=KRX
2025-10-24,000660,NXT,-17833,45969,-46527,54.99,513000,2977219,Naver Finance,https://m.stock.naver.com/domestic/stock/000660/tradingTrend?marketType=NXT
2025-10-27,000660,ALL,-555260,-85,533650,54.94,553000,6978151,Naver Finance,https://m.stock.naver.com/domestic/stock/000660/tradingTrend?marketType=ALL
2025-10-27,000660,KRX,-545184,49938,478481,54.94,535000,3381231,Naver Finance,https://m.stock.naver.com/domestic/stock/000660/tradingTrend?marketType=KRX
2025-10-27,000660,NXT,-10076,-50023,55169,54.94,553000,3596920,Naver Finance,https://m.stock.naver.com/domestic/stock/000660/tradingTrend?marketType=NXT
2025-10-28,000660,ALL,-2531433,86448,2378068,54.63,519000,8539380,Naver Finance,https://m.stock.naver.com/domestic/stock/000660/tradingTrend?marketType=ALL
2025-10-28,000660,KRX,-2481450,247022,2171725,54.63,521000,5659008,Naver Finance,https://m.stock.naver.com/domestic/stock/000660/tradingTrend?marketType=KRX
2025-10-28,000660,NXT,-49983,-160574,206343,54.63,519000,2880372,Naver Finance,https://m.stock.naver.com/domestic/stock/000660/tradingTrend?marketType=NXT
2025-10-29,000660,ALL,-259736,320857,-125239,54.6,568000,9599491,Naver Finance,https://m.stock.naver.com/domestic/stock/000660/tradingTrend?marketType=ALL
2025-10-29,000660,KRX,-393083,315428,53141,54.6,558000,4803031,Naver Finance,https://m.stock.naver.com/domestic/stock/000660/tradingTrend?marketType=KRX
2025-10-29,000660,NXT,133347,5429,-178380,54.6,568000,4796460,Naver Finance,https://m.stock.naver.com/domestic/stock/000660/tradingTrend?marketType=NXT
2025-10-30,000660,ALL,-525416,-210361,736203,54.53,565000,8661112,Naver Finance,https://m.stock.naver.com/domestic/stock/000660/tradingTrend?marketType=ALL
2025-10-30,000660,KRX,-457122,-86681,509729,54.53,568000,4888461,Naver Finance,https://m.stock.naver.com/domestic/stock/000660/tradingTrend?marketType=KRX
2025-10-30,000660,NXT,-68294,-123680,226474,54.53,565000,3772651,Naver Finance,https://m.stock.naver.com/domestic/stock/000660/tradingTrend?marketType=NXT
2025-10-31,000660,ALL,-1129657,318865,797184,54.37,560000,5478469,Naver Finance,https://m.stock.naver.com/domestic/stock/000660/tradingTrend?marketType=ALL
2025-10-31,000660,KRX,-1086281,338775,720547,54.37,559000,3351809,Naver Finance,https://m.stock.naver.com/domestic/stock/000660/tradingTrend?marketType=KRX
2025-10-31,000660,NXT,-43376,-19910,76637,54.37,560000,2126660,Naver Finance,https://m.stock.naver.com/domestic/stock/000660/tradingTrend?marketType=NXT
2025-11-03,000660,ALL,-251116,475496,-231728,54.33,629000,10534967,Naver Finance,https://m.stock.naver.com/domestic/stock/000660/tradingTrend?marketType=ALL
2025-11-03,000660,KRX,-336479,516474,-163287,54.33,620000,5787058,Naver Finance,https://m.stock.naver.com/domestic/stock/000660/tradingTrend?marketType=KRX
2025-11-03,000660,NXT,85363,-40978,-68441,54.33,629000,4747909,Naver Finance,https://m.stock.naver.com/domestic/stock/000660/tradingTrend?marketType=NXT
2025-11-04,000660,ALL,-2703274,13309,2571855,54.21,585000,10406538,Naver Finance,https://m.stock.naver.com/domestic/stock/000660/tradingTrend?marketType=ALL
2025-11-04,000660,KRX,-2474935,88297,2262451,54.21,586000,5969769,Naver Finance,https://m.stock.naver.com/domestic/stock/000660/tradingTrend?marketType=KRX
2025-11-04,000660,NXT,-228339,-74988,309404,54.21,585000,4436769,Naver Finance,https://m.stock.naver.com/domestic/stock/000660/tradingTrend?marketType=NXT
2025-11-05,000660,ALL,-2238413,759643,1227172,53.9,580000,15412771,Naver Finance,https://m.stock.naver.com/domestic/stock/000660/tradingTrend?marketType=ALL
2025-11-05,000660,KRX,-2187249,651613,1382776,53.9,579000,8976222,Naver Finance,https://m.stock.naver.com/domestic/stock/000660/tradingTrend?marketType=KRX
2025-11-05,000660,NXT,-51164,108030,-155604,53.9,580000,6436549,Naver Finance,https://m.stock.naver.com/domestic/stock/000660/tradingTrend?marketType=NXT
2025-11-06,000660,ALL,-709091,639065,78670,53.77,596000,9148761,Naver Finance,https://m.stock.naver.com/domestic/stock/000660/tradingTrend?marketType=ALL
2025-11-06,000660,KRX,-778073,613706,189867,53.77,593000,5321244,Naver Finance,https://m.stock.naver.com/domestic/stock/000660/tradingTrend?marketType=KRX
2025-11-06,000660,NXT,68982,25359,-111197,53.77,596000,3827517,Naver Finance,https://m.stock.naver.com/domestic/stock/000660/tradingTrend?marketType=NXT
2025-11-07,000660,ALL,-529022,96957,381338,53.7,572000,8153651,Naver Finance,https://m.stock.naver.com/domestic/stock/000660/tradingTrend?marketType=ALL
2025-11-07,000660,KRX,-548231,4847,504925,53.7,580000,4789397,Naver Finance,https://m.stock.naver.com/domestic/stock/000660/tradingTrend?marketType=KRX
2025-11-07,000660,NXT,19209,92110,-123587,53.7,572000,3364254,Naver Finance,https://m.stock.naver.com/domestic/stock/000660/tradingTrend?marketType=NXT
2025-11-10,000660,ALL,-302477,875660,-610472,53.67,612000,8095069,Naver Finance,https://m.stock.naver.com/domestic/stock/000660/tradingTrend?marketType=ALL
2025-11-10,000660,KRX,-305491,737643,-437029,53.67,606000,4893645,Naver Finance,https://m.stock.naver.com/domestic/stock/000660/tradingTrend?marketType=KRX
2025-11-10,000660,NXT,3014,138017,-173443,53.67,612000,3201424,Naver Finance,https://m.stock.naver.com/domestic/stock/000660/tradingTrend?marketType=NXT
2025-11-11,000660,ALL,-716754,58850,579848,53.57,612000,9922488,Naver Finance,https://m.stock.naver.com/domestic/stock/000660/tradingTrend?marketType=ALL
2025-11-11,000660,KRX,-699241,148916,534706,53.57,619000,5508697,Naver Finance,https://m.stock.naver.com/domestic/stock/000660/tradingTrend?marketType=KRX
2025-11-11,000660,NXT,-17513,-90066,45142,53.57,612000,4413791,Naver Finance,https://m.stock.naver.com/domestic/stock/000660/tradingTrend?marketType=NXT
2025-11-12,000660,ALL,-810714,263315,555187,53.95,620000,4841018,Naver Finance,https://m.stock.naver.com/domestic/stock/000660/tradingTrend?marketType=ALL
2025-11-12,000660,KRX,-745277,328522,426752,53.95,617000,2831484,Naver Finance,https://m.stock.naver.com/domestic/stock/000660/tradingTrend?marketType=KRX
2025-11-12,000660,NXT,-65437,-65207,128435,53.95,620000,2009534,Naver Finance,https://m.stock.naver.com/domestic/stock/000660/tradingTrend?marketType=NXT
2025-11-13,000660,ALL,414895,-871914,462753,54.0,609000,5353629,Naver Finance,https://m.stock.naver.com/domestic/stock/000660/tradingTrend?marketType=ALL
2025-11-13,000660,KRX,486644,-754751,259239,54.0,612000,3875541,Naver Finance,https://m.stock.naver.com/domestic/stock/000660/tradingTrend?marketType=KRX
2025-11-13,000660,NXT,-71749,-117163,203514,54.0,609000,1478088,Naver Finance,https://m.stock.naver.com/domestic/stock/000660/tradingTrend?marketType=NXT
2025-11-14,000660,ALL,-2745363,-686686,3440761,53.67,564000,10118303,Naver Finance,https://m.stock.naver.com/domestic/stock/000660/tradingTrend?marketType=ALL
2025-11-14,000660,KRX,-2179054,-522325,2681424,53.67,560000,5778374,Naver Finance,https://m.stock.naver.com/domestic/stock/000660/tradingTrend?marketType=KRX
2025-11-14,000660,NXT,-566309,-164361,759337,53.67,564000,4339929,Naver Finance,https://m.stock.naver.com/domestic/stock/000660/tradingTrend?marketType=NXT
2025-11-17,000660,ALL,671517,132746,-833870,53.76,597000,7993516,Naver Finance,https://m.stock.naver.com/domestic/stock/000660/tradingTrend?marketType=ALL
2025-11-17,000660,KRX,581256,58456,-611693,53.76,606000,4470947,Naver Finance,https://m.stock.naver.com/domestic/stock/000660/tradingTrend?marketType=KRX
2025-11-17,000660,NXT,90261,74290,-222177,53.76,597000,3522569,Naver Finance,https://m.stock.naver.com/domestic/stock/000660/tradingTrend?marketType=NXT
2025-11-18,000660,ALL,-1056834,-321294,1300242,53.63,577000,6682376,Naver Finance,https://m.stock.naver.com/domestic/stock/000660/tradingTrend?marketType=ALL
2025-11-18,000660,KRX,-640841,-269404,908964,53.63,570000,3544391,Naver Finance,https://m.stock.naver.com/domestic/stock/000660/tradingTrend?marketType=KRX
2025-11-18,000660,NXT,-415993,-51890,391278,53.63,577000,3137985,Naver Finance,https://m.stock.naver.com/domestic/stock/000660/tradingTrend?marketType=NXT
2025-11-19,000660,ALL,-1190555,69680,1054949,53.46,573000,8117199,Naver Finance,https://m.stock.naver.com/domestic/stock/000660/tradingTrend?marketType=ALL
2025-11-19,000660,KRX,-828120,71561,766031,53.46,562000,4529736,Naver Finance,https://m.stock.naver.com/domestic/stock/000660/tradingTrend?marketType=KRX
2025-11-19,000660,NXT,-362435,-1881,288918,53.46,573000,3587463,Naver Finance,https://m.stock.naver.com/domestic/stock/000660/tradingTrend?marketType=NXT
2025-11-20,000660,ALL,-633890,137426,533338,53.36,568000,9072761,Naver Finance,https://m.stock.naver.com/domestic/stock/000660/tradingTrend?marketType=ALL
2025-11-20,000660,KRX,-226902,144241,93269,53.36,571000,4670237,Naver Finance,https://m.stock.naver.com/domestic/stock/000660/tradingTrend?marketType=KRX
2025-11-20,000660,NXT,-406988,-6815,440069,53.36,568000,4402524,Naver Finance,https://m.stock.naver.com/domestic/stock/000660/tradingTrend?marketType=NXT
2025-11-21,000660,ALL,-2983997,294470,2645823,53.59,516000,12169132,Naver Finance,https://m.stock.naver.com/domestic/stock/000660/tradingTrend?marketType=ALL
2025-11-21,000660,KRX,-2797136,441817,2322048,53.59,521000,6646712,Naver Finance,https://m.stock.naver.com/domestic/stock/000660/tradingTrend?marketType=KRX
2025-11-21,000660,NXT,-186861,-147347,323775,53.59,516000,5522420,Naver Finance,https://m.stock.naver.com/domestic/stock/000660/tradingTrend?marketType=NXT
2025-11-24,000660,ALL,-617548,1041623,-454252,53.46,520000,9725266,Naver Finance,https://m.stock.naver.com/domestic/stock/000660/tradingTrend?marketType=ALL
2025-11-24,000660,KRX,-729590,994629,-288527,53.46,520000,6399162,Naver Finance,https://m.stock.naver.com/domestic/stock/000660/tradingTrend?marketType=KRX
2025-11-24,000660,NXT,112042,46994,-165725,53.46,520000,3326104,Naver Finance,https://m.stock.naver.com/domestic/stock/000660/tradingTrend?marketType=NXT
2025-11-25,000660,ALL,-61201,188574,-105902,53.43,514000,7307011,Naver Finance,https://m.stock.naver.com/domestic/stock/000660/tradingTrend?marketType=ALL
2025-11-25,000660,KRX,17030,125250,-123679,53.43,519000,3716730,Naver Finance,https://m.stock.naver.com/domestic/stock/000660/tradingTrend?marketType=KRX
2025-11-25,000660,NXT,-78231,63324,17777,53.43,514000,3590281,Naver Finance,https://m.stock.naver.com/domestic/stock/000660/tradingTrend?marketType=NXT
2025-11-26,000660,ALL,-614193,574645,-8518,53.34,527000,8750955,Naver Finance,https://m.stock.naver.com/domestic/stock/000660/tradingTrend?marketType=ALL
2025-11-26,000660,KRX,-421218,512353,-146745,53.34,524000,5127393,Naver Finance,https://m.stock.naver.com/domestic/stock/000660/tradingTrend?marketType=KRX
2025-11-26,000660,NXT,-192975,62292,138227,53.34,527000,3623562,Naver Finance,https://m.stock.naver.com/domestic/stock/000660/tradingTrend?marketType=NXT
2025-11-27,000660,ALL,498266,402746,-864347,53.39,546000,6752188,Naver Finance,https://m.stock.naver.com/domestic/stock/000660/tradingTrend?marketType=ALL
2025-11-27,000660,KRX,467986,374015,-833591,53.39,544000,3654092,Naver Finance,https://m.stock.naver.com/domestic/stock/000660/tradingTrend?marketType=KRX
2025-11-27,000660,NXT,30280,28731,-30756,53.39,546000,3098096,Naver Finance,https://m.stock.naver.com/domestic/stock/000660/tradingTrend?marketType=NXT
2025-11-28,000660,ALL,-1086918,278305,814811,53.21,537000,4448762,Naver Finance,https://m.stock.naver.com/domestic/stock/000660/tradingTrend?marketType=ALL
2025-11-28,000660,KRX,-1048265,291765,768693,53.21,530000,2680138,Naver Finance,https://m.stock.naver.com/domestic/stock/000660/tradingTrend?marketType=KRX
2025-11-28,000660,NXT,-38653,-13460,46118,53.21,537000,1768624,Naver Finance,https://m.stock.naver.com/domestic/stock/000660/tradingTrend?marketType=NXT
2025-12-01,000660,ALL,787992,17350,-809317,53.3,538000,4888346,Naver Finance,https://m.stock.naver.com/domestic/stock/000660/tradingTrend?marketType=ALL
2025-12-01,000660,KRX,674065,-7810,-665671,53.3,538000,3134704,Naver Finance,https://m.stock.naver.com/domestic/stock/000660/tradingTrend?marketType=KRX
2025-12-01,000660,NXT,113927,25160,-143646,53.3,538000,1753642,Naver Finance,https://m.stock.naver.com/domestic/stock/000660/tradingTrend?marketType=NXT
2025-12-02,000660,ALL,497585,229700,-721753,53.39,563000,4415553,Naver Finance,https://m.stock.naver.com/domestic/stock/000660/tradingTrend?marketType=ALL
2025-12-02,000660,KRX,515850,182986,-688212,53.39,558000,2686580,Naver Finance,https://m.stock.naver.com/domestic/stock/000660/tradingTrend?marketType=KRX
2025-12-02,000660,NXT,-18265,46714,-33541,53.39,563000,1728973,Naver Finance,https://m.stock.naver.com/domestic/stock/000660/tradingTrend?marketType=NXT
2025-12-03,000660,ALL,-605731,31637,545575,53.3,552000,4419336,Naver Finance,https://m.stock.naver.com/domestic/stock/000660/tradingTrend?marketType=ALL
2025-12-03,000660,KRX,-420573,101001,301270,53.3,552000,2586619,Naver Finance,https://m.stock.naver.com/domestic/stock/000660/tradingTrend?marketType=KRX
2025-12-03,000660,NXT,-185158,-69364,244305,53.3,552000,1832717,Naver Finance,https://m.stock.naver.com/domestic/stock/000660/tradingTrend?marketType=NXT
2025-12-04,000660,ALL,-814002,-259404,1072283,53.18,538000,4623856,Naver Finance,https://m.stock.naver.com/domestic/stock/000660/tradingTrend?marketType=ALL
2025-12-04,000660,KRX,-759269,-155081,908787,53.18,542000,2858305,Naver Finance,https://m.stock.naver.com/domestic/stock/000660/tradingTrend?marketType=KRX
2025-12-04,000660,NXT,-54733,-104323,163496,53.18,538000,1765551,Naver Finance,https://m.stock.naver.com/domestic/stock/000660/tradingTrend?marketType=NXT
2025-12-05,000660,ALL,-216704,137379,127250,53.14,543000,4961342,Naver Finance,https://m.stock.naver.com/domestic/stock/000660/tradingTrend?marketType=ALL
2025-12-05,000660,KRX,-181794,182172,36431,53.14,544000,3204933,Naver Finance,https://m.stock.naver.com/domestic/stock/000660/tradingTrend?marketType=KRX
2025-12-05,000660,NXT,-34910,-44793,90819,53.14,543000,1756409,Naver Finance,https://m.stock.naver.com/domestic/stock/000660/tradingTrend?marketType=NXT
2025-12-08,000660,ALL,644629,246911,-941939,53.23,574000,7449914,Naver Finance,https://m.stock.naver.com/domestic/stock/000660/tradingTrend?marketType=ALL
2025-12-08,000660,KRX,498883,202215,-750655,53.23,577000,4288433,Naver Finance,https://m.stock.naver.com/domestic/stock/000660/tradingTrend?marketType=KRX
2025-12-08,000660,NXT,145746,44696,-191284,53.23,574000,3161481,Naver Finance,https://m.stock.naver.com/domestic/stock/000660/tradingTrend?marketType=NXT
2025-12-09,000660,ALL,-27912,-75009,85272,53.24,571000,4328383,Naver Finance,https://m.stock.naver.com/domestic/stock/000660/tradingTrend?marketType=ALL
2025-12-09,000660,KRX,55984,-55717,-12512,53.24,566000,2391174,Naver Finance,https://m.stock.naver.com/domestic/stock/000660/tradingTrend?marketType=KRX
2025-12-09,000660,NXT,-83896,-19292,97784,53.24,571000,1937209,Naver Finance,https://m.stock.naver.com/domestic/stock/000660/tradingTrend?marketType=NXT
2025-12-10,000660,ALL,1345593,-10298,-1352770,53.41,587000,6682961,Naver Finance,https://m.stock.naver.com/domestic/stock/000660/tradingTrend?marketType=ALL
2025-12-10,000660,KRX,1237720,18361,-1264407,53.41,587000,3986083,Naver Finance,https://m.stock.naver.com/domestic/stock/000660/tradingTrend?marketType=KRX
2025-12-10,000660,NXT,107873,-28659,-88363,53.41,587000,2696878,Naver Finance,https://m.stock.naver.com/domestic/stock/000660/tradingTrend?marketType=NXT
2025-12-11,000660,ALL,-278822,-185201,449867,53.38,587000,4021907,Naver Finance,https://m.stock.naver.com/domestic/stock/000660/tradingTrend?marketType=ALL
2025-12-11,000660,KRX,-278822,-185201,449867,53.38,565000,4021907,Naver Finance,https://m.stock.naver.com/domestic/stock/000660/tradingTrend?marketType=KRX
2025-12-11,000660,NXT,0,0,0,53.38,587000,,Naver Finance,https://m.stock.naver.com/domestic/stock/000660/tradingTrend?marketType=NXT
2025-12-12,000660,ALL,-25210,252823,-247896,53.38,587000,2646148,Naver Finance,https://m.stock.naver.com/domestic/stock/000660/tradingTrend?marketType=ALL
2025-12-12,000660,KRX,-25210,252823,-247896,53.38,571000,2646148,Naver Finance,https://m.stock.naver.com/domestic/stock/000660/tradingTrend?marketType=KRX
2025-12-12,000660,NXT,0,0,0,53.38,587000,,Naver Finance,https://m.stock.naver.com/domestic/stock/000660/tradingTrend?marketType=NXT
2025-12-15,000660,ALL,119433,-395426,271286,53.41,587000,2482125,Naver Finance,https://m.stock.naver.com/domestic/stock/000660/tradingTrend?marketType=ALL
2025-12-15,000660,KRX,119433,-395426,271286,53.41,554000,2482125,Naver Finance,https://m.stock.naver.com/domestic/stock/000660/tradingTrend?marketType=KRX
2025-12-15,000660,NXT,0,0,0,53.41,587000,,Naver Finance,https://m.stock.naver.com/domestic/stock/000660/tradingTrend?marketType=NXT
2025-12-16,000660,ALL,-707508,-151894,841714,53.32,587000,3287998,Naver Finance,https://m.stock.naver.com/domestic/stock/000660/tradingTrend?marketType=ALL
2025-12-16,000660,KRX,-707508,-151894,841714,53.32,530000,3287998,Naver Finance,https://m.stock.naver.com/domestic/stock/000660/tradingTrend?marketType=KRX
2025-12-16,000660,NXT,0,0,0,53.32,587000,,Naver Finance,https://m.stock.naver.com/domestic/stock/000660/tradingTrend?marketType=NXT
2025-12-17,000660,ALL,40342,41873,-113281,53.34,587000,2692626,Naver Finance,https://m.stock.naver.com/domestic/stock/000660/tradingTrend?marketType=ALL
2025-12-17,000660,KRX,40342,41873,-113281,53.34,551000,2692626,Naver Finance,https://m.stock.naver.com/domestic/stock/000660/tradingTrend?marketType=KRX
2025-12-17,000660,NXT,0,0,0,53.34,587000,,Naver Finance,https://m.stock.naver.com/domestic/stock/000660/tradingTrend?marketType=NXT
2025-12-18,000660,ALL,279018,192569,-456566,53.37,587000,2959059,Naver Finance,https://m.stock.naver.com/domestic/stock/000660/tradingTrend?marketType=ALL
2025-12-18,000660,KRX,279018,192569,-456566,53.37,552000,2959059,Naver Finance,https://m.stock.naver.com/domestic/stock/000660/tradingTrend?marketType=KRX
2025-12-18,000660,NXT,0,0,0,53.37,587000,,Naver Finance,https://m.stock.naver.com/domestic/stock/000660/tradingTrend?marketType=NXT
2025-12-19,000660,ALL,-438972,612047,-174550,53.33,587000,3440005,Naver Finance,https://m.stock.naver.com/domestic/stock/000660/tradingTrend?marketType=ALL
2025-12-19,000660,KRX,-438972,612047,-174550,53.33,547000,3440005,Naver Finance,https://m.stock.naver.com/domestic/stock/000660/tradingTrend?marketType=KRX
2025-12-19,000660,NXT,0,0,0,53.33,587000,,Naver Finance,https://m.stock.naver.com/domestic/stock/000660/tradingTrend?marketType=NXT
2025-12-22,000660,ALL,691783,884279,-1564175,53.42,587000,2878464,Naver Finance,https://m.stock.naver.com/domestic/stock/000660/tradingTrend?marketType=ALL
2025-12-22,000660,KRX,691783,884279,-1564175,53.42,580000,2878464,Naver Finance,https://m.stock.naver.com/domestic/stock/000660/tradingTrend?marketType=KRX
2025-12-22,000660,NXT,0,0,0,53.42,587000,,Naver Finance,https://m.stock.naver.com/domestic/stock/000660/tradingTrend?marketType=NXT
2025-12-23,000660,ALL,163282,296850,-443815,53.44,587000,2011188,Naver Finance,https://m.stock.naver.com/domestic/stock/000660/tradingTrend?marketType=ALL
2025-12-23,000660,KRX,163282,296850,-443815,53.44,584000,2011188,Naver Finance,https://m.stock.naver.com/domestic/stock/000660/tradingTrend?marketType=KRX
2025-12-23,000660,NXT,0,0,0,53.44,587000,,Naver Finance,https://m.stock.naver.com/domestic/stock/000660/tradingTrend?marketType=NXT
2025-12-24,000660,ALL,718233,166819,-879200,53.54,587000,2160697,Naver Finance,https://m.stock.naver.com/domestic/stock/000660/tradingTrend?marketType=ALL
2025-12-24,000660,KRX,718233,166819,-879200,53.54,588000,2160697,Naver Finance,https://m.stock.naver.com/domestic/stock/000660/tradingTrend?marketType=KRX
2025-12-24,000660,NXT,0,0,0,53.54,587000,,Naver Finance,https://m.stock.naver.com/domestic/stock/000660/tradingTrend?marketType=NXT
2025-12-26,000660,ALL,1284236,319114,-1610353,53.74,587000,4243548,Naver Finance,https://m.stock.naver.com/domestic/stock/000660/tradingTrend?marketType=ALL
2025-12-26,000660,KRX,1284236,319114,-1610353,53.74,599000,4243548,Naver Finance,https://m.stock.naver.com/domestic/stock/000660/tradingTrend?marketType=KRX
2025-12-26,000660,NXT,0,0,0,53.74,587000,,Naver Finance,https://m.stock.naver.com/domestic/stock/000660/tradingTrend?marketType=NXT
2025-12-29,000660,ALL,412517,-261522,-106238,53.82,635000,6460022,Naver Finance,https://m.stock.naver.com/domestic/stock/000660/tradingTrend?marketType=ALL
2025-12-29,000660,KRX,264373,-168100,-85702,53.82,640000,4176151,Naver Finance,https://m.stock.naver.com/domestic/stock/000660/tradingTrend?marketType=KRX
2025-12-29,000660,NXT,148144,-93422,-20536,53.82,635000,2283871,Naver Finance,https://m.stock.naver.com/domestic/stock/000660/tradingTrend?marketType=NXT
2025-12-30,000660,ALL,-143546,-200589,339855,53.83,652000,5789931,Naver Finance,https://m.stock.naver.com/domestic/stock/000660/tradingTrend?marketType=ALL
2025-12-30,000660,KRX,-127503,-132754,246689,53.83,651000,4094603,Naver Finance,https://m.stock.naver.com/domestic/stock/000660/tradingTrend?marketType=KRX
2025-12-30,000660,NXT,-16043,-67835,93166,53.83,652000,1695328,Naver Finance,https://m.stock.naver.com/domestic/stock/000660/tradingTrend?marketType=NXT
2026-01-02,000660,ALL,-143660,-89858,202450,53.81,678000,5707505,Naver Finance,https://m.stock.naver.com/domestic/stock/000660/tradingTrend?marketType=ALL
2026-01-02,000660,KRX,-128416,-47198,146852,53.81,677000,4181895,Naver Finance,https://m.stock.naver.com/domestic/stock/000660/tradingTrend?marketType=KRX
2026-01-02,000660,NXT,-15244,-42660,55598,53.81,678000,1525610,Naver Finance,https://m.stock.naver.com/domestic/stock/000660/tradingTrend?marketType=NXT
2026-01-05,000660,ALL,48902,-52803,614,53.82,700000,6573355,Naver Finance,https://m.stock.naver.com/domestic/stock/000660/tradingTrend?marketType=ALL
2026-01-05,000660,KRX,59550,-12065,-54377,53.82,696000,4337511,Naver Finance,https://m.stock.naver.com/domestic/stock/000660/tradingTrend?marketType=KRX
2026-01-05,000660,NXT,-10648,-40738,54991,53.82,700000,2235844,Naver Finance,https://m.stock.naver.com/domestic/stock/000660/tradingTrend?marketType=NXT
2026-01-06,000660,ALL,401225,-102305,-296178,53.88,714000,7358971,Naver Finance,https://m.stock.naver.com/domestic/stock/000660/tradingTrend?marketType=ALL
2026-01-06,000660,KRX,321880,-81499,-250436,53.88,726000,4830275,Naver Finance,https://m.stock.naver.com/domestic/stock/000660/tradingTrend?marketType=KRX
2026-01-06,000660,NXT,79345,-20806,-45742,53.88,714000,2528696,Naver Finance,https://m.stock.naver.com/domestic/stock/000660/tradingTrend?marketType=NXT
2026-01-07,000660,ALL,781219,-127828,-637247,53.98,741000,8061518,Naver Finance,https://m.stock.naver.com/domestic/stock/000660/tradingTrend?marketType=ALL
2026-01-07,000660,KRX,724258,-95419,-616495,53.98,742000,5693115,Naver Finance,https://m.stock.naver.com/domestic/stock/000660/tradingTrend?marketType=KRX
2026-01-07,000660,NXT,56961,-32409,-20752,53.98,741000,2368403,Naver Finance,https://m.stock.naver.com/domestic/stock/000660/tradingTrend?marketType=NXT
2026-01-08,000660,ALL,-153240,-278487,421314,53.97,763000,9059190,Naver Finance,https://m.stock.naver.com/domestic/stock/000660/tradingTrend?marketType=ALL
2026-01-08,000660,KRX,227086,-193392,-33150,53.97,756000,6496379,Naver Finance,https://m.stock.naver.com/domestic/stock/000660/tradingTrend?marketType=KRX
2026-01-08,000660,NXT,-380326,-85095,454464,53.97,763000,2562811,Naver Finance,https://m.stock.naver.com/domestic/stock/000660/tradingTrend?marketType=NXT
2026-01-09,000660,ALL,-1246379,181480,1030268,53.8,746000,6182469,Naver Finance,https://m.stock.naver.com/domestic/stock/000660/tradingTrend?marketType=ALL
2026-01-09,000660,KRX,-958615,186313,736919,53.8,744000,4343703,Naver Finance,https://m.stock.naver.com/domestic/stock/000660/tradingTrend?marketType=KRX
2026-01-09,000660,NXT,-287764,-4833,293349,53.8,746000,1838766,Naver Finance,https://m.stock.naver.com/domestic/stock/000660/tradingTrend?marketType=NXT
2026-01-12,000660,ALL,6515,-9434,-24845,53.79,745000,4865558,Naver Finance,https://m.stock.naver.com/domestic/stock/000660/tradingTrend?marketType=ALL
2026-01-12,000660,KRX,92763,-14095,-94659,53.79,749000,3329793,Naver Finance,https://m.stock.naver.com/domestic/stock/000660/tradingTrend?marketType=KRX
2026-01-12,000660,NXT,-86248,4661,69814,53.79,745000,1535765,Naver Finance,https://m.stock.naver.com/domestic/stock/000660/tradingTrend?marketType=NXT
2026-01-13,000660,ALL,-932310,58458,863383,53.64,739000,5209718,Naver Finance,https://m.stock.naver.com/domestic/stock/000660/tradingTrend?marketType=ALL
2026-01-13,000660,KRX,-814130,27927,781871,53.64,738000,3771944,Naver Finance,https://m.stock.naver.com/domestic/stock/000660/tradingTrend?marketType=KRX
2026-01-13,000660,NXT,-118180,30531,81512,53.64,739000,1437774,Naver Finance,https://m.stock.naver.com/domestic/stock/000660/tradingTrend?marketType=NXT
2026-01-14,000660,ALL,-386810,251996,133497,53.58,736000,6041172,Naver Finance,https://m.stock.naver.com/domestic/stock/000660/tradingTrend?marketType=ALL
2026-01-14,000660,KRX,-271435,232958,40775,53.58,742000,4885051,Naver Finance,https://m.stock.naver.com/domestic/stock/000660/tradingTrend?marketType=KRX
2026-01-14,000660,NXT,-115375,19038,92722,53.58,736000,1156121,Naver Finance,https://m.stock.naver.com/domestic/stock/000660/tradingTrend?marketType=NXT
2026-01-15,000660,ALL,-261492,435132,-163090,53.54,756000,4419317,Naver Finance,https://m.stock.naver.com/domestic/stock/000660/tradingTrend?marketType=ALL
2026-01-15,000660,KRX,-247456,405498,-155167,53.54,749000,3003414,Naver Finance,https://m.stock.naver.com/domestic/stock/000660/tradingTrend?marketType=KRX
2026-01-15,000660,NXT,-14036,29634,-7923,53.54,756000,1415903,Naver Finance,https://m.stock.naver.com/domestic/stock/000660/tradingTrend?marketType=NXT
2026-01-16,000660,ALL,-246527,331784,-99352,53.5,758000,5304078,Naver Finance,https://m.stock.naver.com/domestic/stock/000660/tradingTrend?marketType=ALL
2026-01-16,000660,KRX,-145995,278399,-137941,53.5,756000,3712326,Naver Finance,https://m.stock.naver.com/domestic/stock/000660/tradingTrend?marketType=KRX
2026-01-16,000660,NXT,-100532,53385,38589,53.5,758000,1591752,Naver Finance,https://m.stock.naver.com/domestic/stock/000660/tradingTrend?marketType=NXT
2026-01-19,000660,ALL,-21224,406329,-413470,53.5,757000,5203696,Naver Finance,https://m.stock.naver.com/domestic/stock/000660/tradingTrend?marketType=ALL
2026-01-19,000660,KRX,85587,262924,-365007,53.5,764000,3392008,Naver Finance,https://m.stock.naver.com/domestic/stock/000660/tradingTrend?marketType=KRX
2026-01-19,000660,NXT,-106811,143405,-48463,53.5,757000,1811688,Naver Finance,https://m.stock.naver.com/domestic/stock/000660/tradingTrend?marketType=NXT
2026-01-20,000660,ALL,-217228,-229869,454863,53.46,730000,4865327,Naver Finance,https://m.stock.naver.com/domestic/stock/000660/tradingTrend?marketType=ALL
2026-01-20,000660,KRX,-8458,-246648,244616,53.46,743000,2762369,Naver Finance,https://m.stock.naver.com/domestic/stock/000660/tradingTrend?marketType=KRX
2026-01-20,000660,NXT,-208770,16779,210247,53.46,730000,2102958,Naver Finance,https://m.stock.naver.com/domestic/stock/000660/tradingTrend?marketType=NXT
2026-01-21,000660,ALL,-163467,8865,139273,53.55,745000,6677197,Naver Finance,https://m.stock.naver.com/domestic/stock/000660/tradingTrend?marketType=ALL
2026-01-21,000660,KRX,-53204,-3715,47492,53.55,740000,5108442,Naver Finance,https://m.stock.naver.com/domestic/stock/000660/tradingTrend?marketType=KRX
2026-01-21,000660,NXT,-110263,12580,91781,53.55,745000,1568755,Naver Finance,https://m.stock.naver.com/domestic/stock/000660/tradingTrend?marketType=NXT
2026-01-22,000660,ALL,12427,334265,-370564,53.56,760000,5424107,Naver Finance,https://m.stock.naver.com/domestic/stock/000660/tradingTrend?marketType=ALL
2026-01-22,000660,KRX,117136,261378,-388506,53.56,755000,3545309,Naver Finance,https://m.stock.naver.com/domestic/stock/000660/tradingTrend?marketType=KRX
2026-01-22,000660,NXT,-104709,72887,17942,53.56,760000,1878798,Naver Finance,https://m.stock.naver.com/domestic/stock/000660/tradingTrend?marketType=NXT
2026-01-23,000660,ALL,-3634,347267,-353319,53.56,764000,4881564,Naver Finance,https://m.stock.naver.com/domestic/stock/000660/tradingTrend?marketType=ALL
2026-01-23,000660,KRX,98128,271183,-381133,53.56,767000,3508272,Naver Finance,https://m.stock.naver.com/domestic/stock/000660/tradingTrend?marketType=KRX
2026-01-23,000660,NXT,-101762,76084,27814,53.56,764000,1373292,Naver Finance,https://m.stock.naver.com/domestic/stock/000660/tradingTrend?marketType=NXT
2026-01-26,000660,ALL,-533840,-542855,1050580,53.51,740000,4582237,Naver Finance,https://m.stock.naver.com/domestic/stock/000660/tradingTrend?marketType=ALL
2026-01-26,000660,KRX,-405535,-448974,833930,53.51,736000,3133330,Naver Finance,https://m.stock.naver.com/domestic/stock/000660/tradingTrend?marketType=KRX
2026-01-26,000660,NXT,-128305,-93881,216650,53.51,740000,1448907,Naver Finance,https://m.stock.naver.com/domestic/stock/000660/tradingTrend?marketType=NXT
2026-01-27,000660,ALL,685349,513992,-1181267,53.6,805000,8348749,Naver Finance,https://m.stock.naver.com/domestic/stock/000660/tradingTrend?marketType=ALL
2026-01-27,000660,KRX,582225,438568,-1000710,53.6,800000,5660198,Naver Finance,https://m.stock.naver.com/domestic/stock/000660/tradingTrend?marketType=KRX
2026-01-27,000660,NXT,103124,75424,-180557,53.6,805000,2688551,Naver Finance,https://m.stock.naver.com/domestic/stock/000660/tradingTrend?marketType=NXT
2026-01-28,000660,ALL,-309535,-164603,455999,53.56,862000,11446049,Naver Finance,https://m.stock.naver.com/domestic/stock/000660/tradingTrend?marketType=ALL
2026-01-28,000660,KRX,-87208,-127144,217864,53.56,841000,6708497,Naver Finance,https://m.stock.naver.com/domestic/stock/000660/tradingTrend?marketType=KRX
2026-01-28,000660,NXT,-222327,-37459,238135,53.56,862000,4737552,Naver Finance,https://m.stock.naver.com/domestic/stock/000660/tradingTrend?marketType=NXT
2026-01-29,000660,ALL,-976178,-114112,1043431,53.43,855000,10144146,Naver Finance,https://m.stock.naver.com/domestic/stock/000660/tradingTrend?marketType=ALL
2026-01-29,000660,KRX,-862459,36691,780075,53.43,861000,6837983,Naver Finance,https://m.stock.naver.com/domestic/stock/000660/tradingTrend?marketType=KRX
2026-01-29,000660,NXT,-113719,-150803,263356,53.43,855000,3306163,Naver Finance,https://m.stock.naver.com/domestic/stock/000660/tradingTrend?marketType=NXT
2026-01-30,000660,ALL,-360678,-69867,425469,53.47,904000,11084536,Naver Finance,https://m.stock.naver.com/domestic/stock/000660/tradingTrend?marketType=ALL
2026-01-30,000660,KRX,-499472,-28240,519066,53.47,909000,7875195,Naver Finance,https://m.stock.naver.com/domestic/stock/000660/tradingTrend?marketType=KRX
2026-01-30,000660,NXT,138794,-41627,-93597,53.47,904000,3209341,Naver Finance,https://m.stock.naver.com/domestic/stock/000660/tradingTrend?marketType=NXT
2026-02-02,000660,ALL,-2024008,-688094,2649008,53.21,840000,11353860,Naver Finance,https://m.stock.naver.com/domestic/stock/000660/tradingTrend?marketType=ALL
2026-02-02,000660,KRX,-1674898,-546425,2173320,53.21,830000,7634191,Naver Finance,https://m.stock.naver.com/domestic/stock/000660/tradingTrend?marketType=KRX
2026-02-02,000660,NXT,-349110,-141669,475688,53.21,840000,3719669,Naver Finance,https://m.stock.naver.com/domestic/stock/000660/tradingTrend?marketType=NXT
2026-02-03,000660,ALL,-495028,1053469,-592472,53.14,912000,7906531,Naver Finance,https://m.stock.naver.com/domestic/stock/000660/tradingTrend?marketType=ALL
2026-02-03,000660,KRX,-486432,931481,-465540,53.14,907000,5272538,Naver Finance,https://m.stock.naver.com/domestic/stock/000660/tradingTrend?marketType=KRX
2026-02-03,000660,NXT,-8596,121988,-126932,53.14,912000,2633993,Naver Finance,https://m.stock.naver.com/domestic/stock/000660/tradingTrend?marketType=NXT
2026-02-04,000660,ALL,-1038611,202212,809921,53.01,899000,5626527,Naver Finance,https://m.stock.naver.com/domestic/stock/000660/tradingTrend?marketType=ALL
2026-02-04,000660,KRX,-920115,250498,657376,53.01,900000,3800763,Naver Finance,https://m.stock.naver.com/domestic/stock/000660/tradingTrend?marketType=KRX
2026-02-04,000660,NXT,-118496,-48286,152545,53.01,899000,1825764,Naver Finance,https://m.stock.naver.com/domestic/stock/000660/tradingTrend?marketType=NXT
2026-02-05,000660,ALL,-2001312,-880458,2798260,52.77,854000,8446076,Naver Finance,https://m.stock.naver.com/domestic/stock/000660/tradingTrend?marketType=ALL
2026-02-05,000660,KRX,-1611758,-635664,2174228,52.77,842000,5473720,Naver Finance,https://m.stock.naver.com/domestic/stock/000660/tradingTrend?marketType=KRX
2026-02-05,000660,NXT,-389554,-244794,624032,52.77,854000,2972356,Naver Finance,https://m.stock.naver.com/domestic/stock/000660/tradingTrend?marketType=NXT
2026-02-06,000660,ALL,-1214688,445894,753643,52.61,858000,8703089,Naver Finance,https://m.stock.naver.com/domestic/stock/000660/tradingTrend?marketType=ALL
2026-02-06,000660,KRX,-1176821,416711,746217,52.61,839000,5581574,Naver Finance,https://m.stock.naver.com/domestic/stock/000660/tradingTrend?marketType=KRX
2026-02-06,000660,NXT,-37867,29183,7426,52.61,858000,3121515,Naver Finance,https://m.stock.naver.com/domestic/stock/000660/tradingTrend?marketType=NXT
2026-02-09,000660,ALL,-111343,1012771,-929242,52.86,869000,6314091,Naver Finance,https://m.stock.naver.com/domestic/stock/000660/tradingTrend?marketType=ALL
2026-02-09,000660,KRX,-162083,745055,-596622,52.86,887000,4228584,Naver Finance,https://m.stock.naver.com/domestic/stock/000660/tradingTrend?marketType=KRX
2026-02-09,000660,NXT,50740,267716,-332620,52.86,869000,2085507,Naver Finance,https://m.stock.naver.com/domestic/stock/000660/tradingTrend?marketType=NXT
2026-02-10,000660,ALL,84269,72562,-164401,52.87,881000,4902140,Naver Finance,https://m.stock.naver.com/domestic/stock/000660/tradingTrend?marketType=ALL
2026-02-10,000660,KRX,75362,75856,-156500,52.87,876000,3441377,Naver Finance,https://m.stock.naver.com/domestic/stock/000660/tradingTrend?marketType=KRX
2026-02-10,000660,NXT,8907,-3294,-7901,52.87,881000,1460763,Naver Finance,https://m.stock.naver.com/domestic/stock/000660/tradingTrend?marketType=NXT
2026-02-11,000660,ALL,-487787,-65994,536444,52.83,860000,4417213,Naver Finance,https://m.stock.naver.com/domestic/stock/000660/tradingTrend?marketType=ALL
2026-02-11,000660,KRX,-426872,-10656,426414,52.83,860000,3125590,Naver Finance,https://m.stock.naver.com/domestic/stock/000660/tradingTrend?marketType=KRX
2026-02-11,000660,NXT,-60915,-55338,110030,52.83,860000,1291623,Naver Finance,https://m.stock.naver.com/domestic/stock/000660/tradingTrend?marketType=NXT
2026-02-12,000660,ALL,854392,465823,-1336080,53.12,894000,6734663,Naver Finance,https://m.stock.naver.com/domestic/stock/000660/tradingTrend?marketType=ALL
2026-02-12,000660,KRX,652529,347583,-999645,53.12,888000,4619344,Naver Finance,https://m.stock.naver.com/domestic/stock/000660/tradingTrend?marketType=KRX
2026-02-12,000660,NXT,201863,118240,-336435,53.12,894000,2115319,Naver Finance,https://m.stock.naver.com/domestic/stock/000660/tradingTrend?marketType=NXT
2026-02-13,000660,ALL,10605,-21586,27633,53.13,886000,5142348,Naver Finance,https://m.stock.naver.com/domestic/stock/000660/tradingTrend?marketType=ALL
2026-02-13,000660,KRX,49172,10458,-56759,53.13,880000,3534047,Naver Finance,https://m.stock.naver.com/domestic/stock/000660/tradingTrend?marketType=KRX
2026-02-13,000660,NXT,-38567,-32044,84392,53.13,886000,1608301,Naver Finance,https://m.stock.naver.com/domestic/stock/000660/tradingTrend?marketType=NXT
2026-02-19,000660,ALL,-129959,308824,-169115,53.13,890000,5319993,Naver Finance,https://m.stock.naver.com/domestic/stock/000660/tradingTrend?marketType=ALL
2026-02-19,000660,KRX,-75285,284074,-202652,53.13,894000,3285109,Naver Finance,https://m.stock.naver.com/domestic/stock/000660/tradingTrend?marketType=KRX
2026-02-19,000660,NXT,-54674,24750,33537,53.13,890000,2034884,Naver Finance,https://m.stock.naver.com/domestic/stock/000660/tradingTrend?marketType=NXT
2026-02-20,000660,ALL,803031,164955,-949531,53.47,943000,8437331,Naver Finance,https://m.stock.naver.com/domestic/stock/000660/tradingTrend?marketType=ALL
2026-02-20,000660,KRX,745826,72921,-811762,53.47,949000,5054333,Naver Finance,https://m.stock.naver.com/domestic/stock/000660/tradingTrend?marketType=KRX
2026-02-20,000660,NXT,57205,92034,-137769,53.47,943000,3382998,Naver Finance,https://m.stock.naver.com/domestic/stock/000660/tradingTrend?marketType=NXT
2026-02-23,000660,ALL,-107569,-299388,397842,54.6,956000,5821098,Naver Finance,https://m.stock.naver.com/domestic/stock/000660/tradingTrend?marketType=ALL
2026-02-23,000660,KRX,32226,-260214,217405,54.6,951000,3523887,Naver Finance,https://m.stock.naver.com/domestic/stock/000660/tradingTrend?marketType=KRX
2026-02-23,000660,NXT,-139795,-39174,180437,54.6,956000,2297211,Naver Finance,https://m.stock.naver.com/domestic/stock/000660/tradingTrend?marketType=NXT
2026-02-24,000660,ALL,329146,688497,-1006088,54.64,1009000,6494669,Naver Finance,https://m.stock.naver.com/domestic/stock/000660/tradingTrend?marketType=ALL
2026-02-24,000660,KRX,319989,663222,-965905,54.64,1005000,4102382,Naver Finance,https://m.stock.naver.com/domestic/stock/000660/tradingTrend?marketType=KRX
2026-02-24,000660,NXT,9157,25275,-40183,54.64,1009000,2392287,Naver Finance,https://m.stock.naver.com/domestic/stock/000660/tradingTrend?marketType=NXT
2026-02-25,000660,ALL,-437697,-3417,412062,54.48,1031000,5725607,Naver Finance,https://m.stock.naver.com/domestic/stock/000660/tradingTrend?marketType=ALL
2026-02-25,000660,KRX,-358288,36642,302437,54.48,1018000,3462525,Naver Finance,https://m.stock.naver.com/domestic/stock/000660/tradingTrend?marketType=KRX
2026-02-25,000660,NXT,-79409,-40059,109625,54.48,1031000,2263082,Naver Finance,https://m.stock.naver.com/domestic/stock/000660/tradingTrend?marketType=NXT
2026-02-26,000660,ALL,-865656,454940,394381,54.36,1109000,8066514,Naver Finance,https://m.stock.naver.com/domestic/stock/000660/tradingTrend?marketType=ALL
2026-02-26,000660,KRX,-815306,464747,335039,54.36,1099000,4461976,Naver Finance,https://m.stock.naver.com/domestic/stock/000660/tradingTrend?marketType=KRX
2026-02-26,000660,NXT,-50350,-9807,59342,54.36,1109000,3604538,Naver Finance,https://m.stock.naver.com/domestic/stock/000660/tradingTrend?marketType=NXT
2026-02-27,000660,ALL,-2539709,-92223,2584517,54.02,1063000,9846097,Naver Finance,https://m.stock.naver.com/domestic/stock/000660/tradingTrend?marketType=ALL
2026-02-27,000660,KRX,-2348958,96220,2201838,54.02,1061000,6453062,Naver Finance,https://m.stock.naver.com/domestic/stock/000660/tradingTrend?marketType=KRX
2026-02-27,000660,NXT,-190751,-188443,382679,54.02,1063000,3393035,Naver Finance,https://m.stock.naver.com/domestic/stock/000660/tradingTrend?marketType=NXT
2026-03-03,000660,ALL,-1141280,-461536,1544510,53.87,897000,12578214,Naver Finance,https://m.stock.naver.com/domestic/stock/000660/tradingTrend?marketType=ALL
2026-03-03,000660,KRX,-1202788,-347059,1500783,53.87,939000,6818327,Naver Finance,https://m.stock.naver.com/domestic/stock/000660/tradingTrend?marketType=KRX
2026-03-03,000660,NXT,61508,-114477,43727,53.87,897000,5759887,Naver Finance,https://m.stock.naver.com/domestic/stock/000660/tradingTrend?marketType=NXT
2026-03-04,000660,ALL,-465836,632822,-250717,53.79,900000,16575182,Naver Finance,https://m.stock.naver.com/domestic/stock/000660/tradingTrend?marketType=ALL
2026-03-04,000660,KRX,-580742,517751,28934,53.79,849000,9253420,Naver Finance,https://m.stock.naver.com/domestic/stock/000660/tradingTrend?marketType=KRX
2026-03-04,000660,NXT,114906,115071,-279651,53.79,900000,7321762,Naver Finance,https://m.stock.naver.com/domestic/stock/000660/tradingTrend?marketType=NXT
2026-03-05,000660,ALL,215906,-304581,91051,53.84,953000,10992400,Naver Finance,https://m.stock.naver.com/domestic/stock/000660/tradingTrend?marketType=ALL
2026-03-05,000660,KRX,315315,-221031,-97472,53.84,941000,6442459,Naver Finance,https://m.stock.naver.com/domestic/stock/000660/tradingTrend?marketType=KRX
2026-03-05,000660,NXT,-99409,-83550,188523,53.84,953000,4549941,Naver Finance,https://m.stock.naver.com/domestic/stock/000660/tradingTrend?marketType=NXT
2026-03-06,000660,ALL,-627182,-291284,893099,53.76,914000,6166431,Naver Finance,https://m.stock.naver.com/domestic/stock/000660/tradingTrend?marketType=ALL
2026-03-06,000660,KRX,-547435,-202897,727994,53.76,924000,3744322,Naver Finance,https://m.stock.naver.com/domestic/stock/000660/tradingTrend?marketType=KRX
2026-03-06,000660,NXT,-79747,-88387,165105,53.76,914000,2422109,Naver Finance,https://m.stock.naver.com/domestic/stock/000660/tradingTrend?marketType=NXT
2026-03-09,000660,ALL,-1518107,-468291,1838152,53.54,831000,11249631,Naver Finance,https://m.stock.naver.com/domestic/stock/000660/tradingTrend?marketType=ALL
2026-03-09,000660,KRX,-1442096,-350981,1728821,53.54,836000,7253621,Naver Finance,https://m.stock.naver.com/domestic/stock/000660/tradingTrend?marketType=KRX
2026-03-09,000660,NXT,-76011,-117310,109331,53.54,831000,3996010,Naver Finance,https://m.stock.naver.com/domestic/stock/000660/tradingTrend?marketType=NXT
2026-03-10,000660,ALL,793483,793276,-1514098,53.69,939000,8850054,Naver Finance,https://m.stock.naver.com/domestic/stock/000660/tradingTrend?marketType=ALL
2026-03-10,000660,KRX,762536,582050,-1285455,53.69,938000,5304897,Naver Finance,https://m.stock.naver.com/domestic/stock/000660/tradingTrend?marketType=KRX
2026-03-10,000660,NXT,30947,211226,-228643,53.69,939000,3545157,Naver Finance,https://m.stock.naver.com/domestic/stock/000660/tradingTrend?marketType=NXT
2026-03-11,000660,ALL,75210,204674,-279977,53.7,950000,6800772,Naver Finance,https://m.stock.naver.com/domestic/stock/000660/tradingTrend?marketType=ALL
2026-03-11,000660,KRX,115049,170469,-275751,53.7,955000,3916098,Naver Finance,https://m.stock.naver.com/domestic/stock/000660/tradingTrend?marketType=KRX
2026-03-11,000660,NXT,-39839,34205,-4226,53.7,950000,2884674,Naver Finance,https://m.stock.naver.com/domestic/stock/000660/tradingTrend?marketType=NXT
2026-03-12,000660,ALL,-742073,-446973,1143227,53.59,935000,5511513,Naver Finance,https://m.stock.naver.com/domestic/stock/000660/tradingTrend?marketType=ALL
2026-03-12,000660,KRX,-559182,-365894,891685,53.59,930000,3711742,Naver Finance,https://m.stock.naver.com/domestic/stock/000660/tradingTrend?marketType=KRX
2026-03-12,000660,NXT,-182891,-81079,251542,53.59,935000,1799771,Naver Finance,https://m.stock.naver.com/domestic/stock/000660/tradingTrend?marketType=NXT
2026-03-13,000660,ALL,-215497,-441610,621070,53.51,915000,5490815,Naver Finance,https://m.stock.naver.com/domestic/stock/000660/tradingTrend?marketType=ALL
2026-03-13,000660,KRX,-202144,-326533,506251,53.51,910000,3645102,Naver Finance,https://m.stock.naver.com/domestic/stock/000660/tradingTrend?marketType=KRX
2026-03-13,000660,NXT,-13353,-115077,114819,53.51,915000,1845713,Naver Finance,https://m.stock.naver.com/domestic/stock/000660/tradingTrend?marketType=NXT
2026-03-16,000660,ALL,406015,267039,-676475,53.57,977000,6364678,Naver Finance,https://m.stock.naver.com/domestic/stock/000660/tradingTrend?marketType=ALL
2026-03-16,000660,KRX,322958,251272,-568711,53.57,974000,3829496,Naver Finance,https://m.stock.naver.com/domestic/stock/000660/tradingTrend?marketType=KRX
2026-03-16,000660,NXT,83057,15767,-107764,53.57,977000,2535182,Naver Finance,https://m.stock.naver.com/domestic/stock/000660/tradingTrend?marketType=NXT
2026-03-17,000660,ALL,-384670,50244,346893,53.51,976000,6313951,Naver Finance,https://m.stock.naver.com/domestic/stock/000660/tradingTrend?marketType=ALL
2026-03-17,000660,KRX,-220048,-4283,231215,53.51,970000,3326240,Naver Finance,https://m.stock.naver.com/domestic/stock/000660/tradingTrend?marketType=KRX
2026-03-17,000660,NXT,-164622,54527,115678,53.51,976000,2987711,Naver Finance,https://m.stock.naver.com/domestic/stock/000660/tradingTrend?marketType=NXT
2026-03-18,000660,ALL,671879,998808,-1626652,53.63,1060000,6986660,Naver Finance,https://m.stock.naver.com/domestic/stock/000660/tradingTrend?marketType=ALL
2026-03-18,000660,KRX,578786,866363,-1405141,53.63,1056000,4347884,Naver Finance,https://m.stock.naver.com/domestic/stock/000660/tradingTrend?marketType=KRX
2026-03-18,000660,NXT,93093,132445,-221511,53.63,1060000,2638776,Naver Finance,https://m.stock.naver.com/domestic/stock/000660/tradingTrend?marketType=NXT
2026-03-19,000660,ALL,-686355,-286381,935842,53.55,1001000,6412761,Naver Finance,https://m.stock.naver.com/domestic/stock/000660/tradingTrend?marketType=ALL
2026-03-19,000660,KRX,-456883,-149745,568147,53.55,1013000,3347483,Naver Finance,https://m.stock.naver.com/domestic/stock/000660/tradingTrend?marketType=KRX
2026-03-19,000660,NXT,-229472,-136636,367695,53.55,1001000,3065278,Naver Finance,https://m.stock.naver.com/domestic/stock/000660/tradingTrend?marketType=NXT
2026-03-20,000660,ALL,-753258,-37309,761183,53.45,1006000,5518536,Naver Finance,https://m.stock.naver.com/domestic/stock/000660/tradingTrend?marketType=ALL
2026-03-20,000660,KRX,-718351,88036,618693,53.45,1007000,3426646,Naver Finance,https://m.stock.naver.com/domestic/stock/000660/tradingTrend?marketType=KRX
2026-03-20,000660,NXT,-34907,-125345,142490,53.45,1006000,2091890,Naver Finance,https://m.stock.naver.com/domestic/stock/000660/tradingTrend?marketType=NXT
2026-03-23,000660,ALL,-144290,-1526039,1589460,53.43,933000,7271704,Naver Finance,https://m.stock.naver.com/domestic/stock/000660/tradingTrend?marketType=ALL
2026-03-23,000660,KRX,-180478,-1282055,1412879,53.43,933000,3911813,Naver Finance,https://m.stock.naver.com/domestic/stock/000660/tradingTrend?marketType=KRX
2026-03-23,000660,NXT,36188,-243984,176581,53.43,933000,3359891,Naver Finance,https://m.stock.naver.com/domestic/stock/000660/tradingTrend?marketType=NXT
2026-03-24,000660,ALL,-213979,648654,-418860,53.41,986000,7418975,Naver Finance,https://m.stock.naver.com/domestic/stock/000660/tradingTrend?marketType=ALL
2026-03-24,000660,KRX,-294231,526567,-224347,53.41,986000,4352152,Naver Finance,https://m.stock.naver.com/domestic/stock/000660/tradingTrend?marketType=KRX
2026-03-24,000660,NXT,80252,122087,-194513,53.41,986000,3066823,Naver Finance,https://m.stock.naver.com/domestic/stock/000660/tradingTrend?marketType=NXT
2026-03-25,000660,ALL,-375650,846742,-445778,53.35,1004000,7425847,Naver Finance,https://m.stock.naver.com/domestic/stock/000660/tradingTrend?marketType=ALL
2026-03-25,000660,KRX,-396644,725005,-304591,53.35,995000,4463869,Naver Finance,https://m.stock.naver.com/domestic/stock/000660/tradingTrend?marketType=KRX
2026-03-25,000660,NXT,20994,121737,-141187,53.35,1004000,2961978,Naver Finance,https://m.stock.naver.com/domestic/stock/000660/tradingTrend?marketType=NXT
2026-03-26,000660,ALL,-1054789,-518790,1575366,53.21,935000,8093472,Naver Finance,https://m.stock.naver.com/domestic/stock/000660/tradingTrend?marketType=ALL
2026-03-26,000660,KRX,-829562,-370324,1179089,53.21,933000,4660620,Naver Finance,https://m.stock.naver.com/domestic/stock/000660/tradingTrend?marketType=KRX
2026-03-26,000660,NXT,-225227,-148466,396277,53.21,935000,3432852,Naver Finance,https://m.stock.naver.com/domestic/stock/000660/tradingTrend?marketType=NXT
2026-03-27,000660,ALL,-1328947,141266,1175058,53.05,907000,7669917,Naver Finance,https://m.stock.naver.com/domestic/stock/000660/tradingTrend?marketType=ALL
2026-03-27,000660,KRX,-1265949,243427,981189,53.05,922000,4520942,Naver Finance,https://m.stock.naver.com/domestic/stock/000660/tradingTrend?marketType=KRX
2026-03-27,000660,NXT,-62998,-102161,193869,53.05,907000,3148975,Naver Finance,https://m.stock.naver.com/domestic/stock/000660/tradingTrend?marketType=NXT
2026-03-30,000660,ALL,-1464499,19676,1387694,52.88,877000,7526085,Naver Finance,https://m.stock.naver.com/domestic/stock/000660/tradingTrend?marketType=ALL
2026-03-30,000660,KRX,-1049785,162614,858610,52.88,873000,4498502,Naver Finance,https://m.stock.naver.com/domestic/stock/000660/tradingTrend?marketType=KRX
2026-03-30,000660,NXT,-414714,-142938,529084,52.88,877000,3027583,Naver Finance,https://m.stock.naver.com/domestic/stock/000660/tradingTrend?marketType=NXT
2026-03-31,000660,ALL,-1389789,156212,1201021,52.69,806000,11832260,Naver Finance,https://m.stock.naver.com/domestic/stock/000660/tradingTrend?marketType=ALL
2026-03-31,000660,KRX,-1112011,155244,909129,52.69,807000,7194351,Naver Finance,https://m.stock.naver.com/domestic/stock/000660/tradingTrend?marketType=KRX
2026-03-31,000660,NXT,-277778,968,291892,52.69,806000,4637909,Naver Finance,https://m.stock.naver.com/domestic/stock/000660/tradingTrend?marketType=NXT
2026-04-01,000660,ALL,-549239,1132732,-595112,52.62,890000,9709306,Naver Finance,https://m.stock.naver.com/domestic/stock/000660/tradingTrend?marketType=ALL
2026-04-01,000660,KRX,-455717,1021745,-557087,52.62,893000,6255058,Naver Finance,https://m.stock.naver.com/domestic/stock/000660/tradingTrend?marketType=KRX
2026-04-01,000660,NXT,-93522,110987,-38025,52.62,890000,3454248,Naver Finance,https://m.stock.naver.com/domestic/stock/000660/tradingTrend?marketType=NXT
2026-04-02,000660,ALL,-195202,-585227,745807,52.57,822000,9501556,Naver Finance,https://m.stock.naver.com/domestic/stock/000660/tradingTrend?marketType=ALL
2026-04-02,000660,KRX,-83559,-607061,663093,52.57,830000,6127534,Naver Finance,https://m.stock.naver.com/domestic/stock/000660/tradingTrend?marketType=KRX
2026-04-02,000660,NXT,-111643,21834,82714,52.57,822000,3374022,Naver Finance,https://m.stock.naver.com/domestic/stock/000660/tradingTrend?marketType=NXT
2026-04-03,000660,ALL,468988,109871,-575305,52.62,875000,4904437,Naver Finance,https://m.stock.naver.com/domestic/stock/000660/tradingTrend?marketType=ALL
2026-04-03,000660,KRX,412740,67109,-478411,52.62,876000,2927164,Naver Finance,https://m.stock.naver.com/domestic/stock/000660/tradingTrend?marketType=KRX
2026-04-03,000660,NXT,56248,42762,-96894,52.62,875000,1977273,Naver Finance,https://m.stock.naver.com/domestic/stock/000660/tradingTrend?marketType=NXT
2026-04-06,000660,ALL,-41467,139861,-130939,52.61,900000,6090287,Naver Finance,https://m.stock.naver.com/domestic/stock/000660/tradingTrend?marketType=ALL
2026-04-06,000660,KRX,-26152,258981,-254801,52.61,886000,3100989,Naver Finance,https://m.stock.naver.com/domestic/stock/000660/tradingTrend?marketType=KRX
2026-04-06,000660,NXT,-15315,-119120,123862,52.61,900000,2989298,Naver Finance,https://m.stock.naver.com/domestic/stock/000660/tradingTrend?marketType=NXT
2026-04-07,000660,ALL,597863,-103040,-473587,52.71,895000,6396306,Naver Finance,https://m.stock.naver.com/domestic/stock/000660/tradingTrend?marketType=ALL
2026-04-07,000660,KRX,582600,-139047,-437780,52.71,916000,3619929,Naver Finance,https://m.stock.naver.com/domestic/stock/000660/tradingTrend?marketType=KRX
2026-04-07,000660,NXT,15263,36007,-35807,52.71,895000,2776377,Naver Finance,https://m.stock.naver.com/domestic/stock/000660/tradingTrend?marketType=NXT
2026-04-08,000660,ALL,1299915,1080386,-2289984,52.9,1043000,11906741,Naver Finance,https://m.stock.naver.com/domestic/stock/000660/tradingTrend?marketType=ALL
2026-04-08,000660,KRX,1206748,773525,-1935376,52.9,1033000,6709356,Naver Finance,https://m.stock.naver.com/domestic/stock/000660/tradingTrend?marketType=KRX
2026-04-08,000660,NXT,93167,306861,-354608,52.9,1043000,5197385,Naver Finance,https://m.stock.naver.com/domestic/stock/000660/tradingTrend?marketType=NXT
2026-04-09,000660,ALL,-848281,498455,329550,52.79,995000,7998663,Naver Finance,https://m.stock.naver.com/domestic/stock/000660/tradingTrend?marketType=ALL
2026-04-09,000660,KRX,-847729,493126,341919,52.79,998000,5026817,Naver Finance,https://m.stock.naver.com/domestic/stock/000660/tradingTrend?marketType=KRX
2026-04-09,000660,NXT,-552,5329,-12369,52.79,995000,2971846,Naver Finance,https://m.stock.naver.com/domestic/stock/000660/tradingTrend?marketType=NXT
2026-04-10,000660,ALL,835519,-258990,-574363,52.91,1026000,5369802,Naver Finance,https://m.stock.naver.com/domestic/stock/000660/tradingTrend?marketType=ALL
2026-04-10,000660,KRX,811131,-287512,-513612,52.91,1027000,3134921,Naver Finance,https://m.stock.naver.com/domestic/stock/000660/tradingTrend?marketType=KRX
2026-04-10,000660,NXT,24388,28522,-60751,52.91,1026000,2234881,Naver Finance,https://m.stock.naver.com/domestic/stock/000660/tradingTrend?marketType=NXT
2026-04-13,000660,ALL,523881,-23127,-512195,52.98,1032000,5242855,Naver Finance,https://m.stock.naver.com/domestic/stock/000660/tradingTrend?marketType=ALL
2026-04-13,000660,KRX,442600,18357,-466094,52.98,1040000,2769753,Naver Finance,https://m.stock.naver.com/domestic/stock/000660/tradingTrend?marketType=KRX
2026-04-13,000660,NXT,81281,-41484,-46101,52.98,1032000,2473102,Naver Finance,https://m.stock.naver.com/domestic/stock/000660/tradingTrend?marketType=NXT
2026-04-14,000660,ALL,784020,388071,-1144103,53.08,1117000,8897661,Naver Finance,https://m.stock.naver.com/domestic/stock/000660/tradingTrend?marketType=ALL
2026-04-14,000660,KRX,773177,333618,-1085978,53.08,1103000,4754545,Naver Finance,https://m.stock.naver.com/domestic/stock/000660/tradingTrend?marketType=KRX
2026-04-14,000660,NXT,10843,54453,-58125,53.08,1117000,4143116,Naver Finance,https://m.stock.naver.com/domestic/stock/000660/tradingTrend?marketType=NXT
2026-04-15,000660,ALL,-341474,-296767,635601,53.04,1138000,7524143,Naver Finance,https://m.stock.naver.com/domestic/stock/000660/tradingTrend?marketType=ALL
2026-04-15,000660,KRX,-269551,-184890,448683,53.04,1136000,4093703,Naver Finance,https://m.stock.naver.com/domestic/stock/000660/tradingTrend?marketType=KRX
2026-04-15,000660,NXT,-71923,-111877,186918,53.04,1138000,3430440,Naver Finance,https://m.stock.naver.com/domestic/stock/000660/tradingTrend?marketType=NXT
2026-04-16,000660,ALL,-434559,70713,366682,52.97,1148000,5211225,Naver Finance,https://m.stock.naver.com/domestic/stock/000660/tradingTrend?marketType=ALL
2026-04-16,000660,KRX,-404139,128696,278790,52.97,1155000,2901319,Naver Finance,https://m.stock.naver.com/domestic/stock/000660/tradingTrend?marketType=KRX
2026-04-16,000660,NXT,-30420,-57983,87892,52.97,1148000,2309906,Naver Finance,https://m.stock.naver.com/domestic/stock/000660/tradingTrend?marketType=NXT
2026-04-17,000660,ALL,-593219,-410168,966026,52.87,1145000,5607937,Naver Finance,https://m.stock.naver.com/domestic/stock/000660/tradingTrend?marketType=ALL
2026-04-17,000660,KRX,-581803,-330268,883762,52.87,1128000,3578235,Naver Finance,https://m.stock.naver.com/domestic/stock/000660/tradingTrend?marketType=KRX
2026-04-17,000660,NXT,-11416,-79900,82264,52.87,1145000,2029702,Naver Finance,https://m.stock.naver.com/domestic/stock/000660/tradingTrend?marketType=NXT
2026-04-20,000660,ALL,614620,139662,-744768,52.96,1170000,6256274,Naver Finance,https://m.stock.naver.com/domestic/stock/000660/tradingTrend?marketType=ALL
2026-04-20,000660,KRX,525288,105359,-620085,52.96,1166000,3748014,Naver Finance,https://m.stock.naver.com/domestic/stock/000660/tradingTrend?marketType=KRX
2026-04-20,000660,NXT,89332,34303,-124683,52.96,1170000,2508260,Naver Finance,https://m.stock.naver.com/domestic/stock/000660/tradingTrend?marketType=NXT
2026-04-21,000660,ALL,130767,134416,-260490,53.06,1247000,6684824,Naver Finance,https://m.stock.naver.com/domestic/stock/000660/tradingTrend?marketType=ALL
2026-04-21,000660,KRX,93524,134454,-230711,53.06,1224000,3516960,Naver Finance,https://m.stock.naver.com/domestic/stock/000660/tradingTrend?marketType=KRX
2026-04-21,000660,NXT,37243,-38,-29779,53.06,1247000,3167864,Naver Finance,https://m.stock.naver.com/domestic/stock/000660/tradingTrend?marketType=NXT
2026-04-22,000660,ALL,-316999,-257077,565709,53.05,1220000,6004723,Naver Finance,https://m.stock.naver.com/domestic/stock/000660/tradingTrend?marketType=ALL
2026-04-22,000660,KRX,-273549,-164240,429131,53.05,1223000,2894919,Naver Finance,https://m.stock.naver.com/domestic/stock/000660/tradingTrend?marketType=KRX
2026-04-22,000660,NXT,-43450,-92837,136578,53.05,1220000,3109804,Naver Finance,https://m.stock.naver.com/domestic/stock/000660/tradingTrend?marketType=NXT
2026-04-23,000660,ALL,-220362,-110665,324976,53.12,1219000,9854593,Naver Finance,https://m.stock.naver.com/domestic/stock/000660/tradingTrend?marketType=ALL
2026-04-23,000660,KRX,-123488,-129744,251014,53.12,1225000,5343871,Naver Finance,https://m.stock.naver.com/domestic/stock/000660/tradingTrend?marketType=KRX
2026-04-23,000660,NXT,-96874,19079,73962,53.12,1219000,4510722,Naver Finance,https://m.stock.naver.com/domestic/stock/000660/tradingTrend?marketType=NXT
2026-04-24,000660,ALL,-752678,54587,656933,53.01,1227000,5388797,Naver Finance,https://m.stock.naver.com/domestic/stock/000660/tradingTrend?marketType=ALL
2026-04-24,000660,KRX,-675246,99414,564000,53.01,1222000,3127857,Naver Finance,https://m.stock.naver.com/domestic/stock/000660/tradingTrend?marketType=KRX
2026-04-24,000660,NXT,-77432,-44827,92933,53.01,1227000,2260940,Naver Finance,https://m.stock.naver.com/domestic/stock/000660/tradingTrend?marketType=NXT
2026-04-27,000660,ALL,832764,525683,-1399852,53.1,1301000,8461155,Naver Finance,https://m.stock.naver.com/domestic/stock/000660/tradingTrend?marketType=ALL
2026-04-27,000660,KRX,708461,388647,-1099289,53.1,1292000,4563073,Naver Finance,https://m.stock.naver.com/domestic/stock/000660/tradingTrend?marketType=KRX
2026-04-27,000660,NXT,124303,137036,-300563,53.1,1301000,3898082,Naver Finance,https://m.stock.naver.com/domestic/stock/000660/tradingTrend?marketType=NXT
2026-04-28,000660,ALL,-428083,-90523,522370,53.04,1288000,6021369,Naver Finance,https://m.stock.naver.com/domestic/stock/000660/tradingTrend?marketType=ALL
2026-04-28,000660,KRX,-310904,-13291,310133,53.04,1300000,3002713,Naver Finance,https://m.stock.naver.com/domestic/stock/000660/tradingTrend?marketType=KRX
2026-04-28,000660,NXT,-117179,-77232,212237,53.04,1288000,3018656,Naver Finance,https://m.stock.naver.com/domestic/stock/000660/tradingTrend?marketType=NXT
2026-04-29,000660,ALL,-473232,-88243,541341,52.92,1300000,5168665,Naver Finance,https://m.stock.naver.com/domestic/stock/000660/tradingTrend?marketType=ALL
2026-04-29,000660,KRX,-419452,-14950,419688,52.92,1293000,3001208,Naver Finance,https://m.stock.naver.com/domestic/stock/000660/tradingTrend?marketType=KRX
2026-04-29,000660,NXT,-53780,-73293,121653,52.92,1300000,2167457,Naver Finance,https://m.stock.naver.com/domestic/stock/000660/tradingTrend?marketType=NXT
2026-04-30,000660,ALL,248782,-4241,-242289,53.0,1294000,5358544,Naver Finance,https://m.stock.naver.com/domestic/stock/000660/tradingTrend?marketType=ALL
2026-04-30,000660,KRX,-19831,74538,-54467,53.0,1286000,3342342,Naver Finance,https://m.stock.naver.com/domestic/stock/000660/tradingTrend?marketType=KRX
2026-04-30,000660,NXT,268613,-78779,-187822,53.0,1294000,2016202,Naver Finance,https://m.stock.naver.com/domestic/stock/000660/tradingTrend?marketType=NXT
2026-05-04,000660,ALL,1501088,936726,-2389705,53.22,1438000,10120675,Naver Finance,https://m.stock.naver.com/domestic/stock/000660/tradingTrend?marketType=ALL
2026-05-04,000660,KRX,1229124,707441,-1894487,53.22,1447000,5776641,Naver Finance,https://m.stock.naver.com/domestic/stock/000660/tradingTrend?marketType=KRX
2026-05-04,000660,NXT,271964,229285,-495218,53.22,1438000,4344034,Naver Finance,https://m.stock.naver.com/domestic/stock/000660/tradingTrend?marketType=NXT
2026-05-06,000660,ALL,83711,-43948,56598,53.23,1650000,11099704,Naver Finance,https://m.stock.naver.com/domestic/stock/000660/tradingTrend?marketType=ALL
2026-05-06,000660,KRX,117563,-127899,76027,53.23,1601000,6631934,Naver Finance,https://m.stock.naver.com/domestic/stock/000660/tradingTrend?marketType=KRX
2026-05-06,000660,NXT,-33852,83951,-19429,53.23,1650000,4467770,Naver Finance,https://m.stock.naver.com/domestic/stock/000660/tradingTrend?marketType=NXT
2026-05-07,000660,ALL,-1751081,156844,1594534,53.01,1646000,9908765,Naver Finance,https://m.stock.naver.com/domestic/stock/000660/tradingTrend?marketType=ALL
2026-05-07,000660,KRX,-1567838,292253,1260982,53.01,1654000,5860618,Naver Finance,https://m.stock.naver.com/domestic/stock/000660/tradingTrend?marketType=KRX
2026-05-07,000660,NXT,-183243,-135409,333552,53.01,1646000,4048147,Naver Finance,https://m.stock.naver.com/domestic/stock/000660/tradingTrend?marketType=NXT
2026-05-08,000660,ALL,-1125185,140522,949852,52.87,1681000,7331920,Naver Finance,https://m.stock.naver.com/domestic/stock/000660/tradingTrend?marketType=ALL
2026-05-08,000660,KRX,-1074329,181374,874574,52.87,1686000,4278087,Naver Finance,https://m.stock.naver.com/domestic/stock/000660/tradingTrend?marketType=KRX
2026-05-08,000660,NXT,-50856,-40852,75278,52.87,1681000,3053833,Naver Finance,https://m.stock.naver.com/domestic/stock/000660/tradingTrend?marketType=NXT
2026-05-11,000660,ALL,-657474,32111,624334,52.78,1908000,12911808,Naver Finance,https://m.stock.naver.com/domestic/stock/000660/tradingTrend?marketType=ALL
2026-05-11,000660,KRX,-454579,26698,433679,52.78,1880000,7433039,Naver Finance,https://m.stock.naver.com/domestic/stock/000660/tradingTrend?marketType=KRX
2026-05-11,000660,NXT,-202895,5413,190655,52.78,1908000,5478769,Naver Finance,https://m.stock.naver.com/domestic/stock/000660/tradingTrend?marketType=NXT
2026-05-12,000660,ALL,-1997900,-600073,2580131,52.51,1813000,15122207,Naver Finance,https://m.stock.naver.com/domestic/stock/000660/tradingTrend?marketType=ALL
2026-05-12,000660,KRX,-1634593,-495350,2106911,52.51,1835000,9160593,Naver Finance,https://m.stock.naver.com/domestic/stock/000660/tradingTrend?marketType=KRX
2026-05-12,000660,NXT,-363307,-104723,473220,52.51,1813000,5961614,Naver Finance,https://m.stock.naver.com/domestic/stock/000660/tradingTrend?marketType=NXT
2026-05-13,000660,ALL,-1066365,436365,638440,52.37,1992000,12803574,Naver Finance,https://m.stock.naver.com/domestic/stock/000660/tradingTrend?marketType=ALL
2026-05-13,000660,KRX,-917859,465314,461875,52.37,1976000,7126921,Naver Finance,https://m.stock.naver.com/domestic/stock/000660/tradingTrend?marketType=KRX
2026-05-13,000660,NXT,-148506,-28949,176565,52.37,1992000,5676653,Naver Finance,https://m.stock.naver.com/domestic/stock/000660/tradingTrend?marketType=NXT
2026-05-14,000660,ALL,-1118773,-456416,1522061,52.36,1964000,9925086,Naver Finance,https://m.stock.naver.com/domestic/stock/000660/tradingTrend?marketType=ALL
2026-05-14,000660,KRX,-815209,-216196,998462,52.36,1970000,6040068,Naver Finance,https://m.stock.naver.com/domestic/stock/000660/tradingTrend?marketType=KRX
2026-05-14,000660,NXT,-303564,-240220,523599,52.36,1964000,3885018,Naver Finance,https://m.stock.naver.com/domestic/stock/000660/tradingTrend?marketType=NXT
2026-05-15,000660,ALL,-1521354,-626501,2097563,52.14,1848000,13151904,Naver Finance,https://m.stock.naver.com/domestic/stock/000660/tradingTrend?marketType=ALL
2026-05-15,000660,KRX,-1391973,-497490,1855635,52.14,1819000,7485233,Naver Finance,https://m.stock.naver.com/domestic/stock/000660/tradingTrend?marketType=KRX
2026-05-15,000660,NXT,-129381,-129011,241928,52.14,1848000,5666671,Naver Finance,https://m.stock.naver.com/domestic/stock/000660/tradingTrend?marketType=NXT
2026-05-18,000660,ALL,-613196,306085,318379,52.06,1840000,10771377,Naver Finance,https://m.stock.naver.com/domestic/stock/000660/tradingTrend?marketType=ALL
2026-05-18,000660,KRX,-559756,267189,292885,52.06,1840000,6481608,Naver Finance,https://m.stock.naver.com/domestic/stock/000660/tradingTrend?marketType=KRX
2026-05-18,000660,NXT,-53440,38896,25494,52.06,1840000,4289769,Naver Finance,https://m.stock.naver.com/domestic/stock/000660/tradingTrend?marketType=NXT
2026-05-19,000660,ALL,-1329305,-127852,1426142,51.87,1719000,7805248,Naver Finance,https://m.stock.naver.com/domestic/stock/000660/tradingTrend?marketType=ALL
2026-05-19,000660,KRX,-1128221,-122347,1224285,51.87,1745000,4575855,Naver Finance,https://m.stock.naver.com/domestic/stock/000660/tradingTrend?marketType=KRX
2026-05-19,000660,NXT,-201084,-5505,201857,51.87,1719000,3229393,Naver Finance,https://m.stock.naver.com/domestic/stock/000660/tradingTrend?marketType=NXT
2026-05-20,000660,ALL,-768307,196453,536828,51.76,1786000,9147938,Naver Finance,https://m.stock.naver.com/domestic/stock/000660/tradingTrend?marketType=ALL
2026-05-20,000660,KRX,-704213,240569,447712,51.76,1745000,5535123,Naver Finance,https://m.stock.naver.com/domestic/stock/000660/tradingTrend?marketType=KRX
2026-05-20,000660,NXT,-64094,-44116,89116,51.76,1786000,3612815,Naver Finance,https://m.stock.naver.com/domestic/stock/000660/tradingTrend?marketType=NXT
2026-05-21,000660,ALL,-731522,846951,-146921,51.66,1903000,9773725,Naver Finance,https://m.stock.naver.com/domestic/stock/000660/tradingTrend?marketType=ALL
2026-05-21,000660,KRX,-419491,738512,-337068,51.66,1940000,5096690,Naver Finance,https://m.stock.naver.com/domestic/stock/000660/tradingTrend?marketType=KRX
2026-05-21,000660,NXT,-312031,108439,190147,51.66,1903000,4677035,Naver Finance,https://m.stock.naver.com/domestic/stock/000660/tradingTrend?marketType=NXT
2026-05-22,000660,ALL,-212712,175404,23727,51.61,1941000,5274428,Naver Finance,https://m.stock.naver.com/domestic/stock/000660/tradingTrend?marketType=ALL
2026-05-22,000660,KRX,-158042,152990,1150,51.61,1941000,3135190,Naver Finance,https://m.stock.naver.com/domestic/stock/000660/tradingTrend?marketType=KRX
2026-05-22,000660,NXT,-54670,22414,22577,51.61,1941000,2139238,Naver Finance,https://m.stock.naver.com/domestic/stock/000660/tradingTrend?marketType=NXT
2026-05-26,000660,ALL,42100,421689,-473397,51.62,2090000,8853284,Naver Finance,https://m.stock.naver.com/domestic/stock/000660/tradingTrend?marketType=ALL
2026-05-26,000660,KRX,-108495,386967,-271309,51.62,2052000,4903591,Naver Finance,https://m.stock.naver.com/domestic/stock/000660/tradingTrend?marketType=KRX
2026-05-26,000660,NXT,150595,34722,-202088,51.62,2090000,3949693,Naver Finance,https://m.stock.naver.com/domestic/stock/000660/tradingTrend?marketType=NXT
2026-05-27,000660,ALL,17447,498003,-470116,51.65,2317000,13464180,Naver Finance,https://m.stock.naver.com/domestic/stock/000660/tradingTrend?marketType=ALL
2026-05-27,000660,KRX,-18203,529897,-481602,51.65,2243000,7545783,Naver Finance,https://m.stock.naver.com/domestic/stock/000660/tradingTrend?marketType=KRX
2026-05-27,000660,NXT,35650,-31894,11486,51.65,2317000,5918397,Naver Finance,https://m.stock.naver.com/domestic/stock/000660/tradingTrend?marketType=NXT
2026-05-28,000660,ALL,-945118,58935,828618,51.5,2253000,10642198,Naver Finance,https://m.stock.naver.com/domestic/stock/000660/tradingTrend?marketType=ALL
2026-05-28,000660,KRX,-784789,22893,725316,51.5,2289000,6229499,Naver Finance,https://m.stock.naver.com/domestic/stock/000660/tradingTrend?marketType=KRX
2026-05-28,000660,NXT,-160329,36042,103302,51.5,2253000,4412699,Naver Finance,https://m.stock.naver.com/domestic/stock/000660/tradingTrend?marketType=NXT
2026-05-29,000660,ALL,-467693,12091,446650,51.44,2350000,12279503,Naver Finance,https://m.stock.naver.com/domestic/stock/000660/tradingTrend?marketType=ALL
2026-05-29,000660,KRX,-437330,-42513,473879,51.44,2333000,8518013,Naver Finance,https://m.stock.naver.com/domestic/stock/000660/tradingTrend?marketType=KRX
2026-05-29,000660,NXT,-30363,54604,-27229,51.44,2350000,3761490,Naver Finance,https://m.stock.naver.com/domestic/stock/000660/tradingTrend?marketType=NXT
2026-06-01,000660,ALL,-736238,831686,-86869,51.34,2378000,9321336,Naver Finance,https://m.stock.naver.com/domestic/stock/000660/tradingTrend?marketType=ALL
2026-06-01,000660,KRX,-729059,859988,-125982,51.34,2363000,5602897,Naver Finance,https://m.stock.naver.com/domestic/stock/000660/tradingTrend?marketType=KRX
2026-06-01,000660,NXT,-7179,-28302,39113,51.34,2378000,3718439,Naver Finance,https://m.stock.naver.com/domestic/stock/000660/tradingTrend?marketType=NXT
2026-06-02,000660,ALL,-369454,44317,338595,51.3,2324000,9353674,Naver Finance,https://m.stock.naver.com/domestic/stock/000660/tradingTrend?marketType=ALL
2026-06-02,000660,KRX,-416517,90158,333746,51.3,2360000,5837216,Naver Finance,https://m.stock.naver.com/domestic/stock/000660/tradingTrend?marketType=KRX
2026-06-02,000660,NXT,47063,-45841,4849,51.3,2324000,3516458,Naver Finance,https://m.stock.naver.com/domestic/stock/000660/tradingTrend?marketType=NXT
2026-06-04,000660,ALL,-314607,64521,236929,51.27,2206000,6295315,Naver Finance,https://m.stock.naver.com/domestic/stock/000660/tradingTrend?marketType=ALL
2026-06-04,000660,KRX,-316443,114049,186685,51.27,2298000,3941067,Naver Finance,https://m.stock.naver.com/domestic/stock/000660/tradingTrend?marketType=KRX
2026-06-04,000660,NXT,1836,-49528,50244,51.27,2206000,2354248,Naver Finance,https://m.stock.naver.com/domestic/stock/000660/tradingTrend?marketType=NXT
2026-06-05,000660,ALL,-772291,-791707,1488409,51.16,2072000,10053111,Naver Finance,https://m.stock.naver.com/domestic/stock/000660/tradingTrend?marketType=ALL
2026-06-05,000660,KRX,-606860,-411774,963408,51.16,2070000,5778751,Naver Finance,https://m.stock.naver.com/domestic/stock/000660/tradingTrend?marketType=KRX
2026-06-05,000660,NXT,-165431,-379933,525001,51.16,2072000,4274360,Naver Finance,https://m.stock.naver.com/domestic/stock/000660/tradingTrend?marketType=NXT
2026-06-08,000660,ALL,-123326,-462826,536411,51.15,1978000,12564730,Naver Finance,https://m.stock.naver.com/domestic/stock/000660/tradingTrend?marketType=ALL
2026-06-08,000660,KRX,-154732,-86029,215796,51.15,1911000,6610833,Naver Finance,https://m.stock.naver.com/domestic/stock/000660/tradingTrend?marketType=KRX
2026-06-08,000660,NXT,31406,-376797,320615,51.15,1978000,5953897,Naver Finance,https://m.stock.naver.com/domestic/stock/000660/tradingTrend?marketType=NXT
2026-06-09,000660,ALL,-585807,1010633,-435248,51.09,2236000,9858883,Naver Finance,https://m.stock.naver.com/domestic/stock/000660/tradingTrend?marketType=ALL
2026-06-09,000660,KRX,-626165,854714,-241245,51.09,2215000,5878039,Naver Finance,https://m.stock.naver.com/domestic/stock/000660/tradingTrend?marketType=KRX
2026-06-09,000660,NXT,40358,155919,-194003,51.09,2236000,3980844,Naver Finance,https://m.stock.naver.com/domestic/stock/000660/tradingTrend?marketType=NXT
2026-06-10,000660,ALL,-285774,-744527,993171,51.05,2015000,8284440,Naver Finance,https://m.stock.naver.com/domestic/stock/000660/tradingTrend?marketType=ALL
2026-06-10,000660,KRX,-273910,-702023,947987,51.05,2048000,4928269,Naver Finance,https://m.stock.naver.com/domestic/stock/000660/tradingTrend?marketType=KRX
2026-06-10,000660,NXT,-11864,-42504,45184,51.05,2015000,3356171,Naver Finance,https://m.stock.naver.com/domestic/stock/000660/tradingTrend?marketType=NXT
2026-06-11,000660,ALL,308628,-492486,146349,51.1,2138000,10222548,Naver Finance,https://m.stock.naver.com/domestic/stock/000660/tradingTrend?marketType=ALL
2026-06-11,000660,KRX,260726,-513455,230341,51.1,2101000,6625775,Naver Finance,https://m.stock.naver.com/domestic/stock/000660/tradingTrend?marketType=KRX
2026-06-11,000660,NXT,47902,20969,-83992,51.1,2138000,3596773,Naver Finance,https://m.stock.naver.com/domestic/stock/000660/tradingTrend?marketType=NXT
2026-06-12,000660,ALL,620974,-282567,-312886,51.19,2162000,9508078,Naver Finance,https://m.stock.naver.com/domestic/stock/000660/tradingTrend?marketType=ALL
2026-06-12,000660,KRX,573440,-270178,-276904,51.19,2150000,5286416,Naver Finance,https://m.stock.naver.com/domestic/stock/000660/tradingTrend?marketType=KRX
2026-06-12,000660,NXT,47534,-12389,-35982,51.19,2162000,4221662,Naver Finance,https://m.stock.naver.com/domestic/stock/000660/tradingTrend?marketType=NXT
2026-06-15,000660,ALL,273841,179206,-442762,51.23,2320000,6447007,Naver Finance,https://m.stock.naver.com/domestic/stock/000660/tradingTrend?marketType=ALL
2026-06-15,000660,KRX,180233,165238,-337306,51.23,2288000,3872910,Naver Finance,https://m.stock.naver.com/domestic/stock/000660/tradingTrend?marketType=KRX
2026-06-15,000660,NXT,93608,13968,-105456,51.23,2320000,2574097,Naver Finance,https://m.stock.naver.com/domestic/stock/000660/tradingTrend?marketType=NXT
2026-06-16,000660,ALL,376306,325690,-703704,51.29,2418000,7376318,Naver Finance,https://m.stock.naver.com/domestic/stock/000660/tradingTrend?marketType=ALL
2026-06-16,000660,KRX,351894,238957,-582133,51.29,2382000,3644469,Naver Finance,https://m.stock.naver.com/domestic/stock/000660/tradingTrend?marketType=KRX
2026-06-16,000660,NXT,24412,86733,-121571,51.29,2418000,3731849,Naver Finance,https://m.stock.naver.com/domestic/stock/000660/tradingTrend?marketType=NXT
2026-06-17,000660,ALL,21423,390996,-404666,51.3,2502000,7738593,Naver Finance,https://m.stock.naver.com/domestic/stock/000660/tradingTrend?marketType=ALL
2026-06-17,000660,KRX,74908,341331,-399329,51.3,2521000,3980010,Naver Finance,https://m.stock.naver.com/domestic/stock/000660/tradingTrend?marketType=KRX
2026-06-17,000660,NXT,-53485,49665,-5337,51.3,2502000,3758583,Naver Finance,https://m.stock.naver.com/domestic/stock/000660/tradingTrend?marketType=NXT
2026-06-18,000660,ALL,73858,40773,-65964,51.31,2699000,10003596,Naver Finance,https://m.stock.naver.com/domestic/stock/000660/tradingTrend?marketType=ALL
2026-06-18,000660,KRX,25375,38559,-35111,51.31,2685000,5808765,Naver Finance,https://m.stock.naver.com/domestic/stock/000660/tradingTrend?marketType=KRX
2026-06-18,000660,NXT,48483,2214,-30853,51.31,2699000,4194831,Naver Finance,https://m.stock.naver.com/domestic/stock/000660/tradingTrend?marketType=NXT
2026-06-19,000660,ALL,-441206,199341,270632,51.25,2755000,12451531,Naver Finance,https://m.stock.naver.com/domestic/stock/000660/tradingTrend?marketType=ALL
2026-06-19,000660,KRX,-317848,259188,74603,51.25,2764000,7478195,Naver Finance,https://m.stock.naver.com/domestic/stock/000660/tradingTrend?marketType=KRX
2026-06-19,000660,NXT,-123358,-59847,196029,51.25,2755000,4973336,Naver Finance,https://m.stock.naver.com/domestic/stock/000660/tradingTrend?marketType=NXT
2026-06-22,000660,ALL,-573823,422680,147282,51.15,2959000,9310119,Naver Finance,https://m.stock.naver.com/domestic/stock/000660/tradingTrend?marketType=ALL
2026-06-22,000660,KRX,-502831,419974,75039,51.15,2919000,5179795,Naver Finance,https://m.stock.naver.com/domestic/stock/000660/tradingTrend?marketType=KRX
2026-06-22,000660,NXT,-70992,2706,72243,51.15,2959000,4130324,Naver Finance,https://m.stock.naver.com/domestic/stock/000660/tradingTrend?marketType=NXT
2026-06-23,000660,ALL,-1170137,-1163602,2320149,50.99,2568000,14926616,Naver Finance,https://m.stock.naver.com/domestic/stock/000660/tradingTrend?marketType=ALL
2026-06-23,000660,KRX,-937255,-925092,1858226,50.99,2555000,8050335,Naver Finance,https://m.stock.naver.com/domestic/stock/000660/tradingTrend?marketType=KRX
2026-06-23,000660,NXT,-232882,-238510,461923,50.99,2568000,6876281,Naver Finance,https://m.stock.naver.com/domestic/stock/000660/tradingTrend?marketType=NXT
2026-06-24,000660,ALL,-1553118,319858,1178673,50.78,2653000,13638766,Naver Finance,https://m.stock.naver.com/domestic/stock/000660/tradingTrend?marketType=ALL
2026-06-24,000660,KRX,-1407204,343532,1036807,50.78,2580000,7487916,Naver Finance,https://m.stock.naver.com/domestic/stock/000660/tradingTrend?marketType=KRX
2026-06-24,000660,NXT,-145914,-23674,141866,50.78,2653000,6150850,Naver Finance,https://m.stock.naver.com/domestic/stock/000660/tradingTrend?marketType=NXT
2026-06-25,000660,ALL,82324,1031919,-1075880,50.77,2939000,11611902,Naver Finance,https://m.stock.naver.com/domestic/stock/000660/tradingTrend?marketType=ALL
2026-06-25,000660,KRX,-113276,865177,-716876,50.77,2917000,6790853,Naver Finance,https://m.stock.naver.com/domestic/stock/000660/tradingTrend?marketType=KRX
2026-06-25,000660,NXT,195600,166742,-359004,50.77,2939000,4821049,Naver Finance,https://m.stock.naver.com/domestic/stock/000660/tradingTrend?marketType=NXT
2026-06-26,000660,ALL,-966105,-1182847,2075893,50.63,2700000,11790316,Naver Finance,https://m.stock.naver.com/domestic/stock/000660/tradingTrend?marketType=ALL
2026-06-26,000660,KRX,-847969,-1065176,1864496,50.63,2673000,7467492,Naver Finance,https://m.stock.naver.com/domestic/stock/000660/tradingTrend?marketType=KRX
2026-06-26,000660,NXT,-118136,-117671,211397,50.63,2700000,4322824,Naver Finance,https://m.stock.naver.com/domestic/stock/000660/tradingTrend?marketType=NXT
2026-06-29,000660,ALL,-1404592,237118,1126536,50.44,2622000,7998530,Naver Finance,https://m.stock.naver.com/domestic/stock/000660/tradingTrend?marketType=ALL
2026-06-29,000660,KRX,-1268744,276941,961633,50.44,2628000,5217788,Naver Finance,https://m.stock.naver.com/domestic/stock/000660/tradingTrend?marketType=KRX
2026-06-29,000660,NXT,-135848,-39823,164903,50.44,2622000,2780742,Naver Finance,https://m.stock.naver.com/domestic/stock/000660/tradingTrend?marketType=NXT
2026-06-30,000660,ALL,-531756,320591,196931,50.36,2640000,7544226,Naver Finance,https://m.stock.naver.com/domestic/stock/000660/tradingTrend?marketType=ALL
2026-06-30,000660,KRX,-602006,284306,307584,50.36,2650000,5109213,Naver Finance,https://m.stock.naver.com/domestic/stock/000660/tradingTrend?marketType=KRX
2026-06-30,000660,NXT,70250,36285,-110653,50.36,2640000,2435013,Naver Finance,https://m.stock.naver.com/domestic/stock/000660/tradingTrend?marketType=NXT
2026-07-01,000660,ALL,-79980,-311056,381917,50.4,2551000,6621977,Naver Finance,https://m.stock.naver.com/domestic/stock/000660/tradingTrend?marketType=ALL
2026-07-01,000660,KRX,-3130,-308954,301483,50.4,2560000,4277276,Naver Finance,https://m.stock.naver.com/domestic/stock/000660/tradingTrend?marketType=KRX
2026-07-01,000660,NXT,-76850,-2102,80434,50.4,2551000,2344701,Naver Finance,https://m.stock.naver.com/domestic/stock/000660/tradingTrend?marketType=NXT
2026-07-02,000660,ALL,-695326,-1697232,2284962,50.28,2229000,13108098,Naver Finance,https://m.stock.naver.com/domestic/stock/000660/tradingTrend?marketType=ALL
2026-07-02,000660,KRX,-687600,-1372901,2005417,50.28,2187000,7685914,Naver Finance,https://m.stock.naver.com/domestic/stock/000660/tradingTrend?marketType=KRX
2026-07-02,000660,NXT,-7726,-324331,279545,50.28,2229000,5422184,Naver Finance,https://m.stock.naver.com/domestic/stock/000660/tradingTrend?marketType=NXT
2026-07-03,000660,ALL,-754248,1142123,-417313,50.17,2424000,13038124,Naver Finance,https://m.stock.naver.com/domestic/stock/000660/tradingTrend?marketType=ALL
2026-07-03,000660,KRX,-745377,1071876,-344055,50.17,2425000,7984914,Naver Finance,https://m.stock.naver.com/domestic/stock/000660/tradingTrend?marketType=KRX
2026-07-03,000660,NXT,-8871,70247,-73258,50.17,2424000,5053210,Naver Finance,https://m.stock.naver.com/domestic/stock/000660/tradingTrend?marketType=NXT
2026-07-06,000660,ALL,-69321,-717604,758746,50.17,2347000,6732436,Naver Finance,https://m.stock.naver.com/domestic/stock/000660/tradingTrend?marketType=ALL
2026-07-06,000660,KRX,-27696,-584423,586434,50.17,2343000,4235360,Naver Finance,https://m.stock.naver.com/domestic/stock/000660/tradingTrend?marketType=KRX
2026-07-06,000660,NXT,-41625,-133181,172312,50.17,2347000,2497076,Naver Finance,https://m.stock.naver.com/domestic/stock/000660/tradingTrend?marketType=NXT
2026-07-07,000660,ALL,-595203,-5201,584956,50.06,2167000,10034404,Naver Finance,https://m.stock.naver.com/domestic/stock/000660/tradingTrend?marketType=ALL
2026-07-07,000660,KRX,-542009,-23811,553638,50.06,2201000,6351195,Naver Finance,https://m.stock.naver.com/domestic/stock/000660/tradingTrend?marketType=KRX
2026-07-07,000660,NXT,-53194,18610,31318,50.06,2167000,3683209,Naver Finance,https://m.stock.naver.com/domestic/stock/000660/tradingTrend?marketType=NXT
2026-07-08,000660,ALL,72271,-331502,227045,50.05,2025000,12661365,Naver Finance,https://m.stock.naver.com/domestic/stock/000660/tradingTrend?marketType=ALL
2026-07-08,000660,KRX,88312,-285353,178421,50.05,2076000,6975631,Naver Finance,https://m.stock.naver.com/domestic/stock/000660/tradingTrend?marketType=KRX
2026-07-08,000660,NXT,-16041,-46149,48624,50.05,2025000,5685734,Naver Finance,https://m.stock.naver.com/domestic/stock/000660/tradingTrend?marketType=NXT
2026-07-09,000660,ALL,-110063,503714,-391980,50.01,2253000,10737477,Naver Finance,https://m.stock.naver.com/domestic/stock/000660/tradingTrend?marketType=ALL
2026-07-09,000660,KRX,-209485,404365,-179724,50.01,2186000,6261504,Naver Finance,https://m.stock.naver.com/domestic/stock/000660/tradingTrend?marketType=KRX
2026-07-09,000660,NXT,99422,99349,-212256,50.01,2253000,4475973,Naver Finance,https://m.stock.naver.com/domestic/stock/000660/tradingTrend?marketType=NXT
2026-07-10,000660,ALL,-937808,150913,788510,49.87,2201000,8177226,Naver Finance,https://m.stock.naver.com/domestic/stock/000660/tradingTrend?marketType=ALL
2026-07-10,000660,KRX,-768843,204193,550090,49.87,2180000,4827239,Naver Finance,https://m.stock.naver.com/domestic/stock/000660/tradingTrend?marketType=KRX
2026-07-10,000660,NXT,-168965,-53280,238420,49.87,2201000,3349987,Naver Finance,https://m.stock.naver.com/domestic/stock/000660/tradingTrend?marketType=NXT
2026-07-13,000660,ALL,-622946,-989041,1569061,49.77,1828000,14566946,Naver Finance,https://m.stock.naver.com/domestic/stock/000660/tradingTrend?marketType=ALL
2026-07-13,000660,KRX,-704671,-781727,1440630,49.77,1845000,8040043,Naver Finance,https://m.stock.naver.com/domestic/stock/000660/tradingTrend?marketType=KRX
2026-07-13,000660,NXT,81725,-207314,128431,49.77,1828000,6526903,Naver Finance,https://m.stock.naver.com/domestic/stock/000660/tradingTrend?marketType=NXT
2026-07-14,000660,ALL,940338,844666,-1784353,49.88,1941000,18058052,Naver Finance,https://m.stock.naver.com/domestic/stock/000660/tradingTrend?marketType=ALL
2026-07-14,000660,KRX,664541,697670,-1357280,49.88,1913000,10447011,Naver Finance,https://m.stock.naver.com/domestic/stock/000660/tradingTrend?marketType=KRX
2026-07-14,000660,NXT,275797,146996,-427073,49.88,1941000,7611041,Naver Finance,https://m.stock.naver.com/domestic/stock/000660/tradingTrend?marketType=NXT
2026-07-15,000660,ALL,394113,179750,-573722,52.44,2022000,11008658,Naver Finance,https://m.stock.naver.com/domestic/stock/000660/tradingTrend?marketType=ALL
2026-07-15,000660,KRX,331145,265930,-582862,52.44,2082000,6046951,Naver Finance,https://m.stock.naver.com/domestic/stock/000660/tradingTrend?marketType=KRX
2026-07-15,000660,NXT,62968,-86180,9140,52.44,2022000,4961707,Naver Finance,https://m.stock.naver.com/domestic/stock/000660/tradingTrend?marketType=NXT
2026-07-16,000660,ALL,-540600,-932383,1421865,52.37,1830000,9472935,Naver Finance,https://m.stock.naver.com/domestic/stock/000660/tradingTrend?marketType=ALL
2026-07-16,000660,KRX,-469637,-628785,1067656,52.37,1842000,5608812,Naver Finance,https://m.stock.naver.com/domestic/stock/000660/tradingTrend?marketType=KRX
2026-07-16,000660,NXT,-70963,-303598,354209,52.37,1830000,3864123,Naver Finance,https://m.stock.naver.com/domestic/stock/000660/tradingTrend?marketType=NXT
2026-07-20,000660,ALL,244735,-695194,420983,52.4,1841000,9769183,Naver Finance,https://m.stock.naver.com/domestic/stock/000660/tradingTrend?marketType=ALL
2026-07-20,000660,KRX,331597,-527040,180897,52.4,1764000,5876444,Naver Finance,https://m.stock.naver.com/domestic/stock/000660/tradingTrend?marketType=KRX
2026-07-20,000660,NXT,-86862,-168154,240086,52.4,1841000,3892739,Naver Finance,https://m.stock.naver.com/domestic/stock/000660/tradingTrend?marketType=NXT
2026-07-21,000660,ALL,-126746,359846,-212093,52.39,1872000,7912276,Naver Finance,https://m.stock.naver.com/domestic/stock/000660/tradingTrend?marketType=ALL
2026-07-21,000660,KRX,-237417,366154,-116422,52.39,1836000,4639208,Naver Finance,https://m.stock.naver.com/domestic/stock/000660/tradingTrend?marketType=KRX
2026-07-21,000660,NXT,110671,-6308,-95671,52.39,1872000,3273068,Naver Finance,https://m.stock.naver.com/domestic/stock/000660/tradingTrend?marketType=NXT
2026-07-22,000660,ALL,753858,-603028,-170991,52.5,1830000,8308202,Naver Finance,https://m.stock.naver.com/domestic/stock/000660/tradingTrend?marketType=ALL
2026-07-22,000660,KRX,640418,-564978,-85833,52.5,1830000,4802637,Naver Finance,https://m.stock.naver.com/domestic/stock/000660/tradingTrend?marketType=KRX
2026-07-22,000660,NXT,113440,-38050,-85158,52.5,1830000,3505565,Naver Finance,https://m.stock.naver.com/domestic/stock/000660/tradingTrend?marketType=NXT
2026-07-23,000660,ALL,689098,-173094,-504751,52.6,1947000,7118367,Naver Finance,https://m.stock.naver.com/domestic/stock/000660/tradingTrend?marketType=ALL
2026-07-23,000660,KRX,689697,-148136,-529529,52.6,1919000,4119477,Naver Finance,https://m.stock.naver.com/domestic/stock/000660/tradingTrend?marketType=KRX
2026-07-23,000660,NXT,-599,-24958,24778,52.6,1947000,2998890,Naver Finance,https://m.stock.naver.com/domestic/stock/000660/tradingTrend?marketType=NXT
